patient_id,order,identical_retrieved_chunks,identical_patient_profiles,identical_bounds_within_tolerance,identical_decisions,chroma_retrieval_s,chroma_bound_generation_s,chroma_proof_s,chroma_total_workflow_s,chroma_sources,chroma_generated_candidates,chroma_bounds,chroma_proof_verified,chroma_proof,chroma_final_decision,chroma_error,chroma_error_stage,direct_retrieval_s,direct_bound_generation_s,direct_proof_s,direct_total_workflow_s,direct_sources,direct_generated_candidates,direct_bounds,direct_proof_verified,direct_proof,direct_final_decision,direct_error,direct_error_stage
100001,1,True,True,True,True,1.6480687000002945,5.583923799997137,0.14603649999844492,7.4364129999994475,"[[""Hypertension guideline.pdf"", ""Hypertension guideline.pdf"", ""Hypertension guideline.pdf""]]","[{""parameter"": ""systolic_bp"", ""min"": 120, ""max"": 130}]","[{""parameter"": ""systolic_bp"", ""min"": 120, ""max"": 130}]",False,"{""status"": ""ALERT"", ""verified"": false, ""proof_type"": ""Bulletproofs"", ""public_bounds"": {""min"": 120, ""max"": 130, ""parameter"": ""systolic_bp""}, ""reason"": ""device reports reading outside range; no range proof was produced""}","{""status"": ""OUT_OF_RANGE"", ""message"": ""Device reported a reading outside the selected range; clinical review is needed.""}",,,1.634020800000144,5.520917600002576,0.03605550000065705,7.2440857000001415,"[[""Hypertension guideline.pdf"", ""Hypertension guideline.pdf"", ""Hypertension guideline.pdf""]]","[{""parameter"": ""systolic_bp"", ""min"": 120, ""max"": 130}]","[{""parameter"": ""systolic_bp"", ""min"": 120, ""max"": 130}]",False,"{""status"": ""ALERT"", ""verified"": false, ""proof_type"": ""Bulletproofs"", ""public_bounds"": {""min"": 120, ""max"": 130, ""parameter"": ""systolic_bp""}, ""reason"": ""device reports reading outside range; no range proof was produced""}","{""status"": ""OUT_OF_RANGE"", ""message"": ""Device reported a reading outside the selected range; clinical review is needed.""}",,
100002,2,True,True,True,True,0.30971450000288314,13.92831749999823,0.03093789999911678,14.297185600000375,"[[""Hypertension guideline.pdf"", ""Hypertension guideline.pdf"", ""Hypertension guideline.pdf""]]","[{""parameter"": ""systolic_bp"", ""min"": 120, ""max"": 140}]","[{""parameter"": ""systolic_bp"", ""min"": 120, ""max"": 140}]",False,"{""status"": ""ALERT"", ""verified"": false, ""proof_type"": ""Bulletproofs"", ""public_bounds"": {""min"": 120, ""max"": 140, ""parameter"": ""systolic_bp""}, ""reason"": ""device reports reading outside range; no range proof was produced""}","{""status"": ""OUT_OF_RANGE"", ""message"": ""Device reported a reading outside the selected range; clinical review is needed.""}",,,0.15842690000135917,14.972390799997811,0.03213580000010552,15.215652599999885,"[[""Hypertension guideline.pdf"", ""Hypertension guideline.pdf"", ""Hypertension guideline.pdf""]]","[{""parameter"": ""systolic_bp"", ""min"": 120, ""max"": 140}]","[{""parameter"": ""systolic_bp"", ""min"": 120, ""max"": 140}]",False,"{""status"": ""ALERT"", ""verified"": false, ""proof_type"": ""Bulletproofs"", ""public_bounds"": {""min"": 120, ""max"": 140, ""parameter"": ""systolic_bp""}, ""reason"": ""device reports reading outside range; no range proof was produced""}","{""status"": ""OUT_OF_RANGE"", ""message"": ""Device reported a reading outside the selected range; clinical review is needed.""}",,
100003,3,True,True,True,True,0.3251529000008304,12.862770399999135,0.02822609999930137,13.24298970000018,"[[""Hypertension guideline.pdf"", ""Hypertension guideline.pdf"", ""Hypertension guideline.pdf""]]","[{""parameter"": ""systolic_bp"", ""min"": 130, ""max"": 139}]","[{""parameter"": ""systolic_bp"", ""min"": 130, ""max"": 139}]",False,"{""status"": ""ALERT"", ""verified"": false, ""proof_type"": ""Bulletproofs"", ""public_bounds"": {""min"": 130, ""max"": 139, ""parameter"": ""systolic_bp""}, ""reason"": ""device reports reading outside range; no range proof was produced""}","{""status"": ""OUT_OF_RANGE"", ""message"": ""Device reported a reading outside the selected range; clinical review is needed.""}",,,0.24322659999961616,13.485729799998808,0.03243560000191792,13.791364500000782,"[[""Hypertension guideline.pdf"", ""Hypertension guideline.pdf"", ""Hypertension guideline.pdf""]]","[{""parameter"": ""systolic_bp"", ""min"": 130, ""max"": 139}]","[{""parameter"": ""systolic_bp"", ""min"": 130, ""max"": 139}]",False,"{""status"": ""ALERT"", ""verified"": false, ""proof_type"": ""Bulletproofs"", ""public_bounds"": {""min"": 130, ""max"": 139, ""parameter"": ""systolic_bp""}, ""reason"": ""device reports reading outside range; no range proof was produced""}","{""status"": ""OUT_OF_RANGE"", ""message"": ""Device reported a reading outside the selected range; clinical review is needed.""}",,
100004,4,True,True,True,True,0.35104019999926095,17.15934180000113,0.033063299997593276,17.573588900002505,"[[""Heart Failure guideline.pdf"", ""Heart Failure guideline.pdf"", ""Heart Failure guideline.pdf""]]","[{""parameter"": ""heart_rate"", ""min"": 60, ""max"": 100}]","[{""parameter"": ""heart_rate"", ""min"": 60, ""max"": 100}]",False,"{""status"": ""ALERT"", ""verified"": false, ""proof_type"": ""Bulletproofs"", ""public_bounds"": {""min"": 60, ""max"": 100, ""parameter"": ""heart_rate""}, ""reason"": ""device reports reading outside range; no range proof was produced""}","{""status"": ""OUT_OF_RANGE"", ""message"": ""Device reported a reading outside the selected range; clinical review is needed.""}",,,0.1979477000022598,17.545135599997593,0.0369064000005892,17.811066400001437,"[[""Heart Failure guideline.pdf"", ""Heart Failure guideline.pdf"", ""Heart Failure guideline.pdf""]]","[{""parameter"": ""heart_rate"", ""min"": 60, ""max"": 100}]","[{""parameter"": ""heart_rate"", ""min"": 60, ""max"": 100}]",False,"{""status"": ""ALERT"", ""verified"": false, ""proof_type"": ""Bulletproofs"", ""public_bounds"": {""min"": 60, ""max"": 100, ""parameter"": ""heart_rate""}, ""reason"": ""device reports reading outside range; no range proof was produced""}","{""status"": ""OUT_OF_RANGE"", ""message"": ""Device reported a reading outside the selected range; clinical review is needed.""}",,
100005,5,True,True,,,0.19163079999998445,12.451891500000784,,12.724946900001669,"[[""Hypertension guideline.pdf"", ""Heart Failure guideline.pdf"", ""Hypertension guideline.pdf""]]","[{""parameter"": ""blood_pressure"", ""min"": 90, ""max"": 120}]",,,,,"RuntimeError: Tool run_cdss failed: {'error': 'Tool generate_policy failed: {\'error\': ""Unsupported model parameter: \'blood_pressure\'""}'}",bounds,0.20807580000109738,13.343058800001018,,13.582160900001327,"[[""Hypertension guideline.pdf"", ""Heart Failure guideline.pdf"", ""Hypertension guideline.pdf""]]","[{""parameter"": ""blood_pressure"", ""min"": 90, ""max"": 120}]",,,,,"RuntimeError: Tool run_cdss failed: {'error': 'Tool generate_policy failed: {\'error\': ""Unsupported model parameter: \'blood_pressure\'""}'}",bounds
100006,6,True,True,True,True,0.18647430000055465,14.99519379999765,0.03008860000045388,15.247118300001603,"[[""Hypertension guideline.pdf"", ""Hypertension guideline.pdf"", ""Hypertension guideline.pdf""]]","[{""parameter"": ""systolic_bp"", ""min"": 120, ""max"": 140}]","[{""parameter"": ""systolic_bp"", ""min"": 120, ""max"": 140}]",False,"{""status"": ""ALERT"", ""verified"": false, ""proof_type"": ""Bulletproofs"", ""public_bounds"": {""min"": 120, ""max"": 140, ""parameter"": ""systolic_bp""}, ""reason"": ""device reports reading outside range; no range proof was produced""}","{""status"": ""OUT_OF_RANGE"", ""message"": ""Device reported a reading outside the selected range; clinical review is needed.""}",,,0.21894760000213864,16.01078039999993,0.027442900001915405,16.291535600001225,"[[""Hypertension guideline.pdf"", ""Hypertension guideline.pdf"", ""Hypertension guideline.pdf""]]","[{""parameter"": ""systolic_bp"", ""min"": 120, ""max"": 140}]","[{""parameter"": ""systolic_bp"", ""min"": 120, ""max"": 140}]",False,"{""status"": ""ALERT"", ""verified"": false, ""proof_type"": ""Bulletproofs"", ""public_bounds"": {""min"": 120, ""max"": 140, ""parameter"": ""systolic_bp""}, ""reason"": ""device reports reading outside range; no range proof was produced""}","{""status"": ""OUT_OF_RANGE"", ""message"": ""Device reported a reading outside the selected range; clinical review is needed.""}",,
100007,7,True,True,True,True,0.1538362999999663,15.133137599998008,0.0749154000004637,15.505708900000172,"[[""Hypertension guideline.pdf"", ""Heart Failure guideline.pdf"", ""Hypertension guideline.pdf""]]","[{""parameter"": ""systolic_bp"", ""min"": 120, ""max"": 130}]","[{""parameter"": ""systolic_bp"", ""min"": 120, ""max"": 130}]",False,"{""status"": ""ALERT"", ""verified"": false, ""proof_type"": ""Bulletproofs"", ""public_bounds"": {""min"": 120, ""max"": 130, ""parameter"": ""systolic_bp""}, ""reason"": ""device reports reading outside range; no range proof was produced""}","{""status"": ""OUT_OF_RANGE"", ""message"": ""Device reported a reading outside the selected range; clinical review is needed.""}",,,0.11398279999775696,16.277123100004246,0.033738199999788776,16.468245700001717,"[[""Hypertension guideline.pdf"", ""Heart Failure guideline.pdf"", ""Hypertension guideline.pdf""]]","[{""parameter"": ""systolic_bp"", ""min"": 120, ""max"": 130}]","[{""parameter"": ""systolic_bp"", ""min"": 120, ""max"": 130}]",False,"{""status"": ""ALERT"", ""verified"": false, ""proof_type"": ""Bulletproofs"", ""public_bounds"": {""min"": 120, ""max"": 130, ""parameter"": ""systolic_bp""}, ""reason"": ""device reports reading outside range; no range proof was produced""}","{""status"": ""OUT_OF_RANGE"", ""message"": ""Device reported a reading outside the selected range; clinical review is needed.""}",,
100008,8,True,True,True,True,0.13582789999782108,13.116053600002488,0.029364699999860022,13.31082570000217,"[[""Hypertension guideline.pdf"", ""Hypertension guideline.pdf"", ""Hypertension guideline.pdf""]]","[{""parameter"": ""systolic_bp"", ""min"": 130, ""max"": 139}]","[{""parameter"": ""systolic_bp"", ""min"": 130, ""max"": 139}]",False,"{""status"": ""ALERT"", ""verified"": false, ""proof_type"": ""Bulletproofs"", ""public_bounds"": {""min"": 130, ""max"": 139, ""parameter"": ""systolic_bp""}, ""reason"": ""device reports reading outside range; no range proof was produced""}","{""status"": ""OUT_OF_RANGE"", ""message"": ""Device reported a reading outside the selected range; clinical review is needed.""}",,,0.11996690000160015,14.408778499997425,0.033520799999678275,14.592560799999774,"[[""Hypertension guideline.pdf"", ""Hypertension guideline.pdf"", ""Hypertension guideline.pdf""]]","[{""parameter"": ""systolic_bp"", ""min"": 130, ""max"": 139}]","[{""parameter"": ""systolic_bp"", ""min"": 130, ""max"": 139}]",False,"{""status"": ""ALERT"", ""verified"": false, ""proof_type"": ""Bulletproofs"", ""public_bounds"": {""min"": 130, ""max"": 139, ""parameter"": ""systolic_bp""}, ""reason"": ""device reports reading outside range; no range proof was produced""}","{""status"": ""OUT_OF_RANGE"", ""message"": ""Device reported a reading outside the selected range; clinical review is needed.""}",,
100009,9,True,True,,,0.3813826000005065,13.161169099996187,,13.563457500000368,"[[""Diabetes guideline.pdf"", ""Diabetes guideline.pdf"", ""Diabetes guideline.pdf""]]","[{""parameter"": ""BMI"", ""min"": 18.5, ""max"": 24.9}]",,,,,"RuntimeError: Tool run_cdss failed: {'error': 'Tool generate_policy failed: {\'error\': ""Unsupported model parameter: \'BMI\'""}'}",bounds,0.10630790000141133,14.43112569999721,,14.562480900000082,"[[""Diabetes guideline.pdf"", ""Diabetes guideline.pdf"", ""Diabetes guideline.pdf""]]","[{""parameter"": ""BMI"", ""min"": 18.5, ""max"": 24.9}]",,,,,"RuntimeError: Tool run_cdss failed: {'error': 'Tool generate_policy failed: {\'error\': ""Unsupported model parameter: \'BMI\'""}'}",bounds
100010,10,True,True,True,True,0.25532139999995707,15.138004500000534,0.12240509999901406,15.545678900001803,"[[""Hypertension guideline.pdf"", ""Heart Failure guideline.pdf"", ""Hypertension guideline.pdf""]]","[{""parameter"": ""systolic_bp"", ""min"": 120, ""max"": 130}]","[{""parameter"": ""systolic_bp"", ""min"": 120, ""max"": 130}]",False,"{""status"": ""ALERT"", ""verified"": false, ""proof_type"": ""Bulletproofs"", ""public_bounds"": {""min"": 120, ""max"": 130, ""parameter"": ""systolic_bp""}, ""reason"": ""device reports reading outside range; no range proof was produced""}","{""status"": ""OUT_OF_RANGE"", ""message"": ""Device reported a reading outside the selected range; clinical review is needed.""}",,,0.11322320000181207,15.890862500000367,0.030322500002512243,16.066108399998484,"[[""Hypertension guideline.pdf"", ""Heart Failure guideline.pdf"", ""Hypertension guideline.pdf""]]","[{""parameter"": ""systolic_bp"", ""min"": 120, ""max"": 130}]","[{""parameter"": ""systolic_bp"", ""min"": 120, ""max"": 130}]",False,"{""status"": ""ALERT"", ""verified"": false, ""proof_type"": ""Bulletproofs"", ""public_bounds"": {""min"": 120, ""max"": 130, ""parameter"": ""systolic_bp""}, ""reason"": ""device reports reading outside range; no range proof was produced""}","{""status"": ""OUT_OF_RANGE"", ""message"": ""Device reported a reading outside the selected range; clinical review is needed.""}",,
100011,11,True,True,True,True,0.2602134000007936,15.167800600000191,0.027273199997580377,15.484352199997375,"[[""Heart Failure guideline.pdf"", ""Heart Failure guideline.pdf"", ""Heart Failure guideline.pdf""]]","[{""parameter"": ""systolic_bp"", ""min"": 90, ""max"": 120}]","[{""parameter"": ""systolic_bp"", ""min"": 90, ""max"": 120}]",False,"{""status"": ""ALERT"", ""verified"": false, ""proof_type"": ""Bulletproofs"", ""public_bounds"": {""min"": 90, ""max"": 120, ""parameter"": ""systolic_bp""}, ""reason"": ""device reports reading outside range; no range proof was produced""}","{""status"": ""OUT_OF_RANGE"", ""message"": ""Device reported a reading outside the selected range; clinical review is needed.""}",,,0.10218539999914356,16.369060900000477,0.025594400001864415,16.54524020000099,"[[""Heart Failure guideline.pdf"", ""Heart Failure guideline.pdf"", ""Heart Failure guideline.pdf""]]","[{""parameter"": ""systolic_bp"", ""min"": 90, ""max"": 120}]","[{""parameter"": ""systolic_bp"", ""min"": 90, ""max"": 120}]",False,"{""status"": ""ALERT"", ""verified"": false, ""proof_type"": ""Bulletproofs"", ""public_bounds"": {""min"": 90, ""max"": 120, ""parameter"": ""systolic_bp""}, ""reason"": ""device reports reading outside range; no range proof was produced""}","{""status"": ""OUT_OF_RANGE"", ""message"": ""Device reported a reading outside the selected range; clinical review is needed.""}",,
100012,12,True,True,,,0.34164549999695737,13.831786000006105,,14.19412359999842,"[[""Diabetes guideline.pdf"", ""Hypertension guideline.pdf"", ""Hypertension guideline.pdf""]]","[{""parameter"": ""peak_flow"", ""min"": 300, ""max"": 400}]",,,,,"RuntimeError: Tool run_cdss failed: {'error': 'Tool generate_policy failed: {\'error\': ""Unsupported model parameter: \'peak_flow\'""}'}",bounds,0.19431660000191187,14.905054999999265,,15.124045299999125,"[[""Diabetes guideline.pdf"", ""Hypertension guideline.pdf"", ""Hypertension guideline.pdf""]]","[{""parameter"": ""peak_flow"", ""min"": 300, ""max"": 400}]",,,,,"RuntimeError: Tool run_cdss failed: {'error': 'Tool generate_policy failed: {\'error\': ""Unsupported model parameter: \'peak_flow\'""}'}",bounds
100013,13,True,True,True,True,0.4186769000007189,13.318441899999016,0.1680311999989499,13.937030299999606,"[[""Hypertension guideline.pdf"", ""Hypertension guideline.pdf"", ""Hypertension guideline.pdf""]]","[{""parameter"": ""systolic_bp"", ""min"": 120, ""max"": 130}]","[{""parameter"": ""systolic_bp"", ""min"": 120, ""max"": 130}]",False,"{""status"": ""ALERT"", ""verified"": false, ""proof_type"": ""Bulletproofs"", ""public_bounds"": {""min"": 120, ""max"": 130, ""parameter"": ""systolic_bp""}, ""reason"": ""device reports reading outside range; no range proof was produced""}","{""status"": ""OUT_OF_RANGE"", ""message"": ""Device reported a reading outside the selected range; clinical review is needed.""}",,,0.4488960999988194,14.75030759999936,0.12634950000210665,15.381200399999216,"[[""Hypertension guideline.pdf"", ""Hypertension guideline.pdf"", ""Hypertension guideline.pdf""]]","[{""parameter"": ""systolic_bp"", ""min"": 120, ""max"": 130}]","[{""parameter"": ""systolic_bp"", ""min"": 120, ""max"": 130}]",False,"{""status"": ""ALERT"", ""verified"": false, ""proof_type"": ""Bulletproofs"", ""public_bounds"": {""min"": 120, ""max"": 130, ""parameter"": ""systolic_bp""}, ""reason"": ""device reports reading outside range; no range proof was produced""}","{""status"": ""OUT_OF_RANGE"", ""message"": ""Device reported a reading outside the selected range; clinical review is needed.""}",,
100014,14,True,True,,,0.1947440000003553,12.822890900002676,,13.039221499999258,"[[""Hypertension guideline.pdf"", ""Heart Failure guideline.pdf"", ""Hypertension guideline.pdf""]]","[{""parameter"": ""blood_pressure"", ""min"": 120, ""max"": 130}]",,,,,"RuntimeError: Tool run_cdss failed: {'error': 'Tool generate_policy failed: {\'error\': ""Unsupported model parameter: \'blood_pressure\'""}'}",bounds,0.15699880000101984,13.781012599996757,,13.961808199997904,"[[""Hypertension guideline.pdf"", ""Heart Failure guideline.pdf"", ""Hypertension guideline.pdf""]]","[{""parameter"": ""blood_pressure"", ""min"": 120, ""max"": 130}]",,,,,"RuntimeError: Tool run_cdss failed: {'error': 'Tool generate_policy failed: {\'error\': ""Unsupported model parameter: \'blood_pressure\'""}'}",bounds
100015,15,True,True,,,0.2732361000016681,12.683212299998559,,12.983694200000173,"[[""Hypertension guideline.pdf"", ""Heart Failure guideline.pdf"", ""Hypertension guideline.pdf""]]","[{""parameter"": ""blood_pressure"", ""min"": 120, ""max"": 130}]",,,,,"RuntimeError: Tool run_cdss failed: {'error': 'Tool generate_policy failed: {\'error\': ""Unsupported model parameter: \'blood_pressure\'""}'}",bounds,0.336242499997752,13.432806400003756,,13.798476500000106,"[[""Hypertension guideline.pdf"", ""Heart Failure guideline.pdf"", ""Hypertension guideline.pdf""]]","[{""parameter"": ""blood_pressure"", ""min"": 120, ""max"": 130}]",,,,,"RuntimeError: Tool run_cdss failed: {'error': 'Tool generate_policy failed: {\'error\': ""Unsupported model parameter: \'blood_pressure\'""}'}",bounds
100016,16,True,True,True,True,0.16715489999842248,15.151712500002759,0.04100079999989248,15.41208639999968,"[[""Hypertension guideline.pdf"", ""Hypertension guideline.pdf"", ""Hypertension guideline.pdf""]]","[{""parameter"": ""systolic_bp"", ""min"": 120, ""max"": 140}]","[{""parameter"": ""systolic_bp"", ""min"": 120, ""max"": 140}]",False,"{""status"": ""ALERT"", ""verified"": false, ""proof_type"": ""Bulletproofs"", ""public_bounds"": {""min"": 120, ""max"": 140, ""parameter"": ""systolic_bp""}, ""reason"": ""device reports reading outside range; no range proof was produced""}","{""status"": ""OUT_OF_RANGE"", ""message"": ""Device reported a reading outside the selected range; clinical review is needed.""}",,,0.20616090000112308,15.685016299998097,0.04082410000046366,15.962085700000898,"[[""Hypertension guideline.pdf"", ""Hypertension guideline.pdf"", ""Hypertension guideline.pdf""]]","[{""parameter"": ""systolic_bp"", ""min"": 120, ""max"": 140}]","[{""parameter"": ""systolic_bp"", ""min"": 120, ""max"": 140}]",False,"{""status"": ""ALERT"", ""verified"": false, ""proof_type"": ""Bulletproofs"", ""public_bounds"": {""min"": 120, ""max"": 140, ""parameter"": ""systolic_bp""}, ""reason"": ""device reports reading outside range; no range proof was produced""}","{""status"": ""OUT_OF_RANGE"", ""message"": ""Device reported a reading outside the selected range; clinical review is needed.""}",,
100017,17,True,True,,,0.3110699000026216,12.80286409999826,,13.140593399999489,"[[""Hypertension guideline.pdf"", ""Heart Failure guideline.pdf"", ""Hypertension guideline.pdf""]]","[{""parameter"": ""blood_pressure"", ""min"": 120, ""max"": 130}]",,,,,"RuntimeError: Tool run_cdss failed: {'error': 'Tool generate_policy failed: {\'error\': ""Unsupported model parameter: \'blood_pressure\'""}'}",bounds,0.22536740000214195,13.041695699997945,,13.292853599999944,"[[""Hypertension guideline.pdf"", ""Heart Failure guideline.pdf"", ""Hypertension guideline.pdf""]]","[{""parameter"": ""blood_pressure"", ""min"": 120, ""max"": 130}]",,,,,"RuntimeError: Tool run_cdss failed: {'error': 'Tool generate_policy failed: {\'error\': ""Unsupported model parameter: \'blood_pressure\'""}'}",bounds
100018,18,True,True,True,True,0.17401189999873168,15.88022379999893,0.03203209999992396,16.11796200000026,"[[""Heart Failure guideline.pdf"", ""Heart Failure guideline.pdf"", ""Heart Failure guideline.pdf""]]","[{""parameter"": ""systolic_bp"", ""min"": 120, ""max"": 130}]","[{""parameter"": ""systolic_bp"", ""min"": 120, ""max"": 130}]",False,"{""status"": ""ALERT"", ""verified"": false, ""proof_type"": ""Bulletproofs"", ""public_bounds"": {""min"": 120, ""max"": 130, ""parameter"": ""systolic_bp""}, ""reason"": ""device reports reading outside range; no range proof was produced""}","{""status"": ""OUT_OF_RANGE"", ""message"": ""Device reported a reading outside the selected range; clinical review is needed.""}",,,0.13566519999949378,16.33342029999767,0.029963299999508308,16.65228190000198,"[[""Heart Failure guideline.pdf"", ""Heart Failure guideline.pdf"", ""Heart Failure guideline.pdf""]]","[{""parameter"": ""systolic_bp"", ""min"": 120, ""max"": 130}]","[{""parameter"": ""systolic_bp"", ""min"": 120, ""max"": 130}]",False,"{""status"": ""ALERT"", ""verified"": false, ""proof_type"": ""Bulletproofs"", ""public_bounds"": {""min"": 120, ""max"": 130, ""parameter"": ""systolic_bp""}, ""reason"": ""device reports reading outside range; no range proof was produced""}","{""status"": ""OUT_OF_RANGE"", ""message"": ""Device reported a reading outside the selected range; clinical review is needed.""}",,
100019,19,True,True,True,True,0.2741133000017726,17.23733319999883,0.05049670000153128,17.593639700000494,"[[""Heart Failure guideline.pdf"", ""Heart Failure guideline.pdf"", ""Heart Failure guideline.pdf""]]","[{""parameter"": ""heart_rate"", ""min"": 60, ""max"": 100}]","[{""parameter"": ""heart_rate"", ""min"": 60, ""max"": 100}]",False,"{""status"": ""ALERT"", ""verified"": false, ""proof_type"": ""Bulletproofs"", ""public_bounds"": {""min"": 60, ""max"": 100, ""parameter"": ""heart_rate""}, ""reason"": ""device reports reading outside range; no range proof was produced""}","{""status"": ""OUT_OF_RANGE"", ""message"": ""Device reported a reading outside the selected range; clinical review is needed.""}",,,0.16062729999976,17.402694199998223,0.027217700000619516,17.624421699998493,"[[""Heart Failure guideline.pdf"", ""Heart Failure guideline.pdf"", ""Heart Failure guideline.pdf""]]","[{""parameter"": ""heart_rate"", ""min"": 60, ""max"": 100}]","[{""parameter"": ""heart_rate"", ""min"": 60, ""max"": 100}]",False,"{""status"": ""ALERT"", ""verified"": false, ""proof_type"": ""Bulletproofs"", ""public_bounds"": {""min"": 60, ""max"": 100, ""parameter"": ""heart_rate""}, ""reason"": ""device reports reading outside range; no range proof was produced""}","{""status"": ""OUT_OF_RANGE"", ""message"": ""Device reported a reading outside the selected range; clinical review is needed.""}",,
100020,20,True,True,True,True,0.2828687000001082,14.60862410000118,0.03334589999940363,14.959568800000852,"[[""Hypertension guideline.pdf"", ""Hypertension guideline.pdf"", ""Hypertension guideline.pdf""]]","[{""parameter"": ""systolic_bp"", ""min"": 90, ""max"": 120}]","[{""parameter"": ""systolic_bp"", ""min"": 90, ""max"": 120}]",False,"{""status"": ""ALERT"", ""verified"": false, ""proof_type"": ""Bulletproofs"", ""public_bounds"": {""min"": 90, ""max"": 120, ""parameter"": ""systolic_bp""}, ""reason"": ""device reports reading outside range; no range proof was produced""}","{""status"": ""OUT_OF_RANGE"", ""message"": ""Device reported a reading outside the selected range; clinical review is needed.""}",,,0.15990070000043488,14.582596100000956,0.028546599998662714,14.797752899998159,"[[""Hypertension guideline.pdf"", ""Hypertension guideline.pdf"", ""Hypertension guideline.pdf""]]","[{""parameter"": ""systolic_bp"", ""min"": 90, ""max"": 120}]","[{""parameter"": ""systolic_bp"", ""min"": 90, ""max"": 120}]",False,"{""status"": ""ALERT"", ""verified"": false, ""proof_type"": ""Bulletproofs"", ""public_bounds"": {""min"": 90, ""max"": 120, ""parameter"": ""systolic_bp""}, ""reason"": ""device reports reading outside range; no range proof was produced""}","{""status"": ""OUT_OF_RANGE"", ""message"": ""Device reported a reading outside the selected range; clinical review is needed.""}",,
100021,21,True,True,True,True,0.19565460000012536,14.327885900002002,0.12333760000183247,14.675647399999434,"[[""Hypertension guideline.pdf"", ""Hypertension guideline.pdf"", ""Hypertension guideline.pdf""]]","[{""parameter"": ""systolic_bp"", ""min"": 120, ""max"": 140}]","[{""parameter"": ""systolic_bp"", ""min"": 120, ""max"": 140}]",True,"{""status"": ""NORMAL"", ""verified"": true, ""proof_type"": ""Bulletproofs"", ""public_bounds"": {""min"": 120, ""max"": 140, ""parameter"": ""systolic_bp""}, ""proof_size_bytes"": 800, ""prove_ms"": 49.785, ""verify_ms"": 4.284, ""zkp_process_ms"": 118.11129999841796, ""zkp_prove_ms"": 49.785, ""zkp_verify_ms"": 4.284}","{""status"": ""IN_RANGE"", ""message"": ""Verified reading(s) are within the selected range(s).""}",,,0.16532079999888083,14.832184700000653,0.11030050000044866,15.13896830000158,"[[""Hypertension guideline.pdf"", ""Hypertension guideline.pdf"", ""Hypertension guideline.pdf""]]","[{""parameter"": ""systolic_bp"", ""min"": 120, ""max"": 140}]","[{""parameter"": ""systolic_bp"", ""min"": 120, ""max"": 140}]",True,"{""status"": ""NORMAL"", ""verified"": true, ""proof_type"": ""Bulletproofs"", ""public_bounds"": {""min"": 120, ""max"": 140, ""parameter"": ""systolic_bp""}, ""proof_size_bytes"": 800, ""prove_ms"": 40.833, ""verify_ms"": 5.376, ""zkp_process_ms"": 104.32900000159862, ""zkp_prove_ms"": 40.833, ""zkp_verify_ms"": 5.376}","{""status"": ""IN_RANGE"", ""message"": ""Verified reading(s) are within the selected range(s).""}",,
100022,22,True,True,,,0.23928470000100788,13.328697899996769,,13.593482599997515,"[[""Diabetes guideline.pdf"", ""Diabetes guideline.pdf"", ""Diabetes guideline.pdf""]]","[{""parameter"": ""BMI"", ""min"": 18.5, ""max"": 24.9}]",,,,,"RuntimeError: Tool run_cdss failed: {'error': 'Tool generate_policy failed: {\'error\': ""Unsupported model parameter: \'BMI\'""}'}",bounds,0.34312820000195643,13.50504490000094,,13.871978600000148,"[[""Diabetes guideline.pdf"", ""Diabetes guideline.pdf"", ""Diabetes guideline.pdf""]]","[{""parameter"": ""BMI"", ""min"": 18.5, ""max"": 24.9}]",,,,,"RuntimeError: Tool run_cdss failed: {'error': 'Tool generate_policy failed: {\'error\': ""Unsupported model parameter: \'BMI\'""}'}",bounds
100023,23,True,True,True,True,0.15359449999959907,13.320868500002689,0.036791900001844624,13.543759100000898,"[[""Hypertension guideline.pdf"", ""Hypertension guideline.pdf"", ""Hypertension guideline.pdf""]]","[{""parameter"": ""systolic_bp"", ""min"": 120, ""max"": 130}]","[{""parameter"": ""systolic_bp"", ""min"": 120, ""max"": 130}]",False,"{""status"": ""ALERT"", ""verified"": false, ""proof_type"": ""Bulletproofs"", ""public_bounds"": {""min"": 120, ""max"": 130, ""parameter"": ""systolic_bp""}, ""reason"": ""device reports reading outside range; no range proof was produced""}","{""status"": ""OUT_OF_RANGE"", ""message"": ""Device reported a reading outside the selected range; clinical review is needed.""}",,,0.18659560000014608,13.723058800002036,0.02452160000029835,13.969934199998534,"[[""Hypertension guideline.pdf"", ""Hypertension guideline.pdf"", ""Hypertension guideline.pdf""]]","[{""parameter"": ""systolic_bp"", ""min"": 120, ""max"": 130}]","[{""parameter"": ""systolic_bp"", ""min"": 120, ""max"": 130}]",False,"{""status"": ""ALERT"", ""verified"": false, ""proof_type"": ""Bulletproofs"", ""public_bounds"": {""min"": 120, ""max"": 130, ""parameter"": ""systolic_bp""}, ""reason"": ""device reports reading outside range; no range proof was produced""}","{""status"": ""OUT_OF_RANGE"", ""message"": ""Device reported a reading outside the selected range; clinical review is needed.""}",,
100024,24,True,True,True,True,0.29612120000092546,15.63258759999735,0.03519699999742443,15.996565800000099,"[[""Hypertension guideline.pdf"", ""Heart Failure guideline.pdf"", ""Hypertension guideline.pdf""]]","[{""parameter"": ""systolic_bp"", ""min"": 120, ""max"": 130}]","[{""parameter"": ""systolic_bp"", ""min"": 120, ""max"": 130}]",False,"{""status"": ""ALERT"", ""verified"": false, ""proof_type"": ""Bulletproofs"", ""public_bounds"": {""min"": 120, ""max"": 130, ""parameter"": ""systolic_bp""}, ""reason"": ""device reports reading outside range; no range proof was produced""}","{""status"": ""OUT_OF_RANGE"", ""message"": ""Device reported a reading outside the selected range; clinical review is needed.""}",,,0.16305900000224938,16.338952499994775,0.138508299998648,16.668252000003122,"[[""Hypertension guideline.pdf"", ""Heart Failure guideline.pdf"", ""Hypertension guideline.pdf""]]","[{""parameter"": ""systolic_bp"", ""min"": 120, ""max"": 130}]","[{""parameter"": ""systolic_bp"", ""min"": 120, ""max"": 130}]",False,"{""status"": ""ALERT"", ""verified"": false, ""proof_type"": ""Bulletproofs"", ""public_bounds"": {""min"": 120, ""max"": 130, ""parameter"": ""systolic_bp""}, ""reason"": ""device reports reading outside range; no range proof was produced""}","{""status"": ""OUT_OF_RANGE"", ""message"": ""Device reported a reading outside the selected range; clinical review is needed.""}",,
100025,25,True,True,,,0.3717728999981773,13.009064800000488,,13.415988299999299,"[[""Hypertension guideline.pdf"", ""Heart Failure guideline.pdf"", ""Hypertension guideline.pdf""]]","[{""parameter"": ""blood_pressure"", ""min"": 120, ""max"": 130}]",,,,,"RuntimeError: Tool run_cdss failed: {'error': 'Tool generate_policy failed: {\'error\': ""Unsupported model parameter: \'blood_pressure\'""}'}",bounds,0.22836430000097607,12.962359299999662,,13.234629700000369,"[[""Hypertension guideline.pdf"", ""Heart Failure guideline.pdf"", ""Hypertension guideline.pdf""]]","[{""parameter"": ""blood_pressure"", ""min"": 120, ""max"": 130}]",,,,,"RuntimeError: Tool run_cdss failed: {'error': 'Tool generate_policy failed: {\'error\': ""Unsupported model parameter: \'blood_pressure\'""}'}",bounds
100026,26,True,True,,,0.462914699997782,13.447276100003364,,13.945503499999177,"[[""Diabetes guideline.pdf"", ""Diabetes guideline.pdf"", ""Diabetes guideline.pdf""]]","[{""parameter"": ""blood_glucose_level"", ""min"": 70, ""max"": 140}]",,,,,"RuntimeError: Tool run_cdss failed: {'error': 'Tool generate_policy failed: {\'error\': ""Unsupported model parameter: \'blood_glucose_level\'""}'}",bounds,0.18342399999892223,13.783667100004095,,14.000778199999331,"[[""Diabetes guideline.pdf"", ""Diabetes guideline.pdf"", ""Diabetes guideline.pdf""]]","[{""parameter"": ""blood_glucose_level"", ""min"": 70, ""max"": 140}]",,,,,"RuntimeError: Tool run_cdss failed: {'error': 'Tool generate_policy failed: {\'error\': ""Unsupported model parameter: \'blood_glucose_level\'""}'}",bounds
100027,27,True,True,True,True,0.2032595000018773,14.373122599998169,0.04020730000047479,14.64686260000235,"[[""Hypertension guideline.pdf"", ""Hypertension guideline.pdf"", ""Hypertension guideline.pdf""]]","[{""parameter"": ""systolic_bp"", ""min"": 120, ""max"": 140}]","[{""parameter"": ""systolic_bp"", ""min"": 120, ""max"": 140}]",False,"{""status"": ""ALERT"", ""verified"": false, ""proof_type"": ""Bulletproofs"", ""public_bounds"": {""min"": 120, ""max"": 140, ""parameter"": ""systolic_bp""}, ""reason"": ""device reports reading outside range; no range proof was produced""}","{""status"": ""OUT_OF_RANGE"", ""message"": ""Device reported a reading outside the selected range; clinical review is needed.""}",,,0.20659570000134408,14.769549399996322,0.03385379999963334,15.043925400001172,"[[""Hypertension guideline.pdf"", ""Hypertension guideline.pdf"", ""Hypertension guideline.pdf""]]","[{""parameter"": ""systolic_bp"", ""min"": 120, ""max"": 140}]","[{""parameter"": ""systolic_bp"", ""min"": 120, ""max"": 140}]",False,"{""status"": ""ALERT"", ""verified"": false, ""proof_type"": ""Bulletproofs"", ""public_bounds"": {""min"": 120, ""max"": 140, ""parameter"": ""systolic_bp""}, ""reason"": ""device reports reading outside range; no range proof was produced""}","{""status"": ""OUT_OF_RANGE"", ""message"": ""Device reported a reading outside the selected range; clinical review is needed.""}",,
100028,28,True,True,True,True,0.1388033999974141,13.26224010000442,0.029219100000773324,13.461818199997651,"[[""Hypertension guideline.pdf"", ""Hypertension guideline.pdf"", ""Hypertension guideline.pdf""]]","[{""parameter"": ""systolic_bp"", ""min"": 130, ""max"": 139}]","[{""parameter"": ""systolic_bp"", ""min"": 130, ""max"": 139}]",False,"{""status"": ""ALERT"", ""verified"": false, ""proof_type"": ""Bulletproofs"", ""public_bounds"": {""min"": 130, ""max"": 139, ""parameter"": ""systolic_bp""}, ""reason"": ""device reports reading outside range; no range proof was produced""}","{""status"": ""OUT_OF_RANGE"", ""message"": ""Device reported a reading outside the selected range; clinical review is needed.""}",,,0.18692039999950794,13.627411800000118,0.15638469999976223,14.000301200001559,"[[""Hypertension guideline.pdf"", ""Hypertension guideline.pdf"", ""Hypertension guideline.pdf""]]","[{""parameter"": ""systolic_bp"", ""min"": 130, ""max"": 139}]","[{""parameter"": ""systolic_bp"", ""min"": 130, ""max"": 139}]",False,"{""status"": ""ALERT"", ""verified"": false, ""proof_type"": ""Bulletproofs"", ""public_bounds"": {""min"": 130, ""max"": 139, ""parameter"": ""systolic_bp""}, ""reason"": ""device reports reading outside range; no range proof was produced""}","{""status"": ""OUT_OF_RANGE"", ""message"": ""Device reported a reading outside the selected range; clinical review is needed.""}",,
100029,29,True,True,True,True,0.1369181000009121,15.323059499998635,0.1724477999996452,15.659716800000751,"[[""Heart Failure guideline.pdf"", ""Heart Failure guideline.pdf"", ""Heart Failure guideline.pdf""]]","[{""parameter"": ""systolic_bp"", ""min"": 90, ""max"": 120}]","[{""parameter"": ""systolic_bp"", ""min"": 90, ""max"": 120}]",True,"{""status"": ""NORMAL"", ""verified"": true, ""proof_type"": ""Bulletproofs"", ""public_bounds"": {""min"": 90, ""max"": 120, ""parameter"": ""systolic_bp""}, ""proof_size_bytes"": 800, ""prove_ms"": 54.355, ""verify_ms"": 3.792, ""zkp_process_ms"": 167.31910000089556, ""zkp_prove_ms"": 54.355, ""zkp_verify_ms"": 3.792}","{""status"": ""IN_RANGE"", ""message"": ""Verified reading(s) are within the selected range(s).""}",,,0.19067419999919366,15.878416200001084,0.20591399999830173,16.301893500000006,"[[""Heart Failure guideline.pdf"", ""Heart Failure guideline.pdf"", ""Heart Failure guideline.pdf""]]","[{""parameter"": ""systolic_bp"", ""min"": 90, ""max"": 120}]","[{""parameter"": ""systolic_bp"", ""min"": 90, ""max"": 120}]",True,"{""status"": ""NORMAL"", ""verified"": true, ""proof_type"": ""Bulletproofs"", ""public_bounds"": {""min"": 90, ""max"": 120, ""parameter"": ""systolic_bp""}, ""proof_size_bytes"": 800, ""prove_ms"": 40.084, ""verify_ms"": 3.757, ""zkp_process_ms"": 201.37849999809987, ""zkp_prove_ms"": 40.084, ""zkp_verify_ms"": 3.757}","{""status"": ""IN_RANGE"", ""message"": ""Verified reading(s) are within the selected range(s).""}",,
100030,30,True,True,True,True,0.13609610000276007,15.552876999998261,0.03581080000003567,15.749388199998066,"[[""Heart Failure guideline.pdf"", ""Heart Failure guideline.pdf"", ""Heart Failure guideline.pdf""]]","[{""parameter"": ""hemoglobin"", ""min"": 12, ""max"": 15}]","[{""parameter"": ""hemoglobin"", ""min"": 12, ""max"": 15}]",False,"{""status"": ""ALERT"", ""verified"": false, ""proof_type"": ""Bulletproofs"", ""public_bounds"": {""min"": 12, ""max"": 15, ""parameter"": ""hemoglobin""}, ""reason"": ""device reports reading outside range; no range proof was produced""}","{""status"": ""OUT_OF_RANGE"", ""message"": ""Device reported a reading outside the selected range; clinical review is needed.""}",,,0.19224499999836553,15.864107300003525,0.03273489999992307,16.1260895000014,"[[""Heart Failure guideline.pdf"", ""Heart Failure guideline.pdf"", ""Heart Failure guideline.pdf""]]","[{""parameter"": ""hemoglobin"", ""min"": 12, ""max"": 15}]","[{""parameter"": ""hemoglobin"", ""min"": 12, ""max"": 15}]",False,"{""status"": ""ALERT"", ""verified"": false, ""proof_type"": ""Bulletproofs"", ""public_bounds"": {""min"": 12, ""max"": 15, ""parameter"": ""hemoglobin""}, ""reason"": ""device reports reading outside range; no range proof was produced""}","{""status"": ""OUT_OF_RANGE"", ""message"": ""Device reported a reading outside the selected range; clinical review is needed.""}",,
100031,31,True,True,,,0.18370190000132425,18.016199900001084,,18.227421399999002,"[[""Heart Failure guideline.pdf"", ""Heart Failure guideline.pdf"", ""Heart Failure guideline.pdf""]]","[{""parameter"": ""atrial_fibrillation_rate"", ""min"": 0, ""max"": 300}]",,,,,"RuntimeError: Tool run_cdss failed: {'error': 'Tool generate_policy failed: {\'error\': ""Unsupported model parameter: \'atrial_fibrillation_rate\'""}'}",bounds,0.1544885000002978,18.351369899999554,,18.529392200001894,"[[""Heart Failure guideline.pdf"", ""Heart Failure guideline.pdf"", ""Heart Failure guideline.pdf""]]","[{""parameter"": ""atrial_fibrillation_rate"", ""min"": 0, ""max"": 300}]",,,,,"RuntimeError: Tool run_cdss failed: {'error': 'Tool generate_policy failed: {\'error\': ""Unsupported model parameter: \'atrial_fibrillation_rate\'""}'}",bounds
100032,32,True,True,True,True,0.301004599998123,15.420070500000293,0.044033199999830686,15.799854000000778,"[[""Heart Failure guideline.pdf"", ""Heart Failure guideline.pdf"", ""Heart Failure guideline.pdf""]]","[{""parameter"": ""systolic_bp"", ""min"": 90, ""max"": 120}]","[{""parameter"": ""systolic_bp"", ""min"": 90, ""max"": 120}]",False,"{""status"": ""ALERT"", ""verified"": false, ""proof_type"": ""Bulletproofs"", ""public_bounds"": {""min"": 90, ""max"": 120, ""parameter"": ""systolic_bp""}, ""reason"": ""device reports reading outside range; no range proof was produced""}","{""status"": ""OUT_OF_RANGE"", ""message"": ""Device reported a reading outside the selected range; clinical review is needed.""}",,,0.2898172999994131,15.609181800002261,0.02821120000226074,15.957575799999177,"[[""Heart Failure guideline.pdf"", ""Heart Failure guideline.pdf"", ""Heart Failure guideline.pdf""]]","[{""parameter"": ""systolic_bp"", ""min"": 90, ""max"": 120}]","[{""parameter"": ""systolic_bp"", ""min"": 90, ""max"": 120}]",False,"{""status"": ""ALERT"", ""verified"": false, ""proof_type"": ""Bulletproofs"", ""public_bounds"": {""min"": 90, ""max"": 120, ""parameter"": ""systolic_bp""}, ""reason"": ""device reports reading outside range; no range proof was produced""}","{""status"": ""OUT_OF_RANGE"", ""message"": ""Device reported a reading outside the selected range; clinical review is needed.""}",,
100033,33,True,True,True,True,0.30722180000157095,13.558780999996088,0.0265099000025657,13.926623699997435,"[[""Hypertension guideline.pdf"", ""Hypertension guideline.pdf"", ""Hypertension guideline.pdf""]]","[{""parameter"": ""systolic_bp"", ""min"": 120, ""max"": 130}]","[{""parameter"": ""systolic_bp"", ""min"": 120, ""max"": 130}]",False,"{""status"": ""ALERT"", ""verified"": false, ""proof_type"": ""Bulletproofs"", ""public_bounds"": {""min"": 120, ""max"": 130, ""parameter"": ""systolic_bp""}, ""reason"": ""device reports reading outside range; no range proof was produced""}","{""status"": ""OUT_OF_RANGE"", ""message"": ""Device reported a reading outside the selected range; clinical review is needed.""}",,,0.1536037000005308,13.377595800000563,0.027387199999793665,13.585129800001596,"[[""Hypertension guideline.pdf"", ""Hypertension guideline.pdf"", ""Hypertension guideline.pdf""]]","[{""parameter"": ""systolic_bp"", ""min"": 120, ""max"": 130}]","[{""parameter"": ""systolic_bp"", ""min"": 120, ""max"": 130}]",False,"{""status"": ""ALERT"", ""verified"": false, ""proof_type"": ""Bulletproofs"", ""public_bounds"": {""min"": 120, ""max"": 130, ""parameter"": ""systolic_bp""}, ""reason"": ""device reports reading outside range; no range proof was produced""}","{""status"": ""OUT_OF_RANGE"", ""message"": ""Device reported a reading outside the selected range; clinical review is needed.""}",,
100034,34,True,True,True,True,0.2631504000019049,15.570774199997686,0.03222810000079335,15.897472200002085,"[[""Heart Failure guideline.pdf"", ""Heart Failure guideline.pdf"", ""Heart Failure guideline.pdf""]]","[{""parameter"": ""systolic_bp"", ""min"": 90, ""max"": 120}]","[{""parameter"": ""systolic_bp"", ""min"": 90, ""max"": 120}]",False,"{""status"": ""ALERT"", ""verified"": false, ""proof_type"": ""Bulletproofs"", ""public_bounds"": {""min"": 90, ""max"": 120, ""parameter"": ""systolic_bp""}, ""reason"": ""device reports reading outside range; no range proof was produced""}","{""status"": ""OUT_OF_RANGE"", ""message"": ""Device reported a reading outside the selected range; clinical review is needed.""}",,,0.16115540000100737,15.405400999999983,0.030263799999374896,15.628522599999997,"[[""Heart Failure guideline.pdf"", ""Heart Failure guideline.pdf"", ""Heart Failure guideline.pdf""]]","[{""parameter"": ""systolic_bp"", ""min"": 90, ""max"": 120}]","[{""parameter"": ""systolic_bp"", ""min"": 90, ""max"": 120}]",False,"{""status"": ""ALERT"", ""verified"": false, ""proof_type"": ""Bulletproofs"", ""public_bounds"": {""min"": 90, ""max"": 120, ""parameter"": ""systolic_bp""}, ""reason"": ""device reports reading outside range; no range proof was produced""}","{""status"": ""OUT_OF_RANGE"", ""message"": ""Device reported a reading outside the selected range; clinical review is needed.""}",,
100035,35,True,True,True,True,0.14489980000143987,13.39283009999781,0.14076829999976326,13.707282800001849,"[[""Hypertension guideline.pdf"", ""Hypertension guideline.pdf"", ""Hypertension guideline.pdf""]]","[{""parameter"": ""systolic_bp"", ""min"": 130, ""max"": 139}]","[{""parameter"": ""systolic_bp"", ""min"": 130, ""max"": 139}]",False,"{""status"": ""ALERT"", ""verified"": false, ""proof_type"": ""Bulletproofs"", ""public_bounds"": {""min"": 130, ""max"": 139, ""parameter"": ""systolic_bp""}, ""reason"": ""device reports reading outside range; no range proof was produced""}","{""status"": ""OUT_OF_RANGE"", ""message"": ""Device reported a reading outside the selected range; clinical review is needed.""}",,,0.15927319999900647,13.310280300000159,0.027917499999603024,13.52883319999819,"[[""Hypertension guideline.pdf"", ""Hypertension guideline.pdf"", ""Hypertension guideline.pdf""]]","[{""parameter"": ""systolic_bp"", ""min"": 130, ""max"": 139}]","[{""parameter"": ""systolic_bp"", ""min"": 130, ""max"": 139}]",False,"{""status"": ""ALERT"", ""verified"": false, ""proof_type"": ""Bulletproofs"", ""public_bounds"": {""min"": 130, ""max"": 139, ""parameter"": ""systolic_bp""}, ""reason"": ""device reports reading outside range; no range proof was produced""}","{""status"": ""OUT_OF_RANGE"", ""message"": ""Device reported a reading outside the selected range; clinical review is needed.""}",,
100036,36,True,True,True,True,0.23063380000166944,15.743590299996868,0.05164069999955245,16.13402710000082,"[[""Heart Failure guideline.pdf"", ""Heart Failure guideline.pdf"", ""Heart Failure guideline.pdf""]]","[{""parameter"": ""systolic_bp"", ""min"": 90, ""max"": 120}]","[{""parameter"": ""systolic_bp"", ""min"": 90, ""max"": 120}]",False,"{""status"": ""ALERT"", ""verified"": false, ""proof_type"": ""Bulletproofs"", ""public_bounds"": {""min"": 90, ""max"": 120, ""parameter"": ""systolic_bp""}, ""reason"": ""device reports reading outside range; no range proof was produced""}","{""status"": ""OUT_OF_RANGE"", ""message"": ""Device reported a reading outside the selected range; clinical review is needed.""}",,,0.1749798999990162,15.66387179999947,0.047621199999412056,15.916279699998995,"[[""Heart Failure guideline.pdf"", ""Heart Failure guideline.pdf"", ""Heart Failure guideline.pdf""]]","[{""parameter"": ""systolic_bp"", ""min"": 90, ""max"": 120}]","[{""parameter"": ""systolic_bp"", ""min"": 90, ""max"": 120}]",False,"{""status"": ""ALERT"", ""verified"": false, ""proof_type"": ""Bulletproofs"", ""public_bounds"": {""min"": 90, ""max"": 120, ""parameter"": ""systolic_bp""}, ""reason"": ""device reports reading outside range; no range proof was produced""}","{""status"": ""OUT_OF_RANGE"", ""message"": ""Device reported a reading outside the selected range; clinical review is needed.""}",,
100037,37,True,True,,,0.1850135999993654,13.732815100000153,,13.94425290000072,"[[""Diabetes guideline.pdf"", ""Hypertension guideline.pdf"", ""Hypertension guideline.pdf""]]","[{""parameter"": ""peak_flow"", ""min"": 300, ""max"": 400}]",,,,,"RuntimeError: Tool run_cdss failed: {'error': 'Tool generate_policy failed: {\'error\': ""Unsupported model parameter: \'peak_flow\'""}'}",bounds,0.14879719999953522,13.626114800001233,,13.798205499999312,"[[""Diabetes guideline.pdf"", ""Hypertension guideline.pdf"", ""Hypertension guideline.pdf""]]","[{""parameter"": ""peak_flow"", ""min"": 300, ""max"": 400}]",,,,,"RuntimeError: Tool run_cdss failed: {'error': 'Tool generate_policy failed: {\'error\': ""Unsupported model parameter: \'peak_flow\'""}'}",bounds
100038,38,True,True,True,True,0.14061039999796776,13.282619600002363,0.16485240000110934,13.615250999999262,"[[""Hypertension guideline.pdf"", ""Hypertension guideline.pdf"", ""Hypertension guideline.pdf""]]","[{""parameter"": ""systolic_bp"", ""min"": 130, ""max"": 139}]","[{""parameter"": ""systolic_bp"", ""min"": 130, ""max"": 139}]",False,"{""status"": ""ALERT"", ""verified"": false, ""proof_type"": ""Bulletproofs"", ""public_bounds"": {""min"": 130, ""max"": 139, ""parameter"": ""systolic_bp""}, ""reason"": ""device reports reading outside range; no range proof was produced""}","{""status"": ""OUT_OF_RANGE"", ""message"": ""Device reported a reading outside the selected range; clinical review is needed.""}",,,0.15834499999982654,13.445333899999241,0.0334246999991592,13.668295900002704,"[[""Hypertension guideline.pdf"", ""Hypertension guideline.pdf"", ""Hypertension guideline.pdf""]]","[{""parameter"": ""systolic_bp"", ""min"": 130, ""max"": 139}]","[{""parameter"": ""systolic_bp"", ""min"": 130, ""max"": 139}]",False,"{""status"": ""ALERT"", ""verified"": false, ""proof_type"": ""Bulletproofs"", ""public_bounds"": {""min"": 130, ""max"": 139, ""parameter"": ""systolic_bp""}, ""reason"": ""device reports reading outside range; no range proof was produced""}","{""status"": ""OUT_OF_RANGE"", ""message"": ""Device reported a reading outside the selected range; clinical review is needed.""}",,
100039,39,True,True,True,True,0.13309010000011767,17.036323100001027,0.11461729999791714,17.305783599997085,"[[""Heart Failure guideline.pdf"", ""Heart Failure guideline.pdf"", ""Heart Failure guideline.pdf""]]","[{""parameter"": ""systolic_bp"", ""min"": 90, ""max"": 120}]","[{""parameter"": ""systolic_bp"", ""min"": 90, ""max"": 120}]",False,"{""status"": ""ALERT"", ""verified"": false, ""proof_type"": ""Bulletproofs"", ""public_bounds"": {""min"": 90, ""max"": 120, ""parameter"": ""systolic_bp""}, ""reason"": ""device reports reading outside range; no range proof was produced""}","{""status"": ""OUT_OF_RANGE"", ""message"": ""Device reported a reading outside the selected range; clinical review is needed.""}",,,0.15867509999952745,16.91660359999878,0.02643049999824143,17.131516100002045,"[[""Heart Failure guideline.pdf"", ""Heart Failure guideline.pdf"", ""Heart Failure guideline.pdf""]]","[{""parameter"": ""systolic_bp"", ""min"": 90, ""max"": 120}]","[{""parameter"": ""systolic_bp"", ""min"": 90, ""max"": 120}]",False,"{""status"": ""ALERT"", ""verified"": false, ""proof_type"": ""Bulletproofs"", ""public_bounds"": {""min"": 90, ""max"": 120, ""parameter"": ""systolic_bp""}, ""reason"": ""device reports reading outside range; no range proof was produced""}","{""status"": ""OUT_OF_RANGE"", ""message"": ""Device reported a reading outside the selected range; clinical review is needed.""}",,
100040,40,True,True,,,0.19227560000217636,12.941063199996279,,13.154656499998964,"[[""Diabetes guideline.pdf"", ""Diabetes guideline.pdf"", ""Diabetes guideline.pdf""]]","[{""parameter"": ""BMI"", ""min"": 25, ""max"": 30}]",,,,,"RuntimeError: Tool run_cdss failed: {'error': 'Tool generate_policy failed: {\'error\': ""Unsupported model parameter: \'BMI\'""}'}",bounds,0.15559070000017527,12.96562890000132,,13.14839159999974,"[[""Diabetes guideline.pdf"", ""Diabetes guideline.pdf"", ""Diabetes guideline.pdf""]]","[{""parameter"": ""BMI"", ""min"": 25, ""max"": 30}]",,,,,"RuntimeError: Tool run_cdss failed: {'error': 'Tool generate_policy failed: {\'error\': ""Unsupported model parameter: \'BMI\'""}'}",bounds
100041,41,True,True,True,True,0.23003800000151386,15.353501599998708,0.047515000002022134,15.66042329999982,"[[""Hypertension guideline.pdf"", ""Hypertension guideline.pdf"", ""Hypertension guideline.pdf""]]","[{""parameter"": ""systolic_bp"", ""min"": 120, ""max"": 140}]","[{""parameter"": ""systolic_bp"", ""min"": 120, ""max"": 140}]",False,"{""status"": ""ALERT"", ""verified"": false, ""proof_type"": ""Bulletproofs"", ""public_bounds"": {""min"": 120, ""max"": 140, ""parameter"": ""systolic_bp""}, ""reason"": ""device reports reading outside range; no range proof was produced""}","{""status"": ""OUT_OF_RANGE"", ""message"": ""Device reported a reading outside the selected range; clinical review is needed.""}",,,0.15575449999960256,15.094929599999887,0.0242404999989958,15.304495700002008,"[[""Hypertension guideline.pdf"", ""Hypertension guideline.pdf"", ""Hypertension guideline.pdf""]]","[{""parameter"": ""systolic_bp"", ""min"": 120, ""max"": 140}]","[{""parameter"": ""systolic_bp"", ""min"": 120, ""max"": 140}]",False,"{""status"": ""ALERT"", ""verified"": false, ""proof_type"": ""Bulletproofs"", ""public_bounds"": {""min"": 120, ""max"": 140, ""parameter"": ""systolic_bp""}, ""reason"": ""device reports reading outside range; no range proof was produced""}","{""status"": ""OUT_OF_RANGE"", ""message"": ""Device reported a reading outside the selected range; clinical review is needed.""}",,
100042,42,True,True,True,True,0.2652620000008028,16.849000900001556,0.17305949999717996,17.314725799998996,"[[""Heart Failure guideline.pdf"", ""Heart Failure guideline.pdf"", ""Heart Failure guideline.pdf""]]","[{""parameter"": ""heart_rate"", ""min"": 60, ""max"": 100}]","[{""parameter"": ""heart_rate"", ""min"": 60, ""max"": 100}]",True,"{""status"": ""NORMAL"", ""verified"": true, ""proof_type"": ""Bulletproofs"", ""public_bounds"": {""min"": 60, ""max"": 100, ""parameter"": ""heart_rate""}, ""proof_size_bytes"": 800, ""prove_ms"": 33.192, ""verify_ms"": 3.734, ""zkp_process_ms"": 168.4482000018761, ""zkp_prove_ms"": 33.192, ""zkp_verify_ms"": 3.734}","{""status"": ""IN_RANGE"", ""message"": ""Verified reading(s) are within the selected range(s).""}",,,0.15734530000190716,16.799492699999973,0.10813819999748375,17.095124899999064,"[[""Heart Failure guideline.pdf"", ""Heart Failure guideline.pdf"", ""Heart Failure guideline.pdf""]]","[{""parameter"": ""heart_rate"", ""min"": 60, ""max"": 100}]","[{""parameter"": ""heart_rate"", ""min"": 60, ""max"": 100}]",True,"{""status"": ""NORMAL"", ""verified"": true, ""proof_type"": ""Bulletproofs"", ""public_bounds"": {""min"": 60, ""max"": 100, ""parameter"": ""heart_rate""}, ""proof_size_bytes"": 800, ""prove_ms"": 44.712, ""verify_ms"": 7.863, ""zkp_process_ms"": 102.42049999942537, ""zkp_prove_ms"": 44.712, ""zkp_verify_ms"": 7.863}","{""status"": ""IN_RANGE"", ""message"": ""Verified reading(s) are within the selected range(s).""}",,
100043,43,True,True,True,True,0.1480993999975908,15.802512900001602,0.04799439999987953,16.037451399999554,"[[""Heart Failure guideline.pdf"", ""Heart Failure guideline.pdf"", ""Heart Failure guideline.pdf""]]","[{""parameter"": ""systolic_bp"", ""min"": 90, ""max"": 120}]","[{""parameter"": ""systolic_bp"", ""min"": 90, ""max"": 120}]",False,"{""status"": ""ALERT"", ""verified"": false, ""proof_type"": ""Bulletproofs"", ""public_bounds"": {""min"": 90, ""max"": 120, ""parameter"": ""systolic_bp""}, ""reason"": ""device reports reading outside range; no range proof was produced""}","{""status"": ""OUT_OF_RANGE"", ""message"": ""Device reported a reading outside the selected range; clinical review is needed.""}",,,0.15573939999740105,15.236512600000424,0.02511890000096173,15.445986300001096,"[[""Heart Failure guideline.pdf"", ""Heart Failure guideline.pdf"", ""Heart Failure guideline.pdf""]]","[{""parameter"": ""systolic_bp"", ""min"": 90, ""max"": 120}]","[{""parameter"": ""systolic_bp"", ""min"": 90, ""max"": 120}]",False,"{""status"": ""ALERT"", ""verified"": false, ""proof_type"": ""Bulletproofs"", ""public_bounds"": {""min"": 90, ""max"": 120, ""parameter"": ""systolic_bp""}, ""reason"": ""device reports reading outside range; no range proof was produced""}","{""status"": ""OUT_OF_RANGE"", ""message"": ""Device reported a reading outside the selected range; clinical review is needed.""}",,
100044,44,True,True,True,True,0.14358770000035292,17.22437229999923,0.1915289999997185,17.58745800000179,"[[""Heart Failure guideline.pdf"", ""Heart Failure guideline.pdf"", ""Heart Failure guideline.pdf""]]","[{""parameter"": ""heart_rate"", ""min"": 60, ""max"": 100}]","[{""parameter"": ""heart_rate"", ""min"": 60, ""max"": 100}]",True,"{""status"": ""NORMAL"", ""verified"": true, ""proof_type"": ""Bulletproofs"", ""public_bounds"": {""min"": 60, ""max"": 100, ""parameter"": ""heart_rate""}, ""proof_size_bytes"": 800, ""prove_ms"": 43.624, ""verify_ms"": 4.364, ""zkp_process_ms"": 186.5643999990425, ""zkp_prove_ms"": 43.624, ""zkp_verify_ms"": 4.364}","{""status"": ""IN_RANGE"", ""message"": ""Verified reading(s) are within the selected range(s).""}",,,0.16496439999900758,17.27493709999908,0.11655299999983981,17.583855400000175,"[[""Heart Failure guideline.pdf"", ""Heart Failure guideline.pdf"", ""Heart Failure guideline.pdf""]]","[{""parameter"": ""heart_rate"", ""min"": 60, ""max"": 100}]","[{""parameter"": ""heart_rate"", ""min"": 60, ""max"": 100}]",True,"{""status"": ""NORMAL"", ""verified"": true, ""proof_type"": ""Bulletproofs"", ""public_bounds"": {""min"": 60, ""max"": 100, ""parameter"": ""heart_rate""}, ""proof_size_bytes"": 800, ""prove_ms"": 54.258, ""verify_ms"": 4.819, ""zkp_process_ms"": 111.45870000109426, ""zkp_prove_ms"": 54.258, ""zkp_verify_ms"": 4.819}","{""status"": ""IN_RANGE"", ""message"": ""Verified reading(s) are within the selected range(s).""}",,
100045,45,True,True,True,True,0.17408200000136276,15.955962099997123,0.03003549999993993,16.18353699999716,"[[""Heart Failure guideline.pdf"", ""Heart Failure guideline.pdf"", ""Heart Failure guideline.pdf""]]","[{""parameter"": ""hemoglobin"", ""min"": 12, ""max"": 15}]","[{""parameter"": ""hemoglobin"", ""min"": 12, ""max"": 15}]",False,"{""status"": ""ALERT"", ""verified"": false, ""proof_type"": ""Bulletproofs"", ""public_bounds"": {""min"": 12, ""max"": 15, ""parameter"": ""hemoglobin""}, ""reason"": ""device reports reading outside range; no range proof was produced""}","{""status"": ""OUT_OF_RANGE"", ""message"": ""Device reported a reading outside the selected range; clinical review is needed.""}",,,0.19408750000002328,15.974417299999914,0.03468960000100196,16.23059760000251,"[[""Heart Failure guideline.pdf"", ""Heart Failure guideline.pdf"", ""Heart Failure guideline.pdf""]]","[{""parameter"": ""hemoglobin"", ""min"": 12, ""max"": 15}]","[{""parameter"": ""hemoglobin"", ""min"": 12, ""max"": 15}]",False,"{""status"": ""ALERT"", ""verified"": false, ""proof_type"": ""Bulletproofs"", ""public_bounds"": {""min"": 12, ""max"": 15, ""parameter"": ""hemoglobin""}, ""reason"": ""device reports reading outside range; no range proof was produced""}","{""status"": ""OUT_OF_RANGE"", ""message"": ""Device reported a reading outside the selected range; clinical review is needed.""}",,
100046,46,True,True,,,0.15165230000275187,13.56524829999762,,13.740647400001762,"[[""Diabetes guideline.pdf"", ""Diabetes guideline.pdf"", ""Diabetes guideline.pdf""]]","[{""parameter"": ""BMI"", ""min"": 18.5, ""max"": 24.9}]",,,,,"RuntimeError: Tool run_cdss failed: {'error': 'Tool generate_policy failed: {\'error\': ""Unsupported model parameter: \'BMI\'""}'}",bounds,0.17932440000004135,13.901813599997695,,14.108879100000195,"[[""Diabetes guideline.pdf"", ""Diabetes guideline.pdf"", ""Diabetes guideline.pdf""]]","[{""parameter"": ""BMI"", ""min"": 18.5, ""max"": 24.9}]",,,,,"RuntimeError: Tool run_cdss failed: {'error': 'Tool generate_policy failed: {\'error\': ""Unsupported model parameter: \'BMI\'""}'}",bounds
100047,47,True,True,True,True,0.21046339999884367,17.268497000000934,0.05409230000077514,17.563612900001317,"[[""Heart Failure guideline.pdf"", ""Heart Failure guideline.pdf"", ""Heart Failure guideline.pdf""]]","[{""parameter"": ""heart_rate"", ""min"": 60, ""max"": 100}]","[{""parameter"": ""heart_rate"", ""min"": 60, ""max"": 100}]",False,"{""status"": ""ALERT"", ""verified"": false, ""proof_type"": ""Bulletproofs"", ""public_bounds"": {""min"": 60, ""max"": 100, ""parameter"": ""heart_rate""}, ""reason"": ""device reports reading outside range; no range proof was produced""}","{""status"": ""OUT_OF_RANGE"", ""message"": ""Device reported a reading outside the selected range; clinical review is needed.""}",,,0.27280790000077104,17.20446290000109,0.27692100000058417,17.78870040000038,"[[""Heart Failure guideline.pdf"", ""Heart Failure guideline.pdf"", ""Heart Failure guideline.pdf""]]","[{""parameter"": ""heart_rate"", ""min"": 60, ""max"": 100}]","[{""parameter"": ""heart_rate"", ""min"": 60, ""max"": 100}]",False,"{""status"": ""ALERT"", ""verified"": false, ""proof_type"": ""Bulletproofs"", ""public_bounds"": {""min"": 60, ""max"": 100, ""parameter"": ""heart_rate""}, ""reason"": ""device reports reading outside range; no range proof was produced""}","{""status"": ""OUT_OF_RANGE"", ""message"": ""Device reported a reading outside the selected range; clinical review is needed.""}",,
100048,48,True,True,True,True,0.1575130999990506,15.176163800002541,0.024227499998232815,15.386022200000298,"[[""Hypertension guideline.pdf"", ""Hypertension guideline.pdf"", ""Hypertension guideline.pdf""]]","[{""parameter"": ""systolic_bp"", ""min"": 120, ""max"": 140}]","[{""parameter"": ""systolic_bp"", ""min"": 120, ""max"": 140}]",False,"{""status"": ""ALERT"", ""verified"": false, ""proof_type"": ""Bulletproofs"", ""public_bounds"": {""min"": 120, ""max"": 140, ""parameter"": ""systolic_bp""}, ""reason"": ""device reports reading outside range; no range proof was produced""}","{""status"": ""OUT_OF_RANGE"", ""message"": ""Device reported a reading outside the selected range; clinical review is needed.""}",,,0.16769209999984014,16.579274100000475,0.16477360000135377,16.98570710000058,"[[""Hypertension guideline.pdf"", ""Hypertension guideline.pdf"", ""Hypertension guideline.pdf""]]","[{""parameter"": ""systolic_bp"", ""min"": 120, ""max"": 140}]","[{""parameter"": ""systolic_bp"", ""min"": 120, ""max"": 140}]",False,"{""status"": ""ALERT"", ""verified"": false, ""proof_type"": ""Bulletproofs"", ""public_bounds"": {""min"": 120, ""max"": 140, ""parameter"": ""systolic_bp""}, ""reason"": ""device reports reading outside range; no range proof was produced""}","{""status"": ""OUT_OF_RANGE"", ""message"": ""Device reported a reading outside the selected range; clinical review is needed.""}",,
100049,49,True,True,True,True,0.17940169999928912,15.320786799999041,0.028212299999722745,15.557366699998965,"[[""Hypertension guideline.pdf"", ""Hypertension guideline.pdf"", ""Hypertension guideline.pdf""]]","[{""parameter"": ""systolic_bp"", ""min"": 120, ""max"": 140}]","[{""parameter"": ""systolic_bp"", ""min"": 120, ""max"": 140}]",False,"{""status"": ""ALERT"", ""verified"": false, ""proof_type"": ""Bulletproofs"", ""public_bounds"": {""min"": 120, ""max"": 140, ""parameter"": ""systolic_bp""}, ""reason"": ""device reports reading outside range; no range proof was produced""}","{""status"": ""OUT_OF_RANGE"", ""message"": ""Device reported a reading outside the selected range; clinical review is needed.""}",,,1.1144229999990785,16.15910349999831,0.04314969999904861,17.37723510000069,"[[""Hypertension guideline.pdf"", ""Hypertension guideline.pdf"", ""Hypertension guideline.pdf""]]","[{""parameter"": ""systolic_bp"", ""min"": 120, ""max"": 140}]","[{""parameter"": ""systolic_bp"", ""min"": 120, ""max"": 140}]",False,"{""status"": ""ALERT"", ""verified"": false, ""proof_type"": ""Bulletproofs"", ""public_bounds"": {""min"": 120, ""max"": 140, ""parameter"": ""systolic_bp""}, ""reason"": ""device reports reading outside range; no range proof was produced""}","{""status"": ""OUT_OF_RANGE"", ""message"": ""Device reported a reading outside the selected range; clinical review is needed.""}",,
100050,50,True,True,True,True,0.18750299999737763,15.173649900003511,0.11996440000075381,15.508993499999633,"[[""Hypertension guideline.pdf"", ""Hypertension guideline.pdf"", ""Hypertension guideline.pdf""]]","[{""parameter"": ""systolic_bp"", ""min"": 120, ""max"": 140}]","[{""parameter"": ""systolic_bp"", ""min"": 120, ""max"": 140}]",False,"{""status"": ""ALERT"", ""verified"": false, ""proof_type"": ""Bulletproofs"", ""public_bounds"": {""min"": 120, ""max"": 140, ""parameter"": ""systolic_bp""}, ""reason"": ""device reports reading outside range; no range proof was produced""}","{""status"": ""OUT_OF_RANGE"", ""message"": ""Device reported a reading outside the selected range; clinical review is needed.""}",,,0.4672534000019368,18.49308739999833,0.03329450000092038,19.023241400002007,"[[""Hypertension guideline.pdf"", ""Hypertension guideline.pdf"", ""Hypertension guideline.pdf""]]","[{""parameter"": ""systolic_bp"", ""min"": 120, ""max"": 140}]","[{""parameter"": ""systolic_bp"", ""min"": 120, ""max"": 140}]",False,"{""status"": ""ALERT"", ""verified"": false, ""proof_type"": ""Bulletproofs"", ""public_bounds"": {""min"": 120, ""max"": 140, ""parameter"": ""systolic_bp""}, ""reason"": ""device reports reading outside range; no range proof was produced""}","{""status"": ""OUT_OF_RANGE"", ""message"": ""Device reported a reading outside the selected range; clinical review is needed.""}",,
100051,51,True,True,True,True,0.15279009999721893,13.249212000002444,0.029928599997219862,13.471087199999602,"[[""Hypertension guideline.pdf"", ""Hypertension guideline.pdf"", ""Hypertension guideline.pdf""]]","[{""parameter"": ""systolic_bp"", ""min"": 120, ""max"": 130}]","[{""parameter"": ""systolic_bp"", ""min"": 120, ""max"": 130}]",False,"{""status"": ""ALERT"", ""verified"": false, ""proof_type"": ""Bulletproofs"", ""public_bounds"": {""min"": 120, ""max"": 130, ""parameter"": ""systolic_bp""}, ""reason"": ""device reports reading outside range; no range proof was produced""}","{""status"": ""OUT_OF_RANGE"", ""message"": ""Device reported a reading outside the selected range; clinical review is needed.""}",,,0.5954823000029137,14.163862999997946,0.027619899999990594,14.819555300000502,"[[""Hypertension guideline.pdf"", ""Hypertension guideline.pdf"", ""Hypertension guideline.pdf""]]","[{""parameter"": ""systolic_bp"", ""min"": 120, ""max"": 130}]","[{""parameter"": ""systolic_bp"", ""min"": 120, ""max"": 130}]",False,"{""status"": ""ALERT"", ""verified"": false, ""proof_type"": ""Bulletproofs"", ""public_bounds"": {""min"": 120, ""max"": 130, ""parameter"": ""systolic_bp""}, ""reason"": ""device reports reading outside range; no range proof was produced""}","{""status"": ""OUT_OF_RANGE"", ""message"": ""Device reported a reading outside the selected range; clinical review is needed.""}",,
100052,52,True,True,True,True,0.20814569999856758,13.432265800001915,0.11732720000145491,13.785542399997212,"[[""Hypertension guideline.pdf"", ""Hypertension guideline.pdf"", ""Hypertension guideline.pdf""]]","[{""parameter"": ""systolic_bp"", ""min"": 130, ""max"": 139}]","[{""parameter"": ""systolic_bp"", ""min"": 130, ""max"": 139}]",False,"{""status"": ""ALERT"", ""verified"": false, ""proof_type"": ""Bulletproofs"", ""public_bounds"": {""min"": 130, ""max"": 139, ""parameter"": ""systolic_bp""}, ""reason"": ""device reports reading outside range; no range proof was produced""}","{""status"": ""OUT_OF_RANGE"", ""message"": ""Device reported a reading outside the selected range; clinical review is needed.""}",,,0.25244080000265967,13.542635099998733,0.028207600000314415,13.85275659999752,"[[""Hypertension guideline.pdf"", ""Hypertension guideline.pdf"", ""Hypertension guideline.pdf""]]","[{""parameter"": ""systolic_bp"", ""min"": 130, ""max"": 139}]","[{""parameter"": ""systolic_bp"", ""min"": 130, ""max"": 139}]",False,"{""status"": ""ALERT"", ""verified"": false, ""proof_type"": ""Bulletproofs"", ""public_bounds"": {""min"": 130, ""max"": 139, ""parameter"": ""systolic_bp""}, ""reason"": ""device reports reading outside range; no range proof was produced""}","{""status"": ""OUT_OF_RANGE"", ""message"": ""Device reported a reading outside the selected range; clinical review is needed.""}",,
100053,53,True,True,True,True,0.17939420000038808,17.38319319999937,0.23609460000079707,17.82486819999758,"[[""Heart Failure guideline.pdf"", ""Heart Failure guideline.pdf"", ""Heart Failure guideline.pdf""]]","[{""parameter"": ""heart_rate"", ""min"": 60, ""max"": 100}]","[{""parameter"": ""heart_rate"", ""min"": 60, ""max"": 100}]",True,"{""status"": ""NORMAL"", ""verified"": true, ""proof_type"": ""Bulletproofs"", ""public_bounds"": {""min"": 60, ""max"": 100, ""parameter"": ""heart_rate""}, ""proof_size_bytes"": 800, ""prove_ms"": 70.935, ""verify_ms"": 5.101, ""zkp_process_ms"": 230.0541999975394, ""zkp_prove_ms"": 70.935, ""zkp_verify_ms"": 5.101}","{""status"": ""IN_RANGE"", ""message"": ""Verified reading(s) are within the selected range(s).""}",,,0.20032509999873582,17.434154500002478,0.14558869999746094,17.81009070000073,"[[""Heart Failure guideline.pdf"", ""Heart Failure guideline.pdf"", ""Heart Failure guideline.pdf""]]","[{""parameter"": ""heart_rate"", ""min"": 60, ""max"": 100}]","[{""parameter"": ""heart_rate"", ""min"": 60, ""max"": 100}]",True,"{""status"": ""NORMAL"", ""verified"": true, ""proof_type"": ""Bulletproofs"", ""public_bounds"": {""min"": 60, ""max"": 100, ""parameter"": ""heart_rate""}, ""proof_size_bytes"": 800, ""prove_ms"": 64.889, ""verify_ms"": 7.424, ""zkp_process_ms"": 140.59619999898132, ""zkp_prove_ms"": 64.889, ""zkp_verify_ms"": 7.424}","{""status"": ""IN_RANGE"", ""message"": ""Verified reading(s) are within the selected range(s).""}",,
100054,54,True,True,True,True,0.17260330000135582,15.419807899997977,0.12377670000205399,15.746214700000564,"[[""Heart Failure guideline.pdf"", ""Heart Failure guideline.pdf"", ""Heart Failure guideline.pdf""]]","[{""parameter"": ""systolic_bp"", ""min"": 90, ""max"": 120}]","[{""parameter"": ""systolic_bp"", ""min"": 90, ""max"": 120}]",False,"{""status"": ""ALERT"", ""verified"": false, ""proof_type"": ""Bulletproofs"", ""public_bounds"": {""min"": 90, ""max"": 120, ""parameter"": ""systolic_bp""}, ""reason"": ""device reports reading outside range; no range proof was produced""}","{""status"": ""OUT_OF_RANGE"", ""message"": ""Device reported a reading outside the selected range; clinical review is needed.""}",,,0.18224709999776678,15.600579500001913,0.02669869999954244,15.835639700002503,"[[""Heart Failure guideline.pdf"", ""Heart Failure guideline.pdf"", ""Heart Failure guideline.pdf""]]","[{""parameter"": ""systolic_bp"", ""min"": 90, ""max"": 120}]","[{""parameter"": ""systolic_bp"", ""min"": 90, ""max"": 120}]",False,"{""status"": ""ALERT"", ""verified"": false, ""proof_type"": ""Bulletproofs"", ""public_bounds"": {""min"": 90, ""max"": 120, ""parameter"": ""systolic_bp""}, ""reason"": ""device reports reading outside range; no range proof was produced""}","{""status"": ""OUT_OF_RANGE"", ""message"": ""Device reported a reading outside the selected range; clinical review is needed.""}",,
100055,55,True,True,True,True,0.20580369999879622,15.978546199999982,0.13403439999819966,16.343411199999537,"[[""Heart Failure guideline.pdf"", ""Heart Failure guideline.pdf"", ""Heart Failure guideline.pdf""]]","[{""parameter"": ""hemoglobin"", ""min"": 10, ""max"": 12}]","[{""parameter"": ""hemoglobin"", ""min"": 10, ""max"": 12}]",False,"{""status"": ""ALERT"", ""verified"": false, ""proof_type"": ""Bulletproofs"", ""public_bounds"": {""min"": 10, ""max"": 12, ""parameter"": ""hemoglobin""}, ""reason"": ""device reports reading outside range; no range proof was produced""}","{""status"": ""OUT_OF_RANGE"", ""message"": ""Device reported a reading outside the selected range; clinical review is needed.""}",,,0.22475639999902342,15.856323600000906,0.03081259999817121,16.143042600000626,"[[""Heart Failure guideline.pdf"", ""Heart Failure guideline.pdf"", ""Heart Failure guideline.pdf""]]","[{""parameter"": ""hemoglobin"", ""min"": 10, ""max"": 12}]","[{""parameter"": ""hemoglobin"", ""min"": 10, ""max"": 12}]",False,"{""status"": ""ALERT"", ""verified"": false, ""proof_type"": ""Bulletproofs"", ""public_bounds"": {""min"": 10, ""max"": 12, ""parameter"": ""hemoglobin""}, ""reason"": ""device reports reading outside range; no range proof was produced""}","{""status"": ""OUT_OF_RANGE"", ""message"": ""Device reported a reading outside the selected range; clinical review is needed.""}",,
100056,56,True,True,,,0.21450019999974757,13.624397300001874,,13.861483900000167,"[[""Diabetes guideline.pdf"", ""Diabetes guideline.pdf"", ""Diabetes guideline.pdf""]]","[{""parameter"": ""blood_glucose_level"", ""min"": 70, ""max"": 140}]",,,,,"RuntimeError: Tool run_cdss failed: {'error': 'Tool generate_policy failed: {\'error\': ""Unsupported model parameter: \'blood_glucose_level\'""}'}",bounds,0.18775540000206092,13.517043399999238,,13.729168499998195,"[[""Diabetes guideline.pdf"", ""Diabetes guideline.pdf"", ""Diabetes guideline.pdf""]]","[{""parameter"": ""blood_glucose_level"", ""min"": 70, ""max"": 140}]",,,,,"RuntimeError: Tool run_cdss failed: {'error': 'Tool generate_policy failed: {\'error\': ""Unsupported model parameter: \'blood_glucose_level\'""}'}",bounds
100057,57,True,True,True,True,0.19281340000088676,14.534161799998401,0.1294755000017176,14.88771220000126,"[[""Hypertension guideline.pdf"", ""Heart Failure guideline.pdf"", ""Hypertension guideline.pdf""]]","[{""parameter"": ""systolic_bp"", ""min"": 120, ""max"": 130}]","[{""parameter"": ""systolic_bp"", ""min"": 120, ""max"": 130}]",False,"{""status"": ""ALERT"", ""verified"": false, ""proof_type"": ""Bulletproofs"", ""public_bounds"": {""min"": 120, ""max"": 130, ""parameter"": ""systolic_bp""}, ""reason"": ""device reports reading outside range; no range proof was produced""}","{""status"": ""OUT_OF_RANGE"", ""message"": ""Device reported a reading outside the selected range; clinical review is needed.""}",,,0.19571630000064033,14.724747399999615,0.02741279999827384,14.979230799999641,"[[""Hypertension guideline.pdf"", ""Heart Failure guideline.pdf"", ""Hypertension guideline.pdf""]]","[{""parameter"": ""systolic_bp"", ""min"": 120, ""max"": 130}]","[{""parameter"": ""systolic_bp"", ""min"": 120, ""max"": 130}]",False,"{""status"": ""ALERT"", ""verified"": false, ""proof_type"": ""Bulletproofs"", ""public_bounds"": {""min"": 120, ""max"": 130, ""parameter"": ""systolic_bp""}, ""reason"": ""device reports reading outside range; no range proof was produced""}","{""status"": ""OUT_OF_RANGE"", ""message"": ""Device reported a reading outside the selected range; clinical review is needed.""}",,
100058,58,True,True,True,True,0.15217109999866807,17.232065100004547,0.12135120000311872,17.534969500000443,"[[""Heart Failure guideline.pdf"", ""Heart Failure guideline.pdf"", ""Heart Failure guideline.pdf""]]","[{""parameter"": ""heart_rate"", ""min"": 60, ""max"": 100}]","[{""parameter"": ""heart_rate"", ""min"": 60, ""max"": 100}]",False,"{""status"": ""ALERT"", ""verified"": false, ""proof_type"": ""Bulletproofs"", ""public_bounds"": {""min"": 60, ""max"": 100, ""parameter"": ""heart_rate""}, ""reason"": ""device reports reading outside range; no range proof was produced""}","{""status"": ""OUT_OF_RANGE"", ""message"": ""Device reported a reading outside the selected range; clinical review is needed.""}",,,0.2152016999971238,16.831284000003507,0.029982799998833798,17.10239200000069,"[[""Heart Failure guideline.pdf"", ""Heart Failure guideline.pdf"", ""Heart Failure guideline.pdf""]]","[{""parameter"": ""heart_rate"", ""min"": 60, ""max"": 100}]","[{""parameter"": ""heart_rate"", ""min"": 60, ""max"": 100}]",False,"{""status"": ""ALERT"", ""verified"": false, ""proof_type"": ""Bulletproofs"", ""public_bounds"": {""min"": 60, ""max"": 100, ""parameter"": ""heart_rate""}, ""reason"": ""device reports reading outside range; no range proof was produced""}","{""status"": ""OUT_OF_RANGE"", ""message"": ""Device reported a reading outside the selected range; clinical review is needed.""}",,
100059,59,True,True,True,True,0.1621610000001965,15.441519699998025,0.14594339999894146,15.778031000001647,"[[""Hypertension guideline.pdf"", ""Hypertension guideline.pdf"", ""Hypertension guideline.pdf""]]","[{""parameter"": ""systolic_bp"", ""min"": 120, ""max"": 140}]","[{""parameter"": ""systolic_bp"", ""min"": 120, ""max"": 140}]",True,"{""status"": ""NORMAL"", ""verified"": true, ""proof_type"": ""Bulletproofs"", ""public_bounds"": {""min"": 120, ""max"": 140, ""parameter"": ""systolic_bp""}, ""proof_size_bytes"": 800, ""prove_ms"": 64.147, ""verify_ms"": 6.426, ""zkp_process_ms"": 140.27259999784292, ""zkp_prove_ms"": 64.147, ""zkp_verify_ms"": 6.426}","{""status"": ""IN_RANGE"", ""message"": ""Verified reading(s) are within the selected range(s).""}",,,0.178285699999833,15.510556299999735,0.13448319999952218,15.852755200001411,"[[""Hypertension guideline.pdf"", ""Hypertension guideline.pdf"", ""Hypertension guideline.pdf""]]","[{""parameter"": ""systolic_bp"", ""min"": 120, ""max"": 140}]","[{""parameter"": ""systolic_bp"", ""min"": 120, ""max"": 140}]",True,"{""status"": ""NORMAL"", ""verified"": true, ""proof_type"": ""Bulletproofs"", ""public_bounds"": {""min"": 120, ""max"": 140, ""parameter"": ""systolic_bp""}, ""proof_size_bytes"": 800, ""prove_ms"": 60.547, ""verify_ms"": 5.594, ""zkp_process_ms"": 128.5957000000053, ""zkp_prove_ms"": 60.547, ""zkp_verify_ms"": 5.594}","{""status"": ""IN_RANGE"", ""message"": ""Verified reading(s) are within the selected range(s).""}",,
100060,60,True,True,,,0.22784060000049067,14.474920399999974,,14.72368710000228,"[[""Diabetes guideline.pdf"", ""Hypertension guideline.pdf"", ""Hypertension guideline.pdf""]]","[{""parameter"": ""peak_flow"", ""min"": 1.5, ""max"": 3.0}]",,,,,"RuntimeError: Tool run_cdss failed: {'error': 'Tool generate_policy failed: {\'error\': ""Unsupported model parameter: \'peak_flow\'""}'}",bounds,0.1648083999971277,14.577823200001149,,14.767053499999747,"[[""Diabetes guideline.pdf"", ""Hypertension guideline.pdf"", ""Hypertension guideline.pdf""]]","[{""parameter"": ""peak_flow"", ""min"": 1.5, ""max"": 3.0}]",,,,,"RuntimeError: Tool run_cdss failed: {'error': 'Tool generate_policy failed: {\'error\': ""Unsupported model parameter: \'peak_flow\'""}'}",bounds
100061,61,True,True,,,0.15812839999853168,14.593045900001016,,14.778743800001394,"[[""Diabetes guideline.pdf"", ""Hypertension guideline.pdf"", ""Hypertension guideline.pdf""]]","[{""parameter"": ""peak_flow"", ""min"": 300, ""max"": 450}]",,,,,"RuntimeError: Tool run_cdss failed: {'error': 'Tool generate_policy failed: {\'error\': ""Unsupported model parameter: \'peak_flow\'""}'}",bounds,0.16638479999892297,14.361086500000965,,14.55099920000066,"[[""Diabetes guideline.pdf"", ""Hypertension guideline.pdf"", ""Hypertension guideline.pdf""]]","[{""parameter"": ""peak_flow"", ""min"": 300, ""max"": 450}]",,,,,"RuntimeError: Tool run_cdss failed: {'error': 'Tool generate_policy failed: {\'error\': ""Unsupported model parameter: \'peak_flow\'""}'}",bounds
100062,62,True,True,True,True,0.2371915000003355,13.479417899998225,0.178284600002371,13.923856800000067,"[[""Hypertension guideline.pdf"", ""Hypertension guideline.pdf"", ""Hypertension guideline.pdf""]]","[{""parameter"": ""systolic_bp"", ""min"": 120, ""max"": 130}]","[{""parameter"": ""systolic_bp"", ""min"": 120, ""max"": 130}]",True,"{""status"": ""NORMAL"", ""verified"": true, ""proof_type"": ""Bulletproofs"", ""public_bounds"": {""min"": 120, ""max"": 130, ""parameter"": ""systolic_bp""}, ""proof_size_bytes"": 800, ""prove_ms"": 38.534, ""verify_ms"": 3.742, ""zkp_process_ms"": 173.3778000016173, ""zkp_prove_ms"": 38.534, ""zkp_verify_ms"": 3.742}","{""status"": ""IN_RANGE"", ""message"": ""Verified reading(s) are within the selected range(s).""}",,,0.22022160000051372,13.19592769999872,0.15128249999906984,13.59789770000134,"[[""Hypertension guideline.pdf"", ""Hypertension guideline.pdf"", ""Hypertension guideline.pdf""]]","[{""parameter"": ""systolic_bp"", ""min"": 120, ""max"": 130}]","[{""parameter"": ""systolic_bp"", ""min"": 120, ""max"": 130}]",True,"{""status"": ""NORMAL"", ""verified"": true, ""proof_type"": ""Bulletproofs"", ""public_bounds"": {""min"": 120, ""max"": 130, ""parameter"": ""systolic_bp""}, ""proof_size_bytes"": 800, ""prove_ms"": 54.105, ""verify_ms"": 7.554, ""zkp_process_ms"": 123.58180000228458, ""zkp_prove_ms"": 54.105, ""zkp_verify_ms"": 7.554}","{""status"": ""IN_RANGE"", ""message"": ""Verified reading(s) are within the selected range(s).""}",,
100063,63,True,True,True,True,0.14256339999701595,13.332790900003602,0.025689799997053342,13.522550999998202,"[[""Hypertension guideline.pdf"", ""Hypertension guideline.pdf"", ""Hypertension guideline.pdf""]]","[{""parameter"": ""systolic_bp"", ""min"": 120, ""max"": 130}]","[{""parameter"": ""systolic_bp"", ""min"": 120, ""max"": 130}]",False,"{""status"": ""ALERT"", ""verified"": false, ""proof_type"": ""Bulletproofs"", ""public_bounds"": {""min"": 120, ""max"": 130, ""parameter"": ""systolic_bp""}, ""reason"": ""device reports reading outside range; no range proof was produced""}","{""status"": ""OUT_OF_RANGE"", ""message"": ""Device reported a reading outside the selected range; clinical review is needed.""}",,,0.17821819999880972,13.091016400001536,0.032554900000832276,13.328605300001072,"[[""Hypertension guideline.pdf"", ""Hypertension guideline.pdf"", ""Hypertension guideline.pdf""]]","[{""parameter"": ""systolic_bp"", ""min"": 120, ""max"": 130}]","[{""parameter"": ""systolic_bp"", ""min"": 120, ""max"": 130}]",False,"{""status"": ""ALERT"", ""verified"": false, ""proof_type"": ""Bulletproofs"", ""public_bounds"": {""min"": 120, ""max"": 130, ""parameter"": ""systolic_bp""}, ""reason"": ""device reports reading outside range; no range proof was produced""}","{""status"": ""OUT_OF_RANGE"", ""message"": ""Device reported a reading outside the selected range; clinical review is needed.""}",,
100064,64,True,True,True,True,0.217104899998958,13.600852300001861,0.12201479999930598,13.969467899998563,"[[""Hypertension guideline.pdf"", ""Hypertension guideline.pdf"", ""Hypertension guideline.pdf""]]","[{""parameter"": ""systolic_bp"", ""min"": 120, ""max"": 130}]","[{""parameter"": ""systolic_bp"", ""min"": 120, ""max"": 130}]",False,"{""status"": ""ALERT"", ""verified"": false, ""proof_type"": ""Bulletproofs"", ""public_bounds"": {""min"": 120, ""max"": 130, ""parameter"": ""systolic_bp""}, ""reason"": ""device reports reading outside range; no range proof was produced""}","{""status"": ""OUT_OF_RANGE"", ""message"": ""Device reported a reading outside the selected range; clinical review is needed.""}",,,0.18553890000112006,14.080864999999903,0.02940689999741153,14.323994300000777,"[[""Hypertension guideline.pdf"", ""Hypertension guideline.pdf"", ""Hypertension guideline.pdf""]]","[{""parameter"": ""systolic_bp"", ""min"": 120, ""max"": 130}]","[{""parameter"": ""systolic_bp"", ""min"": 120, ""max"": 130}]",False,"{""status"": ""ALERT"", ""verified"": false, ""proof_type"": ""Bulletproofs"", ""public_bounds"": {""min"": 120, ""max"": 130, ""parameter"": ""systolic_bp""}, ""reason"": ""device reports reading outside range; no range proof was produced""}","{""status"": ""OUT_OF_RANGE"", ""message"": ""Device reported a reading outside the selected range; clinical review is needed.""}",,
100065,65,True,True,,,0.15711709999959567,12.819492999999056,,12.997141200001352,"[[""Diabetes guideline.pdf"", ""Diabetes guideline.pdf"", ""Diabetes guideline.pdf""]]","[{""parameter"": ""BMI"", ""min"": 25, ""max"": 30}]",,,,,"RuntimeError: Tool run_cdss failed: {'error': 'Tool generate_policy failed: {\'error\': ""Unsupported model parameter: \'BMI\'""}'}",bounds,0.5470478999995976,21.771494399999938,,22.352157299999817,"[[""Diabetes guideline.pdf"", ""Diabetes guideline.pdf"", ""Diabetes guideline.pdf""]]","[{""parameter"": ""BMI"", ""min"": 25, ""max"": 30}]",,,,,"RuntimeError: Tool run_cdss failed: {'error': 'Tool generate_policy failed: {\'error\': ""Unsupported model parameter: \'BMI\'""}'}",bounds
100066,66,True,True,True,True,0.16033799999786424,17.386089800002082,0.15319889999955194,17.72982459999912,"[[""Heart Failure guideline.pdf"", ""Heart Failure guideline.pdf"", ""Heart Failure guideline.pdf""]]","[{""parameter"": ""heart_rate"", ""min"": 60, ""max"": 100}]","[{""parameter"": ""heart_rate"", ""min"": 60, ""max"": 100}]",False,"{""status"": ""ALERT"", ""verified"": false, ""proof_type"": ""Bulletproofs"", ""public_bounds"": {""min"": 60, ""max"": 100, ""parameter"": ""heart_rate""}, ""reason"": ""device reports reading outside range; no range proof was produced""}","{""status"": ""OUT_OF_RANGE"", ""message"": ""Device reported a reading outside the selected range; clinical review is needed.""}",,,0.3950603000012052,21.31383509999796,0.03952660000140895,21.778729400000884,"[[""Heart Failure guideline.pdf"", ""Heart Failure guideline.pdf"", ""Heart Failure guideline.pdf""]]","[{""parameter"": ""heart_rate"", ""min"": 60, ""max"": 100}]","[{""parameter"": ""heart_rate"", ""min"": 60, ""max"": 100}]",False,"{""status"": ""ALERT"", ""verified"": false, ""proof_type"": ""Bulletproofs"", ""public_bounds"": {""min"": 60, ""max"": 100, ""parameter"": ""heart_rate""}, ""reason"": ""device reports reading outside range; no range proof was produced""}","{""status"": ""OUT_OF_RANGE"", ""message"": ""Device reported a reading outside the selected range; clinical review is needed.""}",,
100067,67,True,True,True,True,0.2059344000008423,14.604784700000891,0.12272500000108266,14.963506100000814,"[[""Hypertension guideline.pdf"", ""Hypertension guideline.pdf"", ""Hypertension guideline.pdf""]]","[{""parameter"": ""systolic_bp"", ""min"": 120, ""max"": 130}]","[{""parameter"": ""systolic_bp"", ""min"": 120, ""max"": 130}]",False,"{""status"": ""ALERT"", ""verified"": false, ""proof_type"": ""Bulletproofs"", ""public_bounds"": {""min"": 120, ""max"": 130, ""parameter"": ""systolic_bp""}, ""reason"": ""device reports reading outside range; no range proof was produced""}","{""status"": ""OUT_OF_RANGE"", ""message"": ""Device reported a reading outside the selected range; clinical review is needed.""}",,,0.13911159999770462,16.28255500000523,0.14250170000013895,16.590971000001446,"[[""Hypertension guideline.pdf"", ""Hypertension guideline.pdf"", ""Hypertension guideline.pdf""]]","[{""parameter"": ""systolic_bp"", ""min"": 120, ""max"": 130}]","[{""parameter"": ""systolic_bp"", ""min"": 120, ""max"": 130}]",False,"{""status"": ""ALERT"", ""verified"": false, ""proof_type"": ""Bulletproofs"", ""public_bounds"": {""min"": 120, ""max"": 130, ""parameter"": ""systolic_bp""}, ""reason"": ""device reports reading outside range; no range proof was produced""}","{""status"": ""OUT_OF_RANGE"", ""message"": ""Device reported a reading outside the selected range; clinical review is needed.""}",,
100068,68,True,True,True,True,0.1604814999991504,15.511409900002036,0.12503189999915776,15.82281520000106,"[[""Heart Failure guideline.pdf"", ""Heart Failure guideline.pdf"", ""Heart Failure guideline.pdf""]]","[{""parameter"": ""systolic_bp"", ""min"": 90, ""max"": 120}]","[{""parameter"": ""systolic_bp"", ""min"": 90, ""max"": 120}]",False,"{""status"": ""ALERT"", ""verified"": false, ""proof_type"": ""Bulletproofs"", ""public_bounds"": {""min"": 90, ""max"": 120, ""parameter"": ""systolic_bp""}, ""reason"": ""device reports reading outside range; no range proof was produced""}","{""status"": ""OUT_OF_RANGE"", ""message"": ""Device reported a reading outside the selected range; clinical review is needed.""}",,,0.28121119999923394,17.424734600001102,0.03311029999895254,17.774640700001328,"[[""Heart Failure guideline.pdf"", ""Heart Failure guideline.pdf"", ""Heart Failure guideline.pdf""]]","[{""parameter"": ""systolic_bp"", ""min"": 90, ""max"": 120}]","[{""parameter"": ""systolic_bp"", ""min"": 90, ""max"": 120}]",False,"{""status"": ""ALERT"", ""verified"": false, ""proof_type"": ""Bulletproofs"", ""public_bounds"": {""min"": 90, ""max"": 120, ""parameter"": ""systolic_bp""}, ""reason"": ""device reports reading outside range; no range proof was produced""}","{""status"": ""OUT_OF_RANGE"", ""message"": ""Device reported a reading outside the selected range; clinical review is needed.""}",,
100069,69,True,True,,,0.14342260000194074,12.885325699997338,,13.05446419999862,"[[""Diabetes guideline.pdf"", ""Diabetes guideline.pdf"", ""Diabetes guideline.pdf""]]","[{""parameter"": ""BMI"", ""min"": 25, ""max"": 30}]",,,,,"RuntimeError: Tool run_cdss failed: {'error': 'Tool generate_policy failed: {\'error\': ""Unsupported model parameter: \'BMI\'""}'}",bounds,0.3626141999993706,14.86291159999746,,15.25420369999847,"[[""Diabetes guideline.pdf"", ""Diabetes guideline.pdf"", ""Diabetes guideline.pdf""]]","[{""parameter"": ""BMI"", ""min"": 25, ""max"": 30}]",,,,,"RuntimeError: Tool run_cdss failed: {'error': 'Tool generate_policy failed: {\'error\': ""Unsupported model parameter: \'BMI\'""}'}",bounds
100070,70,True,True,,,0.2031691000011051,13.127783899999486,,13.361547999997128,"[[""Diabetes guideline.pdf"", ""Diabetes guideline.pdf"", ""Diabetes guideline.pdf""]]","[{""parameter"": ""BMI"", ""min"": 25, ""max"": 30}]",,,,,"RuntimeError: Tool run_cdss failed: {'error': 'Tool generate_policy failed: {\'error\': ""Unsupported model parameter: \'BMI\'""}'}",bounds,0.2621614000017871,14.173969399998896,,14.4720410000009,"[[""Diabetes guideline.pdf"", ""Diabetes guideline.pdf"", ""Diabetes guideline.pdf""]]","[{""parameter"": ""BMI"", ""min"": 25, ""max"": 30}]",,,,,"RuntimeError: Tool run_cdss failed: {'error': 'Tool generate_policy failed: {\'error\': ""Unsupported model parameter: \'BMI\'""}'}",bounds
100071,71,True,True,,,0.20268140000189305,12.899082399995677,,13.124935400002869,"[[""Hypertension guideline.pdf"", ""Heart Failure guideline.pdf"", ""Hypertension guideline.pdf""]]","[{""parameter"": ""blood_pressure"", ""min"": 120, ""max"": 130}]",,,,,"RuntimeError: Tool run_cdss failed: {'error': 'Tool generate_policy failed: {\'error\': ""Unsupported model parameter: \'blood_pressure\'""}'}",bounds,0.17499700000189478,14.187170699999115,,14.388816699996823,"[[""Hypertension guideline.pdf"", ""Heart Failure guideline.pdf"", ""Hypertension guideline.pdf""]]","[{""parameter"": ""blood_pressure"", ""min"": 120, ""max"": 130}]",,,,,"RuntimeError: Tool run_cdss failed: {'error': 'Tool generate_policy failed: {\'error\': ""Unsupported model parameter: \'blood_pressure\'""}'}",bounds
100072,72,True,True,,,0.24557670000285725,13.605133199998818,,13.876089400000637,"[[""Diabetes guideline.pdf"", ""Diabetes guideline.pdf"", ""Diabetes guideline.pdf""]]","[{""parameter"": ""BMI"", ""min"": 18.5, ""max"": 24.9}]",,,,,"RuntimeError: Tool run_cdss failed: {'error': 'Tool generate_policy failed: {\'error\': ""Unsupported model parameter: \'BMI\'""}'}",bounds,0.1638609000001452,15.084179199999198,,15.275708300003316,"[[""Diabetes guideline.pdf"", ""Diabetes guideline.pdf"", ""Diabetes guideline.pdf""]]","[{""parameter"": ""BMI"", ""min"": 18.5, ""max"": 24.9}]",,,,,"RuntimeError: Tool run_cdss failed: {'error': 'Tool generate_policy failed: {\'error\': ""Unsupported model parameter: \'BMI\'""}'}",bounds
100073,73,True,True,,,0.2058324999998149,13.7760812000015,,14.0087792000013,"[[""Diabetes guideline.pdf"", ""Hypertension guideline.pdf"", ""Hypertension guideline.pdf""]]","[{""parameter"": ""peak_flow"", ""min"": 300, ""max"": 400}]",,,,,"RuntimeError: Tool run_cdss failed: {'error': 'Tool generate_policy failed: {\'error\': ""Unsupported model parameter: \'peak_flow\'""}'}",bounds,0.19054359999790904,15.191207700001542,,15.413331600000674,"[[""Diabetes guideline.pdf"", ""Hypertension guideline.pdf"", ""Hypertension guideline.pdf""]]","[{""parameter"": ""peak_flow"", ""min"": 300, ""max"": 400}]",,,,,"RuntimeError: Tool run_cdss failed: {'error': 'Tool generate_policy failed: {\'error\': ""Unsupported model parameter: \'peak_flow\'""}'}",bounds
100074,74,True,True,True,True,0.20481799999834038,15.884228000002622,0.12689250000039465,16.251655299998674,"[[""Hypertension guideline.pdf"", ""Heart Failure guideline.pdf"", ""Hypertension guideline.pdf""]]","[{""parameter"": ""systolic_bp"", ""min"": 120, ""max"": 130}]","[{""parameter"": ""systolic_bp"", ""min"": 120, ""max"": 130}]",False,"{""status"": ""ALERT"", ""verified"": false, ""proof_type"": ""Bulletproofs"", ""public_bounds"": {""min"": 120, ""max"": 130, ""parameter"": ""systolic_bp""}, ""reason"": ""device reports reading outside range; no range proof was produced""}","{""status"": ""OUT_OF_RANGE"", ""message"": ""Device reported a reading outside the selected range; clinical review is needed.""}",,,0.23585540000203764,15.835097199997108,0.037452000000484986,16.143697700001212,"[[""Hypertension guideline.pdf"", ""Heart Failure guideline.pdf"", ""Hypertension guideline.pdf""]]","[{""parameter"": ""systolic_bp"", ""min"": 120, ""max"": 130}]","[{""parameter"": ""systolic_bp"", ""min"": 120, ""max"": 130}]",False,"{""status"": ""ALERT"", ""verified"": false, ""proof_type"": ""Bulletproofs"", ""public_bounds"": {""min"": 120, ""max"": 130, ""parameter"": ""systolic_bp""}, ""reason"": ""device reports reading outside range; no range proof was produced""}","{""status"": ""OUT_OF_RANGE"", ""message"": ""Device reported a reading outside the selected range; clinical review is needed.""}",,
100075,75,True,True,,,0.18864309999844409,13.981926400003431,,14.19199689999732,"[[""Diabetes guideline.pdf"", ""Diabetes guideline.pdf"", ""Diabetes guideline.pdf""]]","[{""parameter"": ""BMI"", ""min"": 18.5, ""max"": 24.9}]",,,,,"RuntimeError: Tool run_cdss failed: {'error': 'Tool generate_policy failed: {\'error\': ""Unsupported model parameter: \'BMI\'""}'}",bounds,0.18947690000277362,14.49930349999704,,14.713576500002091,"[[""Diabetes guideline.pdf"", ""Diabetes guideline.pdf"", ""Diabetes guideline.pdf""]]","[{""parameter"": ""BMI"", ""min"": 18.5, ""max"": 24.9}]",,,,,"RuntimeError: Tool run_cdss failed: {'error': 'Tool generate_policy failed: {\'error\': ""Unsupported model parameter: \'BMI\'""}'}",bounds
100076,76,True,True,True,True,0.19654980000268552,14.660612499996205,0.1195694000016374,15.008989800000563,"[[""Hypertension guideline.pdf"", ""Hypertension guideline.pdf"", ""Hypertension guideline.pdf""]]","[{""parameter"": ""systolic_bp"", ""min"": 120, ""max"": 130}]","[{""parameter"": ""systolic_bp"", ""min"": 120, ""max"": 130}]",False,"{""status"": ""ALERT"", ""verified"": false, ""proof_type"": ""Bulletproofs"", ""public_bounds"": {""min"": 120, ""max"": 130, ""parameter"": ""systolic_bp""}, ""reason"": ""device reports reading outside range; no range proof was produced""}","{""status"": ""OUT_OF_RANGE"", ""message"": ""Device reported a reading outside the selected range; clinical review is needed.""}",,,0.1826498000009451,15.531067999996594,0.03546060000007856,15.784831099997973,"[[""Hypertension guideline.pdf"", ""Hypertension guideline.pdf"", ""Hypertension guideline.pdf""]]","[{""parameter"": ""systolic_bp"", ""min"": 120, ""max"": 130}]","[{""parameter"": ""systolic_bp"", ""min"": 120, ""max"": 130}]",False,"{""status"": ""ALERT"", ""verified"": false, ""proof_type"": ""Bulletproofs"", ""public_bounds"": {""min"": 120, ""max"": 130, ""parameter"": ""systolic_bp""}, ""reason"": ""device reports reading outside range; no range proof was produced""}","{""status"": ""OUT_OF_RANGE"", ""message"": ""Device reported a reading outside the selected range; clinical review is needed.""}",,
100077,77,True,True,True,True,0.14316820000021835,15.587546000002476,0.12563149999914458,15.886726200002158,"[[""Hypertension guideline.pdf"", ""Heart Failure guideline.pdf"", ""Hypertension guideline.pdf""]]","[{""parameter"": ""systolic_bp"", ""min"": 120, ""max"": 130}]","[{""parameter"": ""systolic_bp"", ""min"": 120, ""max"": 130}]",False,"{""status"": ""ALERT"", ""verified"": false, ""proof_type"": ""Bulletproofs"", ""public_bounds"": {""min"": 120, ""max"": 130, ""parameter"": ""systolic_bp""}, ""reason"": ""device reports reading outside range; no range proof was produced""}","{""status"": ""OUT_OF_RANGE"", ""message"": ""Device reported a reading outside the selected range; clinical review is needed.""}",,,0.17697670000052312,17.208603700000822,0.035267899998871144,17.451183400000446,"[[""Hypertension guideline.pdf"", ""Heart Failure guideline.pdf"", ""Hypertension guideline.pdf""]]","[{""parameter"": ""systolic_bp"", ""min"": 120, ""max"": 130}]","[{""parameter"": ""systolic_bp"", ""min"": 120, ""max"": 130}]",False,"{""status"": ""ALERT"", ""verified"": false, ""proof_type"": ""Bulletproofs"", ""public_bounds"": {""min"": 120, ""max"": 130, ""parameter"": ""systolic_bp""}, ""reason"": ""device reports reading outside range; no range proof was produced""}","{""status"": ""OUT_OF_RANGE"", ""message"": ""Device reported a reading outside the selected range; clinical review is needed.""}",,
100078,78,True,True,,,0.2157163000010769,12.71729299999788,,12.956372200002079,"[[""Diabetes guideline.pdf"", ""Diabetes guideline.pdf"", ""Diabetes guideline.pdf""]]","[{""parameter"": ""BMI"", ""min"": 25, ""max"": 30}]",,,,,"RuntimeError: Tool run_cdss failed: {'error': 'Tool generate_policy failed: {\'error\': ""Unsupported model parameter: \'BMI\'""}'}",bounds,0.2034696000009717,14.034086799998477,,14.263488000000507,"[[""Diabetes guideline.pdf"", ""Diabetes guideline.pdf"", ""Diabetes guideline.pdf""]]","[{""parameter"": ""BMI"", ""min"": 25, ""max"": 30}]",,,,,"RuntimeError: Tool run_cdss failed: {'error': 'Tool generate_policy failed: {\'error\': ""Unsupported model parameter: \'BMI\'""}'}",bounds
100079,79,True,True,True,True,0.18724490000022342,6.762257800000953,0.05619700000170269,7.034483899999032,"[[""Hypertension guideline.pdf"", ""Hypertension guideline.pdf"", ""Hypertension guideline.pdf""]]","[{""parameter"": ""systolic_bp"", ""min"": 120, ""max"": 140}]","[{""parameter"": ""systolic_bp"", ""min"": 120, ""max"": 140}]",False,"{""status"": ""ALERT"", ""verified"": false, ""proof_type"": ""Bulletproofs"", ""public_bounds"": {""min"": 120, ""max"": 140, ""parameter"": ""systolic_bp""}, ""reason"": ""device reports reading outside range; no range proof was produced""}","{""status"": ""OUT_OF_RANGE"", ""message"": ""Device reported a reading outside the selected range; clinical review is needed.""}",,,0.22301859999788576,6.64385780000157,0.03128450000076555,6.950435600003402,"[[""Hypertension guideline.pdf"", ""Hypertension guideline.pdf"", ""Hypertension guideline.pdf""]]","[{""parameter"": ""systolic_bp"", ""min"": 120, ""max"": 140}]","[{""parameter"": ""systolic_bp"", ""min"": 120, ""max"": 140}]",False,"{""status"": ""ALERT"", ""verified"": false, ""proof_type"": ""Bulletproofs"", ""public_bounds"": {""min"": 120, ""max"": 140, ""parameter"": ""systolic_bp""}, ""reason"": ""device reports reading outside range; no range proof was produced""}","{""status"": ""OUT_OF_RANGE"", ""message"": ""Device reported a reading outside the selected range; clinical review is needed.""}",,
100080,80,True,True,True,True,0.1982519000011962,13.47431460000007,0.026439299999765353,13.730991899999935,"[[""Hypertension guideline.pdf"", ""Hypertension guideline.pdf"", ""Hypertension guideline.pdf""]]","[{""parameter"": ""systolic_bp"", ""min"": 120, ""max"": 130}]","[{""parameter"": ""systolic_bp"", ""min"": 120, ""max"": 130}]",False,"{""status"": ""ALERT"", ""verified"": false, ""proof_type"": ""Bulletproofs"", ""public_bounds"": {""min"": 120, ""max"": 130, ""parameter"": ""systolic_bp""}, ""reason"": ""device reports reading outside range; no range proof was produced""}","{""status"": ""OUT_OF_RANGE"", ""message"": ""Device reported a reading outside the selected range; clinical review is needed.""}",,,0.21150370000032126,13.62330909999946,0.030254200002673315,13.895704300000943,"[[""Hypertension guideline.pdf"", ""Hypertension guideline.pdf"", ""Hypertension guideline.pdf""]]","[{""parameter"": ""systolic_bp"", ""min"": 120, ""max"": 130}]","[{""parameter"": ""systolic_bp"", ""min"": 120, ""max"": 130}]",False,"{""status"": ""ALERT"", ""verified"": false, ""proof_type"": ""Bulletproofs"", ""public_bounds"": {""min"": 120, ""max"": 130, ""parameter"": ""systolic_bp""}, ""reason"": ""device reports reading outside range; no range proof was produced""}","{""status"": ""OUT_OF_RANGE"", ""message"": ""Device reported a reading outside the selected range; clinical review is needed.""}",,
100081,81,True,True,True,True,0.21155349999753525,13.182668100005685,0.1815535000023374,13.60273049999887,"[[""Hypertension guideline.pdf"", ""Hypertension guideline.pdf"", ""Hypertension guideline.pdf""]]","[{""parameter"": ""systolic_bp"", ""min"": 130, ""max"": 139}]","[{""parameter"": ""systolic_bp"", ""min"": 130, ""max"": 139}]",True,"{""status"": ""NORMAL"", ""verified"": true, ""proof_type"": ""Bulletproofs"", ""public_bounds"": {""min"": 130, ""max"": 139, ""parameter"": ""systolic_bp""}, ""proof_size_bytes"": 800, ""prove_ms"": 36.388, ""verify_ms"": 3.601, ""zkp_process_ms"": 176.87510000178008, ""zkp_prove_ms"": 36.388, ""zkp_verify_ms"": 3.601}","{""status"": ""IN_RANGE"", ""message"": ""Verified reading(s) are within the selected range(s).""}",,,0.16771259999950416,13.820264300000417,0.1602171000013186,14.175454800002626,"[[""Hypertension guideline.pdf"", ""Hypertension guideline.pdf"", ""Hypertension guideline.pdf""]]","[{""parameter"": ""systolic_bp"", ""min"": 130, ""max"": 139}]","[{""parameter"": ""systolic_bp"", ""min"": 130, ""max"": 139}]",True,"{""status"": ""NORMAL"", ""verified"": true, ""proof_type"": ""Bulletproofs"", ""public_bounds"": {""min"": 130, ""max"": 139, ""parameter"": ""systolic_bp""}, ""proof_size_bytes"": 800, ""prove_ms"": 76.115, ""verify_ms"": 4.719, ""zkp_process_ms"": 155.2988000003097, ""zkp_prove_ms"": 76.115, ""zkp_verify_ms"": 4.719}","{""status"": ""IN_RANGE"", ""message"": ""Verified reading(s) are within the selected range(s).""}",,
100082,82,True,True,True,True,0.20138429999860818,13.685090900002251,0.06161219999921741,13.988416600001074,"[[""Hypertension guideline.pdf"", ""Hypertension guideline.pdf"", ""Hypertension guideline.pdf""]]","[{""parameter"": ""systolic_bp"", ""min"": 120, ""max"": 130}]","[{""parameter"": ""systolic_bp"", ""min"": 120, ""max"": 130}]",False,"{""status"": ""ALERT"", ""verified"": false, ""proof_type"": ""Bulletproofs"", ""public_bounds"": {""min"": 120, ""max"": 130, ""parameter"": ""systolic_bp""}, ""reason"": ""device reports reading outside range; no range proof was produced""}","{""status"": ""OUT_OF_RANGE"", ""message"": ""Device reported a reading outside the selected range; clinical review is needed.""}",,,0.16005390000282205,14.829655999998067,0.03832250000050408,15.054049599999416,"[[""Hypertension guideline.pdf"", ""Hypertension guideline.pdf"", ""Hypertension guideline.pdf""]]","[{""parameter"": ""systolic_bp"", ""min"": 120, ""max"": 130}]","[{""parameter"": ""systolic_bp"", ""min"": 120, ""max"": 130}]",False,"{""status"": ""ALERT"", ""verified"": false, ""proof_type"": ""Bulletproofs"", ""public_bounds"": {""min"": 120, ""max"": 130, ""parameter"": ""systolic_bp""}, ""reason"": ""device reports reading outside range; no range proof was produced""}","{""status"": ""OUT_OF_RANGE"", ""message"": ""Device reported a reading outside the selected range; clinical review is needed.""}",,
100083,83,True,True,True,True,0.36376320000272244,15.30691879999722,0.09199720000106026,15.944925599997077,"[[""Hypertension guideline.pdf"", ""Hypertension guideline.pdf"", ""Hypertension guideline.pdf""]]","[{""parameter"": ""systolic_bp"", ""min"": 90, ""max"": 120}]","[{""parameter"": ""systolic_bp"", ""min"": 90, ""max"": 120}]",True,"{""status"": ""NORMAL"", ""verified"": true, ""proof_type"": ""Bulletproofs"", ""public_bounds"": {""min"": 90, ""max"": 120, ""parameter"": ""systolic_bp""}, ""proof_size_bytes"": 800, ""prove_ms"": 36.791, ""verify_ms"": 4.091, ""zkp_process_ms"": 87.30020000075456, ""zkp_prove_ms"": 36.791, ""zkp_verify_ms"": 4.091}","{""status"": ""IN_RANGE"", ""message"": ""Verified reading(s) are within the selected range(s).""}",,,0.20001350000165985,16.990054999998392,0.18762169999899925,17.411636299999373,"[[""Hypertension guideline.pdf"", ""Hypertension guideline.pdf"", ""Hypertension guideline.pdf""]]","[{""parameter"": ""systolic_bp"", ""min"": 90, ""max"": 120}]","[{""parameter"": ""systolic_bp"", ""min"": 90, ""max"": 120}]",True,"{""status"": ""NORMAL"", ""verified"": true, ""proof_type"": ""Bulletproofs"", ""public_bounds"": {""min"": 90, ""max"": 120, ""parameter"": ""systolic_bp""}, ""proof_size_bytes"": 800, ""prove_ms"": 81.511, ""verify_ms"": 9.99, ""zkp_process_ms"": 181.35819999952218, ""zkp_prove_ms"": 81.511, ""zkp_verify_ms"": 9.99}","{""status"": ""IN_RANGE"", ""message"": ""Verified reading(s) are within the selected range(s).""}",,
100084,84,True,True,True,True,0.30392070000016247,14.723141299997224,0.12439570000060485,15.17721420000089,"[[""Hypertension guideline.pdf"", ""Hypertension guideline.pdf"", ""Hypertension guideline.pdf""]]","[{""parameter"": ""systolic_bp"", ""min"": 90, ""max"": 120}]","[{""parameter"": ""systolic_bp"", ""min"": 90, ""max"": 120}]",False,"{""status"": ""ALERT"", ""verified"": false, ""proof_type"": ""Bulletproofs"", ""public_bounds"": {""min"": 90, ""max"": 120, ""parameter"": ""systolic_bp""}, ""reason"": ""device reports reading outside range; no range proof was produced""}","{""status"": ""OUT_OF_RANGE"", ""message"": ""Device reported a reading outside the selected range; clinical review is needed.""}",,,0.24706809999770485,16.098743600003218,0.03258049999931245,16.413432599998487,"[[""Hypertension guideline.pdf"", ""Hypertension guideline.pdf"", ""Hypertension guideline.pdf""]]","[{""parameter"": ""systolic_bp"", ""min"": 90, ""max"": 120}]","[{""parameter"": ""systolic_bp"", ""min"": 90, ""max"": 120}]",False,"{""status"": ""ALERT"", ""verified"": false, ""proof_type"": ""Bulletproofs"", ""public_bounds"": {""min"": 90, ""max"": 120, ""parameter"": ""systolic_bp""}, ""reason"": ""device reports reading outside range; no range proof was produced""}","{""status"": ""OUT_OF_RANGE"", ""message"": ""Device reported a reading outside the selected range; clinical review is needed.""}",,
100085,85,True,True,,,0.14522480000232463,14.55491229999825,,14.744240600000921,"[[""Diabetes guideline.pdf"", ""Hypertension guideline.pdf"", ""Hypertension guideline.pdf""]]","[{""parameter"": ""peak_flow"", ""min"": 300, ""max"": 450}]",,,,,"RuntimeError: Tool run_cdss failed: {'error': 'Tool generate_policy failed: {\'error\': ""Unsupported model parameter: \'peak_flow\'""}'}",bounds,0.3174335000003339,16.51096420000249,,16.85564819999854,"[[""Diabetes guideline.pdf"", ""Hypertension guideline.pdf"", ""Hypertension guideline.pdf""]]","[{""parameter"": ""peak_flow"", ""min"": 300, ""max"": 450}]",,,,,"RuntimeError: Tool run_cdss failed: {'error': 'Tool generate_policy failed: {\'error\': ""Unsupported model parameter: \'peak_flow\'""}'}",bounds
100086,86,True,True,True,True,0.22053239999877405,13.512489900000219,0.11945720000221627,13.886982800002443,"[[""Hypertension guideline.pdf"", ""Hypertension guideline.pdf"", ""Hypertension guideline.pdf""]]","[{""parameter"": ""systolic_bp"", ""min"": 120, ""max"": 130}]","[{""parameter"": ""systolic_bp"", ""min"": 120, ""max"": 130}]",False,"{""status"": ""ALERT"", ""verified"": false, ""proof_type"": ""Bulletproofs"", ""public_bounds"": {""min"": 120, ""max"": 130, ""parameter"": ""systolic_bp""}, ""reason"": ""device reports reading outside range; no range proof was produced""}","{""status"": ""OUT_OF_RANGE"", ""message"": ""Device reported a reading outside the selected range; clinical review is needed.""}",,,0.26401150000310736,15.001158599996415,0.040769499999441905,15.339305999998032,"[[""Hypertension guideline.pdf"", ""Hypertension guideline.pdf"", ""Hypertension guideline.pdf""]]","[{""parameter"": ""systolic_bp"", ""min"": 120, ""max"": 130}]","[{""parameter"": ""systolic_bp"", ""min"": 120, ""max"": 130}]",False,"{""status"": ""ALERT"", ""verified"": false, ""proof_type"": ""Bulletproofs"", ""public_bounds"": {""min"": 120, ""max"": 130, ""parameter"": ""systolic_bp""}, ""reason"": ""device reports reading outside range; no range proof was produced""}","{""status"": ""OUT_OF_RANGE"", ""message"": ""Device reported a reading outside the selected range; clinical review is needed.""}",,
100087,87,True,True,True,True,0.1353140000028361,17.309871999994357,0.13754179999887128,17.631742700003088,"[[""Heart Failure guideline.pdf"", ""Heart Failure guideline.pdf"", ""Heart Failure guideline.pdf""]]","[{""parameter"": ""heart_rate"", ""min"": 60, ""max"": 100}]","[{""parameter"": ""heart_rate"", ""min"": 60, ""max"": 100}]",False,"{""status"": ""ALERT"", ""verified"": false, ""proof_type"": ""Bulletproofs"", ""public_bounds"": {""min"": 60, ""max"": 100, ""parameter"": ""heart_rate""}, ""reason"": ""device reports reading outside range; no range proof was produced""}","{""status"": ""OUT_OF_RANGE"", ""message"": ""Device reported a reading outside the selected range; clinical review is needed.""}",,,0.21832680000079563,18.83681819999765,0.02850100000068778,19.114678800000547,"[[""Heart Failure guideline.pdf"", ""Heart Failure guideline.pdf"", ""Heart Failure guideline.pdf""]]","[{""parameter"": ""heart_rate"", ""min"": 60, ""max"": 100}]","[{""parameter"": ""heart_rate"", ""min"": 60, ""max"": 100}]",False,"{""status"": ""ALERT"", ""verified"": false, ""proof_type"": ""Bulletproofs"", ""public_bounds"": {""min"": 60, ""max"": 100, ""parameter"": ""heart_rate""}, ""reason"": ""device reports reading outside range; no range proof was produced""}","{""status"": ""OUT_OF_RANGE"", ""message"": ""Device reported a reading outside the selected range; clinical review is needed.""}",,
100088,88,True,True,True,True,0.20623950000299374,13.725361499997234,0.1253026000013051,14.082159600002342,"[[""Hypertension guideline.pdf"", ""Hypertension guideline.pdf"", ""Hypertension guideline.pdf""]]","[{""parameter"": ""systolic_bp"", ""min"": 120, ""max"": 130}]","[{""parameter"": ""systolic_bp"", ""min"": 120, ""max"": 130}]",False,"{""status"": ""ALERT"", ""verified"": false, ""proof_type"": ""Bulletproofs"", ""public_bounds"": {""min"": 120, ""max"": 130, ""parameter"": ""systolic_bp""}, ""reason"": ""device reports reading outside range; no range proof was produced""}","{""status"": ""OUT_OF_RANGE"", ""message"": ""Device reported a reading outside the selected range; clinical review is needed.""}",,,0.3445179000009375,15.156355899998744,0.036547200001223246,15.569063700000697,"[[""Hypertension guideline.pdf"", ""Hypertension guideline.pdf"", ""Hypertension guideline.pdf""]]","[{""parameter"": ""systolic_bp"", ""min"": 120, ""max"": 130}]","[{""parameter"": ""systolic_bp"", ""min"": 120, ""max"": 130}]",False,"{""status"": ""ALERT"", ""verified"": false, ""proof_type"": ""Bulletproofs"", ""public_bounds"": {""min"": 120, ""max"": 130, ""parameter"": ""systolic_bp""}, ""reason"": ""device reports reading outside range; no range proof was produced""}","{""status"": ""OUT_OF_RANGE"", ""message"": ""Device reported a reading outside the selected range; clinical review is needed.""}",,
100089,89,True,True,,,0.20564979999835487,14.086493700000574,,14.313445600000705,"[[""Diabetes guideline.pdf"", ""Hypertension guideline.pdf"", ""Hypertension guideline.pdf""]]","[{""parameter"": ""peak_flow"", ""min"": 300, ""max"": 400}]",,,,,"RuntimeError: Tool run_cdss failed: {'error': 'Tool generate_policy failed: {\'error\': ""Unsupported model parameter: \'peak_flow\'""}'}",bounds,0.29625840000153403,15.061167200001364,,15.385423799998534,"[[""Diabetes guideline.pdf"", ""Hypertension guideline.pdf"", ""Hypertension guideline.pdf""]]","[{""parameter"": ""peak_flow"", ""min"": 300, ""max"": 400}]",,,,,"RuntimeError: Tool run_cdss failed: {'error': 'Tool generate_policy failed: {\'error\': ""Unsupported model parameter: \'peak_flow\'""}'}",bounds
100090,90,True,True,True,True,0.21375950000219746,5.835513999994873,0.17202139999790234,6.2505517000026884,"[[""Heart Failure guideline.pdf"", ""Heart Failure guideline.pdf"", ""Heart Failure guideline.pdf""]]","[{""parameter"": ""hemoglobin"", ""min"": 10, ""max"": 12}]","[{""parameter"": ""hemoglobin"", ""min"": 10, ""max"": 12}]",True,"{""status"": ""NORMAL"", ""verified"": true, ""proof_type"": ""Bulletproofs"", ""public_bounds"": {""min"": 10, ""max"": 12, ""parameter"": ""hemoglobin""}, ""proof_size_bytes"": 800, ""prove_ms"": 33.787, ""verify_ms"": 3.654, ""zkp_process_ms"": 167.23819999970146, ""zkp_prove_ms"": 33.787, ""zkp_verify_ms"": 3.654}","{""status"": ""IN_RANGE"", ""message"": ""Verified reading(s) are within the selected range(s).""}",,,0.24736889999985578,5.81186069999967,0.13676520000080927,6.229559799998242,"[[""Heart Failure guideline.pdf"", ""Heart Failure guideline.pdf"", ""Heart Failure guideline.pdf""]]","[{""parameter"": ""hemoglobin"", ""min"": 10, ""max"": 12}]","[{""parameter"": ""hemoglobin"", ""min"": 10, ""max"": 12}]",True,"{""status"": ""NORMAL"", ""verified"": true, ""proof_type"": ""Bulletproofs"", ""public_bounds"": {""min"": 10, ""max"": 12, ""parameter"": ""hemoglobin""}, ""proof_size_bytes"": 800, ""prove_ms"": 53.547, ""verify_ms"": 5.71, ""zkp_process_ms"": 131.4213000005111, ""zkp_prove_ms"": 53.547, ""zkp_verify_ms"": 5.71}","{""status"": ""IN_RANGE"", ""message"": ""Verified reading(s) are within the selected range(s).""}",,
100091,91,True,True,True,True,0.15121409999846946,15.465682500002004,0.12024400000154856,15.76069980000102,"[[""Heart Failure guideline.pdf"", ""Heart Failure guideline.pdf"", ""Heart Failure guideline.pdf""]]","[{""parameter"": ""systolic_bp"", ""min"": 90, ""max"": 120}]","[{""parameter"": ""systolic_bp"", ""min"": 90, ""max"": 120}]",False,"{""status"": ""ALERT"", ""verified"": false, ""proof_type"": ""Bulletproofs"", ""public_bounds"": {""min"": 90, ""max"": 120, ""parameter"": ""systolic_bp""}, ""reason"": ""device reports reading outside range; no range proof was produced""}","{""status"": ""OUT_OF_RANGE"", ""message"": ""Device reported a reading outside the selected range; clinical review is needed.""}",,,0.17888879999736673,15.600543300002755,0.024554100000386825,15.855464899999788,"[[""Heart Failure guideline.pdf"", ""Heart Failure guideline.pdf"", ""Heart Failure guideline.pdf""]]","[{""parameter"": ""systolic_bp"", ""min"": 90, ""max"": 120}]","[{""parameter"": ""systolic_bp"", ""min"": 90, ""max"": 120}]",False,"{""status"": ""ALERT"", ""verified"": false, ""proof_type"": ""Bulletproofs"", ""public_bounds"": {""min"": 90, ""max"": 120, ""parameter"": ""systolic_bp""}, ""reason"": ""device reports reading outside range; no range proof was produced""}","{""status"": ""OUT_OF_RANGE"", ""message"": ""Device reported a reading outside the selected range; clinical review is needed.""}",,
100092,92,True,True,True,True,0.1277178999989701,13.324087500001042,0.12258870000005118,13.840921500002878,"[[""Hypertension guideline.pdf"", ""Hypertension guideline.pdf"", ""Hypertension guideline.pdf""]]","[{""parameter"": ""systolic_bp"", ""min"": 120, ""max"": 130}]","[{""parameter"": ""systolic_bp"", ""min"": 120, ""max"": 130}]",False,"{""status"": ""ALERT"", ""verified"": false, ""proof_type"": ""Bulletproofs"", ""public_bounds"": {""min"": 120, ""max"": 130, ""parameter"": ""systolic_bp""}, ""reason"": ""device reports reading outside range; no range proof was produced""}","{""status"": ""OUT_OF_RANGE"", ""message"": ""Device reported a reading outside the selected range; clinical review is needed.""}",,,0.18098269999973127,15.311473699999624,0.039353600001049927,15.565110700001242,"[[""Hypertension guideline.pdf"", ""Hypertension guideline.pdf"", ""Hypertension guideline.pdf""]]","[{""parameter"": ""systolic_bp"", ""min"": 120, ""max"": 130}]","[{""parameter"": ""systolic_bp"", ""min"": 120, ""max"": 130}]",False,"{""status"": ""ALERT"", ""verified"": false, ""proof_type"": ""Bulletproofs"", ""public_bounds"": {""min"": 120, ""max"": 130, ""parameter"": ""systolic_bp""}, ""reason"": ""device reports reading outside range; no range proof was produced""}","{""status"": ""OUT_OF_RANGE"", ""message"": ""Device reported a reading outside the selected range; clinical review is needed.""}",,
100093,93,True,True,True,True,0.1286069999987376,14.824762300002476,0.12059859999862965,15.121832699998777,"[[""Hypertension guideline.pdf"", ""Hypertension guideline.pdf"", ""Hypertension guideline.pdf""]]","[{""parameter"": ""systolic_bp"", ""min"": 90, ""max"": 120}]","[{""parameter"": ""systolic_bp"", ""min"": 90, ""max"": 120}]",False,"{""status"": ""ALERT"", ""verified"": false, ""proof_type"": ""Bulletproofs"", ""public_bounds"": {""min"": 90, ""max"": 120, ""parameter"": ""systolic_bp""}, ""reason"": ""device reports reading outside range; no range proof was produced""}","{""status"": ""OUT_OF_RANGE"", ""message"": ""Device reported a reading outside the selected range; clinical review is needed.""}",,,0.3384833999989496,15.762182600003143,0.03105130000039935,16.16744589999871,"[[""Hypertension guideline.pdf"", ""Hypertension guideline.pdf"", ""Hypertension guideline.pdf""]]","[{""parameter"": ""systolic_bp"", ""min"": 90, ""max"": 120}]","[{""parameter"": ""systolic_bp"", ""min"": 90, ""max"": 120}]",False,"{""status"": ""ALERT"", ""verified"": false, ""proof_type"": ""Bulletproofs"", ""public_bounds"": {""min"": 90, ""max"": 120, ""parameter"": ""systolic_bp""}, ""reason"": ""device reports reading outside range; no range proof was produced""}","{""status"": ""OUT_OF_RANGE"", ""message"": ""Device reported a reading outside the selected range; clinical review is needed.""}",,
100094,94,True,True,,,0.1793459000000439,13.402343500001734,,13.603925399998843,"[[""Diabetes guideline.pdf"", ""Diabetes guideline.pdf"", ""Diabetes guideline.pdf""]]","[{""parameter"": ""blood_glucose_level"", ""min"": 70, ""max"": 140}]",,,,,"RuntimeError: Tool run_cdss failed: {'error': 'Tool generate_policy failed: {\'error\': ""Unsupported model parameter: \'blood_glucose_level\'""}'}",bounds,0.19844510000257287,14.492275199998403,,14.715649199999461,"[[""Diabetes guideline.pdf"", ""Diabetes guideline.pdf"", ""Diabetes guideline.pdf""]]","[{""parameter"": ""blood_glucose_level"", ""min"": 70, ""max"": 140}]",,,,,"RuntimeError: Tool run_cdss failed: {'error': 'Tool generate_policy failed: {\'error\': ""Unsupported model parameter: \'blood_glucose_level\'""}'}",bounds
100095,95,True,True,True,True,0.17344510000111768,13.327689199995802,0.04450440000073286,13.575610799998685,"[[""Hypertension guideline.pdf"", ""Hypertension guideline.pdf"", ""Hypertension guideline.pdf""]]","[{""parameter"": ""systolic_bp"", ""min"": 130, ""max"": 139}]","[{""parameter"": ""systolic_bp"", ""min"": 130, ""max"": 139}]",False,"{""status"": ""ALERT"", ""verified"": false, ""proof_type"": ""Bulletproofs"", ""public_bounds"": {""min"": 130, ""max"": 139, ""parameter"": ""systolic_bp""}, ""reason"": ""device reports reading outside range; no range proof was produced""}","{""status"": ""OUT_OF_RANGE"", ""message"": ""Device reported a reading outside the selected range; clinical review is needed.""}",,,0.252764600001683,13.939474700000574,0.03135140000085812,14.25785360000009,"[[""Hypertension guideline.pdf"", ""Hypertension guideline.pdf"", ""Hypertension guideline.pdf""]]","[{""parameter"": ""systolic_bp"", ""min"": 130, ""max"": 139}]","[{""parameter"": ""systolic_bp"", ""min"": 130, ""max"": 139}]",False,"{""status"": ""ALERT"", ""verified"": false, ""proof_type"": ""Bulletproofs"", ""public_bounds"": {""min"": 130, ""max"": 139, ""parameter"": ""systolic_bp""}, ""reason"": ""device reports reading outside range; no range proof was produced""}","{""status"": ""OUT_OF_RANGE"", ""message"": ""Device reported a reading outside the selected range; clinical review is needed.""}",,
100096,96,True,True,,,0.1428027000001748,13.262562799998705,,13.43077009999979,"[[""Diabetes guideline.pdf"", ""Diabetes guideline.pdf"", ""Diabetes guideline.pdf""]]","[{""parameter"": ""BMI"", ""min"": 18.5, ""max"": 24.9}]",,,,,"RuntimeError: Tool run_cdss failed: {'error': 'Tool generate_policy failed: {\'error\': ""Unsupported model parameter: \'BMI\'""}'}",bounds,0.15999570000349195,14.020215399996232,,14.206397100002505,"[[""Diabetes guideline.pdf"", ""Diabetes guideline.pdf"", ""Diabetes guideline.pdf""]]","[{""parameter"": ""BMI"", ""min"": 18.5, ""max"": 24.9}]",,,,,"RuntimeError: Tool run_cdss failed: {'error': 'Tool generate_policy failed: {\'error\': ""Unsupported model parameter: \'BMI\'""}'}",bounds
100097,97,True,True,,,0.1614445999985037,14.039521200000308,,14.229272200002015,"[[""Diabetes guideline.pdf"", ""Hypertension guideline.pdf"", ""Hypertension guideline.pdf""]]","[{""parameter"": ""peak_flow"", ""min"": 300, ""max"": 400}]",,,,,"RuntimeError: Tool run_cdss failed: {'error': 'Tool generate_policy failed: {\'error\': ""Unsupported model parameter: \'peak_flow\'""}'}",bounds,0.18066739999994752,14.723564100000658,,14.949968900000385,"[[""Diabetes guideline.pdf"", ""Hypertension guideline.pdf"", ""Hypertension guideline.pdf""]]","[{""parameter"": ""peak_flow"", ""min"": 300, ""max"": 400}]",,,,,"RuntimeError: Tool run_cdss failed: {'error': 'Tool generate_policy failed: {\'error\': ""Unsupported model parameter: \'peak_flow\'""}'}",bounds
100098,98,True,True,,,0.19029589999991003,14.516659599998093,,14.733840199998667,"[[""Diabetes guideline.pdf"", ""Hypertension guideline.pdf"", ""Hypertension guideline.pdf""]]","[{""parameter"": ""peak_flow"", ""min"": 1.5, ""max"": 3.0}]",,,,,"RuntimeError: Tool run_cdss failed: {'error': 'Tool generate_policy failed: {\'error\': ""Unsupported model parameter: \'peak_flow\'""}'}",bounds,0.21755990000019665,15.58777590000318,,15.833434899999702,"[[""Diabetes guideline.pdf"", ""Hypertension guideline.pdf"", ""Hypertension guideline.pdf""]]","[{""parameter"": ""peak_flow"", ""min"": 1.5, ""max"": 3.0}]",,,,,"RuntimeError: Tool run_cdss failed: {'error': 'Tool generate_policy failed: {\'error\': ""Unsupported model parameter: \'peak_flow\'""}'}",bounds
100099,99,True,True,True,True,0.19291169999996782,15.418652599997586,0.12450049999824842,15.765993700002582,"[[""Hypertension guideline.pdf"", ""Heart Failure guideline.pdf"", ""Hypertension guideline.pdf""]]","[{""parameter"": ""systolic_bp"", ""min"": 120, ""max"": 130}]","[{""parameter"": ""systolic_bp"", ""min"": 120, ""max"": 130}]",False,"{""status"": ""ALERT"", ""verified"": false, ""proof_type"": ""Bulletproofs"", ""public_bounds"": {""min"": 120, ""max"": 130, ""parameter"": ""systolic_bp""}, ""reason"": ""device reports reading outside range; no range proof was produced""}","{""status"": ""OUT_OF_RANGE"", ""message"": ""Device reported a reading outside the selected range; clinical review is needed.""}",,,0.1908198999990418,16.460576699999365,0.028819699997256976,16.71364889999677,"[[""Hypertension guideline.pdf"", ""Heart Failure guideline.pdf"", ""Hypertension guideline.pdf""]]","[{""parameter"": ""systolic_bp"", ""min"": 120, ""max"": 130}]","[{""parameter"": ""systolic_bp"", ""min"": 120, ""max"": 130}]",False,"{""status"": ""ALERT"", ""verified"": false, ""proof_type"": ""Bulletproofs"", ""public_bounds"": {""min"": 120, ""max"": 130, ""parameter"": ""systolic_bp""}, ""reason"": ""device reports reading outside range; no range proof was produced""}","{""status"": ""OUT_OF_RANGE"", ""message"": ""Device reported a reading outside the selected range; clinical review is needed.""}",,
100100,100,True,True,,,0.30320230000143056,12.857380999997986,,13.181964800001879,"[[""Diabetes guideline.pdf"", ""Diabetes guideline.pdf"", ""Diabetes guideline.pdf""]]","[{""parameter"": ""BMI"", ""min"": 25, ""max"": 30}]",,,,,"RuntimeError: Tool run_cdss failed: {'error': 'Tool generate_policy failed: {\'error\': ""Unsupported model parameter: \'BMI\'""}'}",bounds,0.1714319999991858,13.500702400000591,,13.695396399998572,"[[""Diabetes guideline.pdf"", ""Diabetes guideline.pdf"", ""Diabetes guideline.pdf""]]","[{""parameter"": ""BMI"", ""min"": 25, ""max"": 30}]",,,,,"RuntimeError: Tool run_cdss failed: {'error': 'Tool generate_policy failed: {\'error\': ""Unsupported model parameter: \'BMI\'""}'}",bounds
100101,101,True,True,,,0.15966739999930724,14.062323599999218,,14.245029699999577,"[[""Diabetes guideline.pdf"", ""Diabetes guideline.pdf"", ""Diabetes guideline.pdf""]]","[{""parameter"": ""BMI"", ""min"": 18.5, ""max"": 24.9}]",,,,,"RuntimeError: Tool run_cdss failed: {'error': 'Tool generate_policy failed: {\'error\': ""Unsupported model parameter: \'BMI\'""}'}",bounds,0.18211729999893578,14.900318699998024,,15.107939299999998,"[[""Diabetes guideline.pdf"", ""Diabetes guideline.pdf"", ""Diabetes guideline.pdf""]]","[{""parameter"": ""BMI"", ""min"": 18.5, ""max"": 24.9}]",,,,,"RuntimeError: Tool run_cdss failed: {'error': 'Tool generate_policy failed: {\'error\': ""Unsupported model parameter: \'BMI\'""}'}",bounds
100102,102,True,True,,,0.31678850000025705,12.910028400001465,,13.254243200000928,"[[""Diabetes guideline.pdf"", ""Diabetes guideline.pdf"", ""Diabetes guideline.pdf""]]","[{""parameter"": ""BMI"", ""min"": 25, ""max"": 30}]",,,,,"RuntimeError: Tool run_cdss failed: {'error': 'Tool generate_policy failed: {\'error\': ""Unsupported model parameter: \'BMI\'""}'}",bounds,0.8676758000001428,13.880499400002009,,14.798273200001859,"[[""Diabetes guideline.pdf"", ""Diabetes guideline.pdf"", ""Diabetes guideline.pdf""]]","[{""parameter"": ""BMI"", ""min"": 25, ""max"": 30}]",,,,,"RuntimeError: Tool run_cdss failed: {'error': 'Tool generate_policy failed: {\'error\': ""Unsupported model parameter: \'BMI\'""}'}",bounds
100103,103,True,True,True,True,0.3016301999996358,15.321641200000158,0.1125843999980134,15.851289700000052,"[[""Hypertension guideline.pdf"", ""Heart Failure guideline.pdf"", ""Hypertension guideline.pdf""]]","[{""parameter"": ""systolic_bp"", ""min"": 120, ""max"": 130}]","[{""parameter"": ""systolic_bp"", ""min"": 120, ""max"": 130}]",True,"{""status"": ""NORMAL"", ""verified"": true, ""proof_type"": ""Bulletproofs"", ""public_bounds"": {""min"": 120, ""max"": 130, ""parameter"": ""systolic_bp""}, ""proof_size_bytes"": 800, ""prove_ms"": 43.031, ""verify_ms"": 5.381, ""zkp_process_ms"": 107.31110000051558, ""zkp_prove_ms"": 43.031, ""zkp_verify_ms"": 5.381}","{""status"": ""IN_RANGE"", ""message"": ""Verified reading(s) are within the selected range(s).""}",,,0.23579379999864614,15.629856900002778,0.14670739999928628,16.04831810000178,"[[""Hypertension guideline.pdf"", ""Heart Failure guideline.pdf"", ""Hypertension guideline.pdf""]]","[{""parameter"": ""systolic_bp"", ""min"": 120, ""max"": 130}]","[{""parameter"": ""systolic_bp"", ""min"": 120, ""max"": 130}]",True,"{""status"": ""NORMAL"", ""verified"": true, ""proof_type"": ""Bulletproofs"", ""public_bounds"": {""min"": 120, ""max"": 130, ""parameter"": ""systolic_bp""}, ""proof_size_bytes"": 800, ""prove_ms"": 59.392, ""verify_ms"": 5.609, ""zkp_process_ms"": 142.01039999898057, ""zkp_prove_ms"": 59.392, ""zkp_verify_ms"": 5.609}","{""status"": ""IN_RANGE"", ""message"": ""Verified reading(s) are within the selected range(s).""}",,
100104,104,True,True,,,0.383731899997656,17.6998438000046,,18.109816899999714,"[[""Heart Failure guideline.pdf"", ""Heart Failure guideline.pdf"", ""Heart Failure guideline.pdf""]]","[{""parameter"": ""atrial_fibrillation_rate"", ""min"": 0, ""max"": 300}]",,,,,"RuntimeError: Tool run_cdss failed: {'error': 'Tool generate_policy failed: {\'error\': ""Unsupported model parameter: \'atrial_fibrillation_rate\'""}'}",bounds,0.18325320000076317,18.551638199998706,,18.762473700000555,"[[""Heart Failure guideline.pdf"", ""Heart Failure guideline.pdf"", ""Heart Failure guideline.pdf""]]","[{""parameter"": ""atrial_fibrillation_rate"", ""min"": 0, ""max"": 300}]",,,,,"RuntimeError: Tool run_cdss failed: {'error': 'Tool generate_policy failed: {\'error\': ""Unsupported model parameter: \'atrial_fibrillation_rate\'""}'}",bounds
100105,105,True,True,True,True,0.21249950000128592,16.18178909999915,0.11701199999879464,16.624286099999154,"[[""Heart Failure guideline.pdf"", ""Heart Failure guideline.pdf"", ""Heart Failure guideline.pdf""]]","[{""parameter"": ""hemoglobin"", ""min"": 12, ""max"": 15}]","[{""parameter"": ""hemoglobin"", ""min"": 12, ""max"": 15}]",True,"{""status"": ""NORMAL"", ""verified"": true, ""proof_type"": ""Bulletproofs"", ""public_bounds"": {""min"": 12, ""max"": 15, ""parameter"": ""hemoglobin""}, ""proof_size_bytes"": 800, ""prove_ms"": 40.983, ""verify_ms"": 4.79, ""zkp_process_ms"": 111.4646999994875, ""zkp_prove_ms"": 40.983, ""zkp_verify_ms"": 4.79}","{""status"": ""IN_RANGE"", ""message"": ""Verified reading(s) are within the selected range(s).""}",,,0.20845719999852008,16.196671900001093,0.11815800000113086,16.577397699998983,"[[""Heart Failure guideline.pdf"", ""Heart Failure guideline.pdf"", ""Heart Failure guideline.pdf""]]","[{""parameter"": ""hemoglobin"", ""min"": 12, ""max"": 15}]","[{""parameter"": ""hemoglobin"", ""min"": 12, ""max"": 15}]",True,"{""status"": ""NORMAL"", ""verified"": true, ""proof_type"": ""Bulletproofs"", ""public_bounds"": {""min"": 12, ""max"": 15, ""parameter"": ""hemoglobin""}, ""proof_size_bytes"": 800, ""prove_ms"": 56.409, ""verify_ms"": 4.086, ""zkp_process_ms"": 113.32259999835514, ""zkp_prove_ms"": 56.409, ""zkp_verify_ms"": 4.086}","{""status"": ""IN_RANGE"", ""message"": ""Verified reading(s) are within the selected range(s).""}",,
100106,106,True,True,,,0.1892723000019032,12.896074199998111,,13.108971400000883,"[[""Hypertension guideline.pdf"", ""Heart Failure guideline.pdf"", ""Hypertension guideline.pdf""]]","[{""parameter"": ""blood_pressure"", ""min"": 90, ""max"": 120}]",,,,,"RuntimeError: Tool run_cdss failed: {'error': 'Tool generate_policy failed: {\'error\': ""Unsupported model parameter: \'blood_pressure\'""}'}",bounds,0.18220020000080694,13.095914299996366,,13.300786700001481,"[[""Hypertension guideline.pdf"", ""Heart Failure guideline.pdf"", ""Hypertension guideline.pdf""]]","[{""parameter"": ""blood_pressure"", ""min"": 90, ""max"": 120}]",,,,,"RuntimeError: Tool run_cdss failed: {'error': 'Tool generate_policy failed: {\'error\': ""Unsupported model parameter: \'blood_pressure\'""}'}",bounds
100107,107,True,True,,,0.17297229999894626,13.500785600001109,,13.699577400002454,"[[""Diabetes guideline.pdf"", ""Diabetes guideline.pdf"", ""Diabetes guideline.pdf""]]","[{""parameter"": ""BMI"", ""min"": 18.5, ""max"": 24.9}]",,,,,"RuntimeError: Tool run_cdss failed: {'error': 'Tool generate_policy failed: {\'error\': ""Unsupported model parameter: \'BMI\'""}'}",bounds,0.1913767000005464,14.344767200000206,,14.561028800002532,"[[""Diabetes guideline.pdf"", ""Diabetes guideline.pdf"", ""Diabetes guideline.pdf""]]","[{""parameter"": ""BMI"", ""min"": 18.5, ""max"": 24.9}]",,,,,"RuntimeError: Tool run_cdss failed: {'error': 'Tool generate_policy failed: {\'error\': ""Unsupported model parameter: \'BMI\'""}'}",bounds
100108,108,True,True,,,0.1709207999992941,6.825005600003351,,7.023774699999194,"[[""Diabetes guideline.pdf"", ""Diabetes guideline.pdf"", ""Diabetes guideline.pdf""]]","[{""parameter"": ""BMI"", ""min"": 18.5, ""max"": 24.9}]",,,,,"RuntimeError: Tool run_cdss failed: {'error': 'Tool generate_policy failed: {\'error\': ""Unsupported model parameter: \'BMI\'""}'}",bounds,0.5063493000016024,7.4829342999983055,,8.018512900001951,"[[""Diabetes guideline.pdf"", ""Diabetes guideline.pdf"", ""Diabetes guideline.pdf""]]","[{""parameter"": ""BMI"", ""min"": 18.5, ""max"": 24.9}]",,,,,"RuntimeError: Tool run_cdss failed: {'error': 'Tool generate_policy failed: {\'error\': ""Unsupported model parameter: \'BMI\'""}'}",bounds
100109,109,True,True,True,True,0.20166150000295602,15.421020799996768,0.06376369999998133,15.717402599999332,"[[""Hypertension guideline.pdf"", ""Heart Failure guideline.pdf"", ""Hypertension guideline.pdf""]]","[{""parameter"": ""systolic_bp"", ""min"": 120, ""max"": 130}]","[{""parameter"": ""systolic_bp"", ""min"": 120, ""max"": 130}]",False,"{""status"": ""ALERT"", ""verified"": false, ""proof_type"": ""Bulletproofs"", ""public_bounds"": {""min"": 120, ""max"": 130, ""parameter"": ""systolic_bp""}, ""reason"": ""device reports reading outside range; no range proof was produced""}","{""status"": ""OUT_OF_RANGE"", ""message"": ""Device reported a reading outside the selected range; clinical review is needed.""}",,,0.3708255999990797,15.666648800000985,0.04787480000231881,16.12058640000032,"[[""Hypertension guideline.pdf"", ""Heart Failure guideline.pdf"", ""Hypertension guideline.pdf""]]","[{""parameter"": ""systolic_bp"", ""min"": 120, ""max"": 130}]","[{""parameter"": ""systolic_bp"", ""min"": 120, ""max"": 130}]",False,"{""status"": ""ALERT"", ""verified"": false, ""proof_type"": ""Bulletproofs"", ""public_bounds"": {""min"": 120, ""max"": 130, ""parameter"": ""systolic_bp""}, ""reason"": ""device reports reading outside range; no range proof was produced""}","{""status"": ""OUT_OF_RANGE"", ""message"": ""Device reported a reading outside the selected range; clinical review is needed.""}",,
100110,110,True,True,,,0.14681220000056783,12.708020699999906,,12.879652300001908,"[[""Diabetes guideline.pdf"", ""Diabetes guideline.pdf"", ""Diabetes guideline.pdf""]]","[{""parameter"": ""BMI"", ""min"": 25, ""max"": 30}]",,,,,"RuntimeError: Tool run_cdss failed: {'error': 'Tool generate_policy failed: {\'error\': ""Unsupported model parameter: \'BMI\'""}'}",bounds,0.3130259000026854,13.061219499999424,,13.400052099997993,"[[""Diabetes guideline.pdf"", ""Diabetes guideline.pdf"", ""Diabetes guideline.pdf""]]","[{""parameter"": ""BMI"", ""min"": 25, ""max"": 30}]",,,,,"RuntimeError: Tool run_cdss failed: {'error': 'Tool generate_policy failed: {\'error\': ""Unsupported model parameter: \'BMI\'""}'}",bounds
100111,111,True,True,True,True,0.14805600000181585,15.100526300000638,0.027280499998596497,15.30566429999817,"[[""Hypertension guideline.pdf"", ""Hypertension guideline.pdf"", ""Hypertension guideline.pdf""]]","[{""parameter"": ""systolic_bp"", ""min"": 120, ""max"": 140}]","[{""parameter"": ""systolic_bp"", ""min"": 120, ""max"": 140}]",False,"{""status"": ""ALERT"", ""verified"": false, ""proof_type"": ""Bulletproofs"", ""public_bounds"": {""min"": 120, ""max"": 140, ""parameter"": ""systolic_bp""}, ""reason"": ""device reports reading outside range; no range proof was produced""}","{""status"": ""OUT_OF_RANGE"", ""message"": ""Device reported a reading outside the selected range; clinical review is needed.""}",,,0.22158889999991516,15.699319800001831,0.025686799999675713,15.975959100000182,"[[""Hypertension guideline.pdf"", ""Hypertension guideline.pdf"", ""Hypertension guideline.pdf""]]","[{""parameter"": ""systolic_bp"", ""min"": 120, ""max"": 140}]","[{""parameter"": ""systolic_bp"", ""min"": 120, ""max"": 140}]",False,"{""status"": ""ALERT"", ""verified"": false, ""proof_type"": ""Bulletproofs"", ""public_bounds"": {""min"": 120, ""max"": 140, ""parameter"": ""systolic_bp""}, ""reason"": ""device reports reading outside range; no range proof was produced""}","{""status"": ""OUT_OF_RANGE"", ""message"": ""Device reported a reading outside the selected range; clinical review is needed.""}",,
100112,112,True,True,True,True,0.1566718999965815,15.385572400002275,0.05596560000049067,15.631455799997639,"[[""Hypertension guideline.pdf"", ""Hypertension guideline.pdf"", ""Hypertension guideline.pdf""]]","[{""parameter"": ""systolic_bp"", ""min"": 120, ""max"": 140}]","[{""parameter"": ""systolic_bp"", ""min"": 120, ""max"": 140}]",False,"{""status"": ""ALERT"", ""verified"": false, ""proof_type"": ""Bulletproofs"", ""public_bounds"": {""min"": 120, ""max"": 140, ""parameter"": ""systolic_bp""}, ""reason"": ""device reports reading outside range; no range proof was produced""}","{""status"": ""OUT_OF_RANGE"", ""message"": ""Device reported a reading outside the selected range; clinical review is needed.""}",,,0.206581800001004,15.229891999999381,0.03236780000224826,15.498752599996806,"[[""Hypertension guideline.pdf"", ""Hypertension guideline.pdf"", ""Hypertension guideline.pdf""]]","[{""parameter"": ""systolic_bp"", ""min"": 120, ""max"": 140}]","[{""parameter"": ""systolic_bp"", ""min"": 120, ""max"": 140}]",False,"{""status"": ""ALERT"", ""verified"": false, ""proof_type"": ""Bulletproofs"", ""public_bounds"": {""min"": 120, ""max"": 140, ""parameter"": ""systolic_bp""}, ""reason"": ""device reports reading outside range; no range proof was produced""}","{""status"": ""OUT_OF_RANGE"", ""message"": ""Device reported a reading outside the selected range; clinical review is needed.""}",,
100113,113,True,True,True,True,0.2456196999992244,15.552365600000485,0.07437819999904605,15.916926000001695,"[[""Hypertension guideline.pdf"", ""Hypertension guideline.pdf"", ""Hypertension guideline.pdf""]]","[{""parameter"": ""systolic_bp"", ""min"": 120, ""max"": 140}]","[{""parameter"": ""systolic_bp"", ""min"": 120, ""max"": 140}]",False,"{""status"": ""ALERT"", ""verified"": false, ""proof_type"": ""Bulletproofs"", ""public_bounds"": {""min"": 120, ""max"": 140, ""parameter"": ""systolic_bp""}, ""reason"": ""device reports reading outside range; no range proof was produced""}","{""status"": ""OUT_OF_RANGE"", ""message"": ""Device reported a reading outside the selected range; clinical review is needed.""}",,,0.21073929999693064,14.485876900005678,0.03698649999932968,14.76534829999946,"[[""Hypertension guideline.pdf"", ""Hypertension guideline.pdf"", ""Hypertension guideline.pdf""]]","[{""parameter"": ""systolic_bp"", ""min"": 120, ""max"": 140}]","[{""parameter"": ""systolic_bp"", ""min"": 120, ""max"": 140}]",False,"{""status"": ""ALERT"", ""verified"": false, ""proof_type"": ""Bulletproofs"", ""public_bounds"": {""min"": 120, ""max"": 140, ""parameter"": ""systolic_bp""}, ""reason"": ""device reports reading outside range; no range proof was produced""}","{""status"": ""OUT_OF_RANGE"", ""message"": ""Device reported a reading outside the selected range; clinical review is needed.""}",,
100114,114,True,True,,,0.3798720999984653,14.234716200000548,,14.756345600002533,"[[""Diabetes guideline.pdf"", ""Hypertension guideline.pdf"", ""Hypertension guideline.pdf""]]","[{""parameter"": ""peak_flow"", ""min"": 300, ""max"": 400}]",,,,,"RuntimeError: Tool run_cdss failed: {'error': 'Tool generate_policy failed: {\'error\': ""Unsupported model parameter: \'peak_flow\'""}'}",bounds,0.35955009999815957,13.940472900001623,,14.32811059999949,"[[""Diabetes guideline.pdf"", ""Hypertension guideline.pdf"", ""Hypertension guideline.pdf""]]","[{""parameter"": ""peak_flow"", ""min"": 300, ""max"": 400}]",,,,,"RuntimeError: Tool run_cdss failed: {'error': 'Tool generate_policy failed: {\'error\': ""Unsupported model parameter: \'peak_flow\'""}'}",bounds
100115,115,True,True,,,0.1436013999991701,7.607422000000952,,7.779219000000012,"[[""Diabetes guideline.pdf"", ""Diabetes guideline.pdf"", ""Diabetes guideline.pdf""]]","[{""parameter"": ""blood_glucose_level"", ""min"": 70, ""max"": 140}]",,,,,"RuntimeError: Tool run_cdss failed: {'error': 'Tool generate_policy failed: {\'error\': ""Unsupported model parameter: \'blood_glucose_level\'""}'}",bounds,0.20114389999798732,6.789121700003307,,7.019808299999568,"[[""Diabetes guideline.pdf"", ""Diabetes guideline.pdf"", ""Diabetes guideline.pdf""]]","[{""parameter"": ""blood_glucose_level"", ""min"": 70, ""max"": 140}]",,,,,"RuntimeError: Tool run_cdss failed: {'error': 'Tool generate_policy failed: {\'error\': ""Unsupported model parameter: \'blood_glucose_level\'""}'}",bounds
100116,116,True,True,True,True,0.21833340000011958,13.67534710000109,0.07008390000191866,13.996480199999496,"[[""Hypertension guideline.pdf"", ""Hypertension guideline.pdf"", ""Hypertension guideline.pdf""]]","[{""parameter"": ""systolic_bp"", ""min"": 130, ""max"": 139}]","[{""parameter"": ""systolic_bp"", ""min"": 130, ""max"": 139}]",False,"{""status"": ""ALERT"", ""verified"": false, ""proof_type"": ""Bulletproofs"", ""public_bounds"": {""min"": 130, ""max"": 139, ""parameter"": ""systolic_bp""}, ""reason"": ""device reports reading outside range; no range proof was produced""}","{""status"": ""OUT_OF_RANGE"", ""message"": ""Device reported a reading outside the selected range; clinical review is needed.""}",,,0.15072899999722722,13.268643400002475,0.02715109999917331,13.476684100001876,"[[""Hypertension guideline.pdf"", ""Hypertension guideline.pdf"", ""Hypertension guideline.pdf""]]","[{""parameter"": ""systolic_bp"", ""min"": 130, ""max"": 139}]","[{""parameter"": ""systolic_bp"", ""min"": 130, ""max"": 139}]",False,"{""status"": ""ALERT"", ""verified"": false, ""proof_type"": ""Bulletproofs"", ""public_bounds"": {""min"": 130, ""max"": 139, ""parameter"": ""systolic_bp""}, ""reason"": ""device reports reading outside range; no range proof was produced""}","{""status"": ""OUT_OF_RANGE"", ""message"": ""Device reported a reading outside the selected range; clinical review is needed.""}",,
100117,117,True,True,True,True,0.1755016000024625,13.78125259999797,0.12127010000040173,14.107744900000398,"[[""Hypertension guideline.pdf"", ""Hypertension guideline.pdf"", ""Hypertension guideline.pdf""]]","[{""parameter"": ""systolic_bp"", ""min"": 130, ""max"": 139}]","[{""parameter"": ""systolic_bp"", ""min"": 130, ""max"": 139}]",False,"{""status"": ""ALERT"", ""verified"": false, ""proof_type"": ""Bulletproofs"", ""public_bounds"": {""min"": 130, ""max"": 139, ""parameter"": ""systolic_bp""}, ""reason"": ""device reports reading outside range; no range proof was produced""}","{""status"": ""OUT_OF_RANGE"", ""message"": ""Device reported a reading outside the selected range; clinical review is needed.""}",,,0.14693599999736762,13.751045500004693,0.03477000000202679,13.960295100001531,"[[""Hypertension guideline.pdf"", ""Hypertension guideline.pdf"", ""Hypertension guideline.pdf""]]","[{""parameter"": ""systolic_bp"", ""min"": 130, ""max"": 139}]","[{""parameter"": ""systolic_bp"", ""min"": 130, ""max"": 139}]",False,"{""status"": ""ALERT"", ""verified"": false, ""proof_type"": ""Bulletproofs"", ""public_bounds"": {""min"": 130, ""max"": 139, ""parameter"": ""systolic_bp""}, ""reason"": ""device reports reading outside range; no range proof was produced""}","{""status"": ""OUT_OF_RANGE"", ""message"": ""Device reported a reading outside the selected range; clinical review is needed.""}",,
100118,118,True,True,True,True,0.15940109999792185,13.451269500001217,0.11974800000098185,13.773748999999953,"[[""Hypertension guideline.pdf"", ""Hypertension guideline.pdf"", ""Hypertension guideline.pdf""]]","[{""parameter"": ""systolic_bp"", ""min"": 130, ""max"": 139}]","[{""parameter"": ""systolic_bp"", ""min"": 130, ""max"": 139}]",False,"{""status"": ""ALERT"", ""verified"": false, ""proof_type"": ""Bulletproofs"", ""public_bounds"": {""min"": 130, ""max"": 139, ""parameter"": ""systolic_bp""}, ""reason"": ""device reports reading outside range; no range proof was produced""}","{""status"": ""OUT_OF_RANGE"", ""message"": ""Device reported a reading outside the selected range; clinical review is needed.""}",,,0.16234370000165654,14.232221799997205,0.05385940000269329,14.479231500001333,"[[""Hypertension guideline.pdf"", ""Hypertension guideline.pdf"", ""Hypertension guideline.pdf""]]","[{""parameter"": ""systolic_bp"", ""min"": 130, ""max"": 139}]","[{""parameter"": ""systolic_bp"", ""min"": 130, ""max"": 139}]",False,"{""status"": ""ALERT"", ""verified"": false, ""proof_type"": ""Bulletproofs"", ""public_bounds"": {""min"": 130, ""max"": 139, ""parameter"": ""systolic_bp""}, ""reason"": ""device reports reading outside range; no range proof was produced""}","{""status"": ""OUT_OF_RANGE"", ""message"": ""Device reported a reading outside the selected range; clinical review is needed.""}",,
100119,119,True,True,True,True,0.13967820000107167,13.46208569999726,0.12316550000105053,13.749732599997515,"[[""Hypertension guideline.pdf"", ""Hypertension guideline.pdf"", ""Hypertension guideline.pdf""]]","[{""parameter"": ""systolic_bp"", ""min"": 120, ""max"": 130}]","[{""parameter"": ""systolic_bp"", ""min"": 120, ""max"": 130}]",False,"{""status"": ""ALERT"", ""verified"": false, ""proof_type"": ""Bulletproofs"", ""public_bounds"": {""min"": 120, ""max"": 130, ""parameter"": ""systolic_bp""}, ""reason"": ""device reports reading outside range; no range proof was produced""}","{""status"": ""OUT_OF_RANGE"", ""message"": ""Device reported a reading outside the selected range; clinical review is needed.""}",,,0.12543279999954393,14.018225200001325,0.03767359999983455,14.209306299999298,"[[""Hypertension guideline.pdf"", ""Hypertension guideline.pdf"", ""Hypertension guideline.pdf""]]","[{""parameter"": ""systolic_bp"", ""min"": 120, ""max"": 130}]","[{""parameter"": ""systolic_bp"", ""min"": 120, ""max"": 130}]",False,"{""status"": ""ALERT"", ""verified"": false, ""proof_type"": ""Bulletproofs"", ""public_bounds"": {""min"": 120, ""max"": 130, ""parameter"": ""systolic_bp""}, ""reason"": ""device reports reading outside range; no range proof was produced""}","{""status"": ""OUT_OF_RANGE"", ""message"": ""Device reported a reading outside the selected range; clinical review is needed.""}",,
100120,120,True,True,,,0.13049069999760832,12.72922390000167,,12.88243220000004,"[[""Diabetes guideline.pdf"", ""Diabetes guideline.pdf"", ""Diabetes guideline.pdf""]]","[{""parameter"": ""BMI"", ""min"": 25, ""max"": 30}]",,,,,"RuntimeError: Tool run_cdss failed: {'error': 'Tool generate_policy failed: {\'error\': ""Unsupported model parameter: \'BMI\'""}'}",bounds,0.17927530000088154,13.065129599999636,,13.637270600000193,"[[""Diabetes guideline.pdf"", ""Diabetes guideline.pdf"", ""Diabetes guideline.pdf""]]","[{""parameter"": ""BMI"", ""min"": 25, ""max"": 30}]",,,,,"RuntimeError: Tool run_cdss failed: {'error': 'Tool generate_policy failed: {\'error\': ""Unsupported model parameter: \'BMI\'""}'}",bounds
100121,121,True,True,,,0.15385020000030636,12.705391899999086,,12.886229100000492,"[[""Hypertension guideline.pdf"", ""Heart Failure guideline.pdf"", ""Hypertension guideline.pdf""]]","[{""parameter"": ""blood_pressure"", ""min"": 90, ""max"": 120}]",,,,,"RuntimeError: Tool run_cdss failed: {'error': 'Tool generate_policy failed: {\'error\': ""Unsupported model parameter: \'blood_pressure\'""}'}",bounds,0.20433279999997467,13.910547399998904,,14.141370699999243,"[[""Hypertension guideline.pdf"", ""Heart Failure guideline.pdf"", ""Hypertension guideline.pdf""]]","[{""parameter"": ""blood_pressure"", ""min"": 90, ""max"": 120}]",,,,,"RuntimeError: Tool run_cdss failed: {'error': 'Tool generate_policy failed: {\'error\': ""Unsupported model parameter: \'blood_pressure\'""}'}",bounds
100122,122,True,True,,,0.15616289999888977,13.915200300001743,,14.099766600000294,"[[""Diabetes guideline.pdf"", ""Hypertension guideline.pdf"", ""Hypertension guideline.pdf""]]","[{""parameter"": ""peak_flow"", ""min"": 250, ""max"": 350}]",,,,,"RuntimeError: Tool run_cdss failed: {'error': 'Tool generate_policy failed: {\'error\': ""Unsupported model parameter: \'peak_flow\'""}'}",bounds,0.15622720000101253,14.932013699999516,,15.117429300000367,"[[""Diabetes guideline.pdf"", ""Hypertension guideline.pdf"", ""Hypertension guideline.pdf""]]","[{""parameter"": ""peak_flow"", ""min"": 250, ""max"": 350}]",,,,,"RuntimeError: Tool run_cdss failed: {'error': 'Tool generate_policy failed: {\'error\': ""Unsupported model parameter: \'peak_flow\'""}'}",bounds
100123,123,True,True,True,True,0.2137231000015163,13.315487199997733,0.060969499998464016,13.621067399999447,"[[""Hypertension guideline.pdf"", ""Hypertension guideline.pdf"", ""Hypertension guideline.pdf""]]","[{""parameter"": ""systolic_bp"", ""min"": 130, ""max"": 139}]","[{""parameter"": ""systolic_bp"", ""min"": 130, ""max"": 139}]",False,"{""status"": ""ALERT"", ""verified"": false, ""proof_type"": ""Bulletproofs"", ""public_bounds"": {""min"": 130, ""max"": 139, ""parameter"": ""systolic_bp""}, ""reason"": ""device reports reading outside range; no range proof was produced""}","{""status"": ""OUT_OF_RANGE"", ""message"": ""Device reported a reading outside the selected range; clinical review is needed.""}",,,0.5887418000020261,14.335312200000772,0.03065719999722205,14.993116400000872,"[[""Hypertension guideline.pdf"", ""Hypertension guideline.pdf"", ""Hypertension guideline.pdf""]]","[{""parameter"": ""systolic_bp"", ""min"": 130, ""max"": 139}]","[{""parameter"": ""systolic_bp"", ""min"": 130, ""max"": 139}]",False,"{""status"": ""ALERT"", ""verified"": false, ""proof_type"": ""Bulletproofs"", ""public_bounds"": {""min"": 130, ""max"": 139, ""parameter"": ""systolic_bp""}, ""reason"": ""device reports reading outside range; no range proof was produced""}","{""status"": ""OUT_OF_RANGE"", ""message"": ""Device reported a reading outside the selected range; clinical review is needed.""}",,
100124,124,True,True,True,True,0.2847278999979608,15.672909300003084,0.056176300000515766,16.044755500002793,"[[""Heart Failure guideline.pdf"", ""Heart Failure guideline.pdf"", ""Heart Failure guideline.pdf""]]","[{""parameter"": ""hemoglobin"", ""min"": 12, ""max"": 15}]","[{""parameter"": ""hemoglobin"", ""min"": 12, ""max"": 15}]",False,"{""status"": ""ALERT"", ""verified"": false, ""proof_type"": ""Bulletproofs"", ""public_bounds"": {""min"": 12, ""max"": 15, ""parameter"": ""hemoglobin""}, ""reason"": ""device reports reading outside range; no range proof was produced""}","{""status"": ""OUT_OF_RANGE"", ""message"": ""Device reported a reading outside the selected range; clinical review is needed.""}",,,0.1442934000006062,17.224670399999013,0.028232399999978952,17.427927600001567,"[[""Heart Failure guideline.pdf"", ""Heart Failure guideline.pdf"", ""Heart Failure guideline.pdf""]]","[{""parameter"": ""hemoglobin"", ""min"": 12, ""max"": 15}]","[{""parameter"": ""hemoglobin"", ""min"": 12, ""max"": 15}]",False,"{""status"": ""ALERT"", ""verified"": false, ""proof_type"": ""Bulletproofs"", ""public_bounds"": {""min"": 12, ""max"": 15, ""parameter"": ""hemoglobin""}, ""reason"": ""device reports reading outside range; no range proof was produced""}","{""status"": ""OUT_OF_RANGE"", ""message"": ""Device reported a reading outside the selected range; clinical review is needed.""}",,
100125,125,True,True,True,True,0.21797239999796147,15.510944800000289,0.031157500001427252,15.793769899999461,"[[""Hypertension guideline.pdf"", ""Heart Failure guideline.pdf"", ""Hypertension guideline.pdf""]]","[{""parameter"": ""systolic_bp"", ""min"": 120, ""max"": 130}]","[{""parameter"": ""systolic_bp"", ""min"": 120, ""max"": 130}]",False,"{""status"": ""ALERT"", ""verified"": false, ""proof_type"": ""Bulletproofs"", ""public_bounds"": {""min"": 120, ""max"": 130, ""parameter"": ""systolic_bp""}, ""reason"": ""device reports reading outside range; no range proof was produced""}","{""status"": ""OUT_OF_RANGE"", ""message"": ""Device reported a reading outside the selected range; clinical review is needed.""}",,,0.16773380000086036,17.04606579999745,0.03800779999801307,17.27981870000076,"[[""Hypertension guideline.pdf"", ""Heart Failure guideline.pdf"", ""Hypertension guideline.pdf""]]","[{""parameter"": ""systolic_bp"", ""min"": 120, ""max"": 130}]","[{""parameter"": ""systolic_bp"", ""min"": 120, ""max"": 130}]",False,"{""status"": ""ALERT"", ""verified"": false, ""proof_type"": ""Bulletproofs"", ""public_bounds"": {""min"": 120, ""max"": 130, ""parameter"": ""systolic_bp""}, ""reason"": ""device reports reading outside range; no range proof was produced""}","{""status"": ""OUT_OF_RANGE"", ""message"": ""Device reported a reading outside the selected range; clinical review is needed.""}",,
100126,126,True,True,True,True,0.17480860000068787,15.854662899997493,0.0373691000022518,16.09418150000056,"[[""Hypertension guideline.pdf"", ""Heart Failure guideline.pdf"", ""Hypertension guideline.pdf""]]","[{""parameter"": ""systolic_bp"", ""min"": 120, ""max"": 130}]","[{""parameter"": ""systolic_bp"", ""min"": 120, ""max"": 130}]",False,"{""status"": ""ALERT"", ""verified"": false, ""proof_type"": ""Bulletproofs"", ""public_bounds"": {""min"": 120, ""max"": 130, ""parameter"": ""systolic_bp""}, ""reason"": ""device reports reading outside range; no range proof was produced""}","{""status"": ""OUT_OF_RANGE"", ""message"": ""Device reported a reading outside the selected range; clinical review is needed.""}",,,0.11934679999831133,16.321990699998423,0.03340319999915664,16.585389700001542,"[[""Hypertension guideline.pdf"", ""Heart Failure guideline.pdf"", ""Hypertension guideline.pdf""]]","[{""parameter"": ""systolic_bp"", ""min"": 120, ""max"": 130}]","[{""parameter"": ""systolic_bp"", ""min"": 120, ""max"": 130}]",False,"{""status"": ""ALERT"", ""verified"": false, ""proof_type"": ""Bulletproofs"", ""public_bounds"": {""min"": 120, ""max"": 130, ""parameter"": ""systolic_bp""}, ""reason"": ""device reports reading outside range; no range proof was produced""}","{""status"": ""OUT_OF_RANGE"", ""message"": ""Device reported a reading outside the selected range; clinical review is needed.""}",,
100127,127,True,True,True,True,0.20068370000080904,17.058099499998207,0.023859000000811648,17.31463839999924,"[[""Heart Failure guideline.pdf"", ""Heart Failure guideline.pdf"", ""Heart Failure guideline.pdf""]]","[{""parameter"": ""heart_rate"", ""min"": 60, ""max"": 100}]","[{""parameter"": ""heart_rate"", ""min"": 60, ""max"": 100}]",False,"{""status"": ""ALERT"", ""verified"": false, ""proof_type"": ""Bulletproofs"", ""public_bounds"": {""min"": 60, ""max"": 100, ""parameter"": ""heart_rate""}, ""reason"": ""device reports reading outside range; no range proof was produced""}","{""status"": ""OUT_OF_RANGE"", ""message"": ""Device reported a reading outside the selected range; clinical review is needed.""}",,,0.24083380000229226,18.843434499998693,0.033692299999529496,19.147791100000177,"[[""Heart Failure guideline.pdf"", ""Heart Failure guideline.pdf"", ""Heart Failure guideline.pdf""]]","[{""parameter"": ""heart_rate"", ""min"": 60, ""max"": 100}]","[{""parameter"": ""heart_rate"", ""min"": 60, ""max"": 100}]",False,"{""status"": ""ALERT"", ""verified"": false, ""proof_type"": ""Bulletproofs"", ""public_bounds"": {""min"": 60, ""max"": 100, ""parameter"": ""heart_rate""}, ""reason"": ""device reports reading outside range; no range proof was produced""}","{""status"": ""OUT_OF_RANGE"", ""message"": ""Device reported a reading outside the selected range; clinical review is needed.""}",,
100128,128,True,True,,,0.22118349999800557,13.59943099999873,,13.844363300002442,"[[""Diabetes guideline.pdf"", ""Diabetes guideline.pdf"", ""Diabetes guideline.pdf""]]","[{""parameter"": ""BMI"", ""min"": 18.5, ""max"": 24.9}]",,,,,"RuntimeError: Tool run_cdss failed: {'error': 'Tool generate_policy failed: {\'error\': ""Unsupported model parameter: \'BMI\'""}'}",bounds,0.10261960000207182,14.445708799998101,,14.57697520000147,"[[""Diabetes guideline.pdf"", ""Diabetes guideline.pdf"", ""Diabetes guideline.pdf""]]","[{""parameter"": ""BMI"", ""min"": 18.5, ""max"": 24.9}]",,,,,"RuntimeError: Tool run_cdss failed: {'error': 'Tool generate_policy failed: {\'error\': ""Unsupported model parameter: \'BMI\'""}'}",bounds
100129,129,True,True,,,0.23587789999874076,13.080783400000655,,13.344945200002257,"[[""Hypertension guideline.pdf"", ""Heart Failure guideline.pdf"", ""Hypertension guideline.pdf""]]","[{""parameter"": ""blood_pressure"", ""min"": 90, ""max"": 120}]",,,,,"RuntimeError: Tool run_cdss failed: {'error': 'Tool generate_policy failed: {\'error\': ""Unsupported model parameter: \'blood_pressure\'""}'}",bounds,0.13091609999901266,14.392733200002112,,14.554351700000552,"[[""Hypertension guideline.pdf"", ""Heart Failure guideline.pdf"", ""Hypertension guideline.pdf""]]","[{""parameter"": ""blood_pressure"", ""min"": 90, ""max"": 120}]",,,,,"RuntimeError: Tool run_cdss failed: {'error': 'Tool generate_policy failed: {\'error\': ""Unsupported model parameter: \'blood_pressure\'""}'}",bounds
100130,130,True,True,,,0.14487580000059097,12.991865899999539,,13.176013899999816,"[[""Diabetes guideline.pdf"", ""Diabetes guideline.pdf"", ""Diabetes guideline.pdf""]]","[{""parameter"": ""BMI"", ""min"": 25, ""max"": 30}]",,,,,"RuntimeError: Tool run_cdss failed: {'error': 'Tool generate_policy failed: {\'error\': ""Unsupported model parameter: \'BMI\'""}'}",bounds,0.13141860000177985,14.328707900000154,,14.49401890000081,"[[""Diabetes guideline.pdf"", ""Diabetes guideline.pdf"", ""Diabetes guideline.pdf""]]","[{""parameter"": ""BMI"", ""min"": 25, ""max"": 30}]",,,,,"RuntimeError: Tool run_cdss failed: {'error': 'Tool generate_policy failed: {\'error\': ""Unsupported model parameter: \'BMI\'""}'}",bounds
100131,131,True,True,True,True,0.16625269999713055,16.19321990000026,0.4029709999995248,16.797340499997517,"[[""Heart Failure guideline.pdf"", ""Heart Failure guideline.pdf"", ""Heart Failure guideline.pdf""]]","[{""parameter"": ""hemoglobin"", ""min"": 10, ""max"": 12}]","[{""parameter"": ""hemoglobin"", ""min"": 10, ""max"": 12}]",True,"{""status"": ""NORMAL"", ""verified"": true, ""proof_type"": ""Bulletproofs"", ""public_bounds"": {""min"": 10, ""max"": 12, ""parameter"": ""hemoglobin""}, ""proof_size_bytes"": 800, ""prove_ms"": 33.785, ""verify_ms"": 4.667, ""zkp_process_ms"": 397.62770000015735, ""zkp_prove_ms"": 33.785, ""zkp_verify_ms"": 4.667}","{""status"": ""IN_RANGE"", ""message"": ""Verified reading(s) are within the selected range(s).""}",,,0.6695240999979433,18.179837300001964,0.15465499999845633,19.06581019999794,"[[""Heart Failure guideline.pdf"", ""Heart Failure guideline.pdf"", ""Heart Failure guideline.pdf""]]","[{""parameter"": ""hemoglobin"", ""min"": 10, ""max"": 12}]","[{""parameter"": ""hemoglobin"", ""min"": 10, ""max"": 12}]",True,"{""status"": ""NORMAL"", ""verified"": true, ""proof_type"": ""Bulletproofs"", ""public_bounds"": {""min"": 10, ""max"": 12, ""parameter"": ""hemoglobin""}, ""proof_size_bytes"": 800, ""prove_ms"": 69.217, ""verify_ms"": 6.095, ""zkp_process_ms"": 148.77890000207117, ""zkp_prove_ms"": 69.217, ""zkp_verify_ms"": 6.095}","{""status"": ""IN_RANGE"", ""message"": ""Verified reading(s) are within the selected range(s).""}",,
100132,132,True,True,True,True,0.17897140000059153,8.399448199998005,0.06605140000101528,8.67485840000154,"[[""Hypertension guideline.pdf"", ""Heart Failure guideline.pdf"", ""Hypertension guideline.pdf""]]","[{""parameter"": ""systolic_bp"", ""min"": 120, ""max"": 130}]","[{""parameter"": ""systolic_bp"", ""min"": 120, ""max"": 130}]",False,"{""status"": ""ALERT"", ""verified"": false, ""proof_type"": ""Bulletproofs"", ""public_bounds"": {""min"": 120, ""max"": 130, ""parameter"": ""systolic_bp""}, ""reason"": ""device reports reading outside range; no range proof was produced""}","{""status"": ""OUT_OF_RANGE"", ""message"": ""Device reported a reading outside the selected range; clinical review is needed.""}",,,0.4891231000001426,6.062501399999746,0.09099580000111018,6.669186200000695,"[[""Hypertension guideline.pdf"", ""Heart Failure guideline.pdf"", ""Hypertension guideline.pdf""]]","[{""parameter"": ""systolic_bp"", ""min"": 120, ""max"": 130}]","[{""parameter"": ""systolic_bp"", ""min"": 120, ""max"": 130}]",False,"{""status"": ""ALERT"", ""verified"": false, ""proof_type"": ""Bulletproofs"", ""public_bounds"": {""min"": 120, ""max"": 130, ""parameter"": ""systolic_bp""}, ""reason"": ""device reports reading outside range; no range proof was produced""}","{""status"": ""OUT_OF_RANGE"", ""message"": ""Device reported a reading outside the selected range; clinical review is needed.""}",,
100133,133,True,True,,,1.01634009999907,14.001478999998653,,15.047287600002164,"[[""Diabetes guideline.pdf"", ""Diabetes guideline.pdf"", ""Diabetes guideline.pdf""]]","[{""parameter"": ""blood_glucose_level"", ""min"": 70, ""max"": 140}]",,,,,"RuntimeError: Tool run_cdss failed: {'error': 'Tool generate_policy failed: {\'error\': ""Unsupported model parameter: \'blood_glucose_level\'""}'}",bounds,0.18993200000113575,14.8470387999987,,15.062542700001359,"[[""Diabetes guideline.pdf"", ""Diabetes guideline.pdf"", ""Diabetes guideline.pdf""]]","[{""parameter"": ""blood_glucose_level"", ""min"": 70, ""max"": 140}]",,,,,"RuntimeError: Tool run_cdss failed: {'error': 'Tool generate_policy failed: {\'error\': ""Unsupported model parameter: \'blood_glucose_level\'""}'}",bounds
100134,134,True,True,,,0.23579510000126902,13.150648399998317,,13.417643400000088,"[[""Hypertension guideline.pdf"", ""Heart Failure guideline.pdf"", ""Hypertension guideline.pdf""]]","[{""parameter"": ""blood_pressure"", ""min"": 120, ""max"": 130}]",,,,,"RuntimeError: Tool run_cdss failed: {'error': 'Tool generate_policy failed: {\'error\': ""Unsupported model parameter: \'blood_pressure\'""}'}",bounds,1.1283154000047944,10.369963699988148,,11.556382399998256,"[[""Hypertension guideline.pdf"", ""Heart Failure guideline.pdf"", ""Hypertension guideline.pdf""]]","[{""parameter"": ""blood_pressure"", ""min"": 120, ""max"": 130}]",,,,,"RuntimeError: Tool run_cdss failed: {'error': 'Tool generate_policy failed: {\'error\': ""Unsupported model parameter: \'blood_pressure\'""}'}",bounds
100135,135,True,True,,,0.2509056999988388,13.11204230000294,,13.400592900001357,"[[""Hypertension guideline.pdf"", ""Heart Failure guideline.pdf"", ""Hypertension guideline.pdf""]]","[{""parameter"": ""blood_pressure"", ""min"": 90, ""max"": 120}]",,,,,"RuntimeError: Tool run_cdss failed: {'error': 'Tool generate_policy failed: {\'error\': ""Unsupported model parameter: \'blood_pressure\'""}'}",bounds,0.055642200000875164,10.572779599999194,,10.653876500000479,"[[""Hypertension guideline.pdf"", ""Heart Failure guideline.pdf"", ""Hypertension guideline.pdf""]]","[{""parameter"": ""blood_pressure"", ""min"": 90, ""max"": 120}]",,,,,"RuntimeError: Tool run_cdss failed: {'error': 'Tool generate_policy failed: {\'error\': ""Unsupported model parameter: \'blood_pressure\'""}'}",bounds
100136,136,True,True,,,0.2782887000030314,13.974274199994397,,14.280386900001758,"[[""Diabetes guideline.pdf"", ""Hypertension guideline.pdf"", ""Hypertension guideline.pdf""]]","[{""parameter"": ""peak_flow"", ""min"": 300, ""max"": 400}]",,,,,"RuntimeError: Tool run_cdss failed: {'error': 'Tool generate_policy failed: {\'error\': ""Unsupported model parameter: \'peak_flow\'""}'}",bounds,0.08814510000229347,11.34144109999761,,11.45197239999834,"[[""Diabetes guideline.pdf"", ""Hypertension guideline.pdf"", ""Hypertension guideline.pdf""]]","[{""parameter"": ""peak_flow"", ""min"": 300, ""max"": 400}]",,,,,"RuntimeError: Tool run_cdss failed: {'error': 'Tool generate_policy failed: {\'error\': ""Unsupported model parameter: \'peak_flow\'""}'}",bounds
100137,137,True,True,True,True,0.25025580000146874,17.78728300000148,0.13399179999760236,18.201083100000687,"[[""Heart Failure guideline.pdf"", ""Heart Failure guideline.pdf"", ""Heart Failure guideline.pdf""]]","[{""parameter"": ""heart_rate"", ""min"": 60, ""max"": 100}]","[{""parameter"": ""heart_rate"", ""min"": 60, ""max"": 100}]",False,"{""status"": ""ALERT"", ""verified"": false, ""proof_type"": ""Bulletproofs"", ""public_bounds"": {""min"": 60, ""max"": 100, ""parameter"": ""heart_rate""}, ""reason"": ""device reports reading outside range; no range proof was produced""}","{""status"": ""OUT_OF_RANGE"", ""message"": ""Device reported a reading outside the selected range; clinical review is needed.""}",,,0.11207670000294456,14.22699979999743,0.023566600000776816,14.389992299998994,"[[""Heart Failure guideline.pdf"", ""Heart Failure guideline.pdf"", ""Heart Failure guideline.pdf""]]","[{""parameter"": ""heart_rate"", ""min"": 60, ""max"": 100}]","[{""parameter"": ""heart_rate"", ""min"": 60, ""max"": 100}]",False,"{""status"": ""ALERT"", ""verified"": false, ""proof_type"": ""Bulletproofs"", ""public_bounds"": {""min"": 60, ""max"": 100, ""parameter"": ""heart_rate""}, ""reason"": ""device reports reading outside range; no range proof was produced""}","{""status"": ""OUT_OF_RANGE"", ""message"": ""Device reported a reading outside the selected range; clinical review is needed.""}",,
100138,138,True,True,,,0.13661099999808357,12.887790300002962,,13.048221599998215,"[[""Hypertension guideline.pdf"", ""Heart Failure guideline.pdf"", ""Hypertension guideline.pdf""]]","[{""parameter"": ""blood_pressure"", ""min"": 90, ""max"": 120}]",,,,,"RuntimeError: Tool run_cdss failed: {'error': 'Tool generate_policy failed: {\'error\': ""Unsupported model parameter: \'blood_pressure\'""}'}",bounds,0.053142400000069756,10.670028600005026,,10.743107800000871,"[[""Hypertension guideline.pdf"", ""Heart Failure guideline.pdf"", ""Hypertension guideline.pdf""]]","[{""parameter"": ""blood_pressure"", ""min"": 90, ""max"": 120}]",,,,,"RuntimeError: Tool run_cdss failed: {'error': 'Tool generate_policy failed: {\'error\': ""Unsupported model parameter: \'blood_pressure\'""}'}",bounds
100139,139,True,True,,,0.17464180000024498,13.94847259999733,,14.151490899999772,"[[""Diabetes guideline.pdf"", ""Hypertension guideline.pdf"", ""Hypertension guideline.pdf""]]","[{""parameter"": ""peak_flow"", ""min"": 300, ""max"": 400}]",,,,,"RuntimeError: Tool run_cdss failed: {'error': 'Tool generate_policy failed: {\'error\': ""Unsupported model parameter: \'peak_flow\'""}'}",bounds,0.11697629999980563,11.443826000002446,,11.581194999998843,"[[""Diabetes guideline.pdf"", ""Hypertension guideline.pdf"", ""Hypertension guideline.pdf""]]","[{""parameter"": ""peak_flow"", ""min"": 300, ""max"": 400}]",,,,,"RuntimeError: Tool run_cdss failed: {'error': 'Tool generate_policy failed: {\'error\': ""Unsupported model parameter: \'peak_flow\'""}'}",bounds
100140,140,True,True,,,0.15740939999886905,7.118147799999861,,7.302637799999502,"[[""Diabetes guideline.pdf"", ""Hypertension guideline.pdf"", ""Hypertension guideline.pdf""]]","[{""parameter"": ""peak_flow"", ""min"": 1.5, ""max"": 3.0}]",,,,,"RuntimeError: Tool run_cdss failed: {'error': 'Tool generate_policy failed: {\'error\': ""Unsupported model parameter: \'peak_flow\'""}'}",bounds,0.10420909999811556,12.004898400002276,,12.132259300000442,"[[""Diabetes guideline.pdf"", ""Hypertension guideline.pdf"", ""Hypertension guideline.pdf""]]","[{""parameter"": ""peak_flow"", ""min"": 1.5, ""max"": 3.0}]",,,,,"RuntimeError: Tool run_cdss failed: {'error': 'Tool generate_policy failed: {\'error\': ""Unsupported model parameter: \'peak_flow\'""}'}",bounds
100141,141,True,True,True,True,0.17615049999949406,13.260913099999016,0.19071570000232896,13.658470800000941,"[[""Hypertension guideline.pdf"", ""Hypertension guideline.pdf"", ""Hypertension guideline.pdf""]]","[{""parameter"": ""systolic_bp"", ""min"": 130, ""max"": 139}]","[{""parameter"": ""systolic_bp"", ""min"": 130, ""max"": 139}]",True,"{""status"": ""NORMAL"", ""verified"": true, ""proof_type"": ""Bulletproofs"", ""public_bounds"": {""min"": 130, ""max"": 139, ""parameter"": ""systolic_bp""}, ""proof_size_bytes"": 800, ""prove_ms"": 43.244, ""verify_ms"": 4.643, ""zkp_process_ms"": 185.90670000048704, ""zkp_prove_ms"": 43.244, ""zkp_verify_ms"": 4.643}","{""status"": ""IN_RANGE"", ""message"": ""Verified reading(s) are within the selected range(s).""}",,,0.08263249999436084,11.110921200008306,0.08843150000029709,11.310362399999576,"[[""Hypertension guideline.pdf"", ""Hypertension guideline.pdf"", ""Hypertension guideline.pdf""]]","[{""parameter"": ""systolic_bp"", ""min"": 130, ""max"": 139}]","[{""parameter"": ""systolic_bp"", ""min"": 130, ""max"": 139}]",True,"{""status"": ""NORMAL"", ""verified"": true, ""proof_type"": ""Bulletproofs"", ""public_bounds"": {""min"": 130, ""max"": 139, ""parameter"": ""systolic_bp""}, ""proof_size_bytes"": 800, ""prove_ms"": 39.854, ""verify_ms"": 3.96, ""zkp_process_ms"": 85.04090000496944, ""zkp_prove_ms"": 39.854, ""zkp_verify_ms"": 3.96}","{""status"": ""IN_RANGE"", ""message"": ""Verified reading(s) are within the selected range(s).""}",,
100142,142,True,True,,,0.16256619999694522,13.58207790000597,,13.787504099997022,"[[""Diabetes guideline.pdf"", ""Diabetes guideline.pdf"", ""Diabetes guideline.pdf""]]","[{""parameter"": ""blood_glucose_level"", ""min"": 70, ""max"": 140}]",,,,,"RuntimeError: Tool run_cdss failed: {'error': 'Tool generate_policy failed: {\'error\': ""Unsupported model parameter: \'blood_glucose_level\'""}'}",bounds,0.053120500000659376,11.311150699999416,,11.381499900002382,"[[""Diabetes guideline.pdf"", ""Diabetes guideline.pdf"", ""Diabetes guideline.pdf""]]","[{""parameter"": ""blood_glucose_level"", ""min"": 70, ""max"": 140}]",,,,,"RuntimeError: Tool run_cdss failed: {'error': 'Tool generate_policy failed: {\'error\': ""Unsupported model parameter: \'blood_glucose_level\'""}'}",bounds
100143,143,True,True,True,True,0.2741286999989825,13.932188100003259,0.09037790000002133,14.330320799999754,"[[""Hypertension guideline.pdf"", ""Hypertension guideline.pdf"", ""Hypertension guideline.pdf""]]","[{""parameter"": ""systolic_bp"", ""min"": 130, ""max"": 139}]","[{""parameter"": ""systolic_bp"", ""min"": 130, ""max"": 139}]",False,"{""status"": ""ALERT"", ""verified"": false, ""proof_type"": ""Bulletproofs"", ""public_bounds"": {""min"": 130, ""max"": 139, ""parameter"": ""systolic_bp""}, ""reason"": ""device reports reading outside range; no range proof was produced""}","{""status"": ""OUT_OF_RANGE"", ""message"": ""Device reported a reading outside the selected range; clinical review is needed.""}",,,0.11909330000344198,11.786199499998474,0.02258760000404436,11.955067700000654,"[[""Hypertension guideline.pdf"", ""Hypertension guideline.pdf"", ""Hypertension guideline.pdf""]]","[{""parameter"": ""systolic_bp"", ""min"": 130, ""max"": 139}]","[{""parameter"": ""systolic_bp"", ""min"": 130, ""max"": 139}]",False,"{""status"": ""ALERT"", ""verified"": false, ""proof_type"": ""Bulletproofs"", ""public_bounds"": {""min"": 130, ""max"": 139, ""parameter"": ""systolic_bp""}, ""reason"": ""device reports reading outside range; no range proof was produced""}","{""status"": ""OUT_OF_RANGE"", ""message"": ""Device reported a reading outside the selected range; clinical review is needed.""}",,
100144,144,True,True,,,0.24506269999983488,14.964063699997496,,15.2334649000004,"[[""Diabetes guideline.pdf"", ""Hypertension guideline.pdf"", ""Hypertension guideline.pdf""]]","[{""parameter"": ""peak_flow"", ""min"": 300, ""max"": 450}]",,,,,"RuntimeError: Tool run_cdss failed: {'error': 'Tool generate_policy failed: {\'error\': ""Unsupported model parameter: \'peak_flow\'""}'}",bounds,0.06317800000397256,12.834257099995739,,12.916950999999244,"[[""Diabetes guideline.pdf"", ""Hypertension guideline.pdf"", ""Hypertension guideline.pdf""]]","[{""parameter"": ""peak_flow"", ""min"": 300, ""max"": 450}]",,,,,"RuntimeError: Tool run_cdss failed: {'error': 'Tool generate_policy failed: {\'error\': ""Unsupported model parameter: \'peak_flow\'""}'}",bounds
100145,145,True,True,True,True,0.14573120000204653,13.428299599996535,0.12092590000247583,13.748118299998168,"[[""Hypertension guideline.pdf"", ""Hypertension guideline.pdf"", ""Hypertension guideline.pdf""]]","[{""parameter"": ""systolic_bp"", ""min"": 130, ""max"": 139}]","[{""parameter"": ""systolic_bp"", ""min"": 130, ""max"": 139}]",False,"{""status"": ""ALERT"", ""verified"": false, ""proof_type"": ""Bulletproofs"", ""public_bounds"": {""min"": 130, ""max"": 139, ""parameter"": ""systolic_bp""}, ""reason"": ""device reports reading outside range; no range proof was produced""}","{""status"": ""OUT_OF_RANGE"", ""message"": ""Device reported a reading outside the selected range; clinical review is needed.""}",,,0.11457150000205729,11.659565099995234,0.02782429999933811,11.828754100002698,"[[""Hypertension guideline.pdf"", ""Hypertension guideline.pdf"", ""Hypertension guideline.pdf""]]","[{""parameter"": ""systolic_bp"", ""min"": 130, ""max"": 139}]","[{""parameter"": ""systolic_bp"", ""min"": 130, ""max"": 139}]",False,"{""status"": ""ALERT"", ""verified"": false, ""proof_type"": ""Bulletproofs"", ""public_bounds"": {""min"": 130, ""max"": 139, ""parameter"": ""systolic_bp""}, ""reason"": ""device reports reading outside range; no range proof was produced""}","{""status"": ""OUT_OF_RANGE"", ""message"": ""Device reported a reading outside the selected range; clinical review is needed.""}",,
100146,146,True,True,True,True,0.1830100000006496,13.420219999999972,0.11983849999887752,13.748468999998295,"[[""Hypertension guideline.pdf"", ""Hypertension guideline.pdf"", ""Hypertension guideline.pdf""]]","[{""parameter"": ""systolic_bp"", ""min"": 120, ""max"": 130}]","[{""parameter"": ""systolic_bp"", ""min"": 120, ""max"": 130}]",False,"{""status"": ""ALERT"", ""verified"": false, ""proof_type"": ""Bulletproofs"", ""public_bounds"": {""min"": 120, ""max"": 130, ""parameter"": ""systolic_bp""}, ""reason"": ""device reports reading outside range; no range proof was produced""}","{""status"": ""OUT_OF_RANGE"", ""message"": ""Device reported a reading outside the selected range; clinical review is needed.""}",,,0.06121790000179317,12.106719700001122,0.0406723999985843,12.23531599999842,"[[""Hypertension guideline.pdf"", ""Hypertension guideline.pdf"", ""Hypertension guideline.pdf""]]","[{""parameter"": ""systolic_bp"", ""min"": 120, ""max"": 130}]","[{""parameter"": ""systolic_bp"", ""min"": 120, ""max"": 130}]",False,"{""status"": ""ALERT"", ""verified"": false, ""proof_type"": ""Bulletproofs"", ""public_bounds"": {""min"": 120, ""max"": 130, ""parameter"": ""systolic_bp""}, ""reason"": ""device reports reading outside range; no range proof was produced""}","{""status"": ""OUT_OF_RANGE"", ""message"": ""Device reported a reading outside the selected range; clinical review is needed.""}",,
100147,147,True,True,True,True,0.21351190000132192,14.335828399998718,0.19393310000305064,14.767736999998306,"[[""Hypertension guideline.pdf"", ""Hypertension guideline.pdf"", ""Hypertension guideline.pdf""]]","[{""parameter"": ""systolic_bp"", ""min"": 90, ""max"": 120}]","[{""parameter"": ""systolic_bp"", ""min"": 90, ""max"": 120}]",True,"{""status"": ""NORMAL"", ""verified"": true, ""proof_type"": ""Bulletproofs"", ""public_bounds"": {""min"": 90, ""max"": 120, ""parameter"": ""systolic_bp""}, ""proof_size_bytes"": 800, ""prove_ms"": 45.537, ""verify_ms"": 4.091, ""zkp_process_ms"": 189.27480000274954, ""zkp_prove_ms"": 45.537, ""zkp_verify_ms"": 4.091}","{""status"": ""IN_RANGE"", ""message"": ""Verified reading(s) are within the selected range(s).""}",,,0.061809400001948234,13.47722779999458,0.12297020000551129,13.69077069999912,"[[""Hypertension guideline.pdf"", ""Hypertension guideline.pdf"", ""Hypertension guideline.pdf""]]","[{""parameter"": ""systolic_bp"", ""min"": 90, ""max"": 120}]","[{""parameter"": ""systolic_bp"", ""min"": 90, ""max"": 120}]",True,"{""status"": ""NORMAL"", ""verified"": true, ""proof_type"": ""Bulletproofs"", ""public_bounds"": {""min"": 90, ""max"": 120, ""parameter"": ""systolic_bp""}, ""proof_size_bytes"": 800, ""prove_ms"": 48.024, ""verify_ms"": 7.327, ""zkp_process_ms"": 117.24909999611555, ""zkp_prove_ms"": 48.024, ""zkp_verify_ms"": 7.327}","{""status"": ""IN_RANGE"", ""message"": ""Verified reading(s) are within the selected range(s).""}",,
100148,148,True,True,,,0.13006590000077267,13.724557400000776,,13.879645600001822,"[[""Diabetes guideline.pdf"", ""Hypertension guideline.pdf"", ""Hypertension guideline.pdf""]]","[{""parameter"": ""peak_flow"", ""min"": 300, ""max"": 400}]",,,,,"RuntimeError: Tool run_cdss failed: {'error': 'Tool generate_policy failed: {\'error\': ""Unsupported model parameter: \'peak_flow\'""}'}",bounds,0.0699772000007215,12.78317010000319,,12.874048099998618,"[[""Diabetes guideline.pdf"", ""Hypertension guideline.pdf"", ""Hypertension guideline.pdf""]]","[{""parameter"": ""peak_flow"", ""min"": 300, ""max"": 400}]",,,,,"RuntimeError: Tool run_cdss failed: {'error': 'Tool generate_policy failed: {\'error\': ""Unsupported model parameter: \'peak_flow\'""}'}",bounds
100149,149,True,True,True,True,0.13598970000020927,16.148375900000246,0.11809859999993932,16.43132219999825,"[[""Heart Failure guideline.pdf"", ""Heart Failure guideline.pdf"", ""Heart Failure guideline.pdf""]]","[{""parameter"": ""systolic_bp"", ""min"": 120, ""max"": 130}]","[{""parameter"": ""systolic_bp"", ""min"": 120, ""max"": 130}]",False,"{""status"": ""ALERT"", ""verified"": false, ""proof_type"": ""Bulletproofs"", ""public_bounds"": {""min"": 120, ""max"": 130, ""parameter"": ""systolic_bp""}, ""reason"": ""device reports reading outside range; no range proof was produced""}","{""status"": ""OUT_OF_RANGE"", ""message"": ""Device reported a reading outside the selected range; clinical review is needed.""}",,,0.06275800000003073,14.555331399998977,0.025021899993589614,14.672545699999318,"[[""Heart Failure guideline.pdf"", ""Heart Failure guideline.pdf"", ""Heart Failure guideline.pdf""]]","[{""parameter"": ""systolic_bp"", ""min"": 120, ""max"": 130}]","[{""parameter"": ""systolic_bp"", ""min"": 120, ""max"": 130}]",False,"{""status"": ""ALERT"", ""verified"": false, ""proof_type"": ""Bulletproofs"", ""public_bounds"": {""min"": 120, ""max"": 130, ""parameter"": ""systolic_bp""}, ""reason"": ""device reports reading outside range; no range proof was produced""}","{""status"": ""OUT_OF_RANGE"", ""message"": ""Device reported a reading outside the selected range; clinical review is needed.""}",,
100150,150,True,True,True,True,0.1487808000019868,13.274803299995256,0.02450479999970412,13.516602699997748,"[[""Hypertension guideline.pdf"", ""Hypertension guideline.pdf"", ""Hypertension guideline.pdf""]]","[{""parameter"": ""systolic_bp"", ""min"": 120, ""max"": 130}]","[{""parameter"": ""systolic_bp"", ""min"": 120, ""max"": 130}]",False,"{""status"": ""ALERT"", ""verified"": false, ""proof_type"": ""Bulletproofs"", ""public_bounds"": {""min"": 120, ""max"": 130, ""parameter"": ""systolic_bp""}, ""reason"": ""device reports reading outside range; no range proof was produced""}","{""status"": ""OUT_OF_RANGE"", ""message"": ""Device reported a reading outside the selected range; clinical review is needed.""}",,,0.05382349999854341,11.955190600005153,0.023472999993828125,12.05590420000226,"[[""Hypertension guideline.pdf"", ""Hypertension guideline.pdf"", ""Hypertension guideline.pdf""]]","[{""parameter"": ""systolic_bp"", ""min"": 120, ""max"": 130}]","[{""parameter"": ""systolic_bp"", ""min"": 120, ""max"": 130}]",False,"{""status"": ""ALERT"", ""verified"": false, ""proof_type"": ""Bulletproofs"", ""public_bounds"": {""min"": 120, ""max"": 130, ""parameter"": ""systolic_bp""}, ""reason"": ""device reports reading outside range; no range proof was produced""}","{""status"": ""OUT_OF_RANGE"", ""message"": ""Device reported a reading outside the selected range; clinical review is needed.""}",,
100151,151,True,True,True,True,0.1938573000006727,14.985245200001373,0.14930529999764985,15.354896000000736,"[[""Hypertension guideline.pdf"", ""Hypertension guideline.pdf"", ""Hypertension guideline.pdf""]]","[{""parameter"": ""systolic_bp"", ""min"": 120, ""max"": 140}]","[{""parameter"": ""systolic_bp"", ""min"": 120, ""max"": 140}]",False,"{""status"": ""ALERT"", ""verified"": false, ""proof_type"": ""Bulletproofs"", ""public_bounds"": {""min"": 120, ""max"": 140, ""parameter"": ""systolic_bp""}, ""reason"": ""device reports reading outside range; no range proof was produced""}","{""status"": ""OUT_OF_RANGE"", ""message"": ""Device reported a reading outside the selected range; clinical review is needed.""}",,,0.05594030000065686,12.787572100001853,0.02290740000171354,12.890513300000748,"[[""Hypertension guideline.pdf"", ""Hypertension guideline.pdf"", ""Hypertension guideline.pdf""]]","[{""parameter"": ""systolic_bp"", ""min"": 120, ""max"": 140}]","[{""parameter"": ""systolic_bp"", ""min"": 120, ""max"": 140}]",False,"{""status"": ""ALERT"", ""verified"": false, ""proof_type"": ""Bulletproofs"", ""public_bounds"": {""min"": 120, ""max"": 140, ""parameter"": ""systolic_bp""}, ""reason"": ""device reports reading outside range; no range proof was produced""}","{""status"": ""OUT_OF_RANGE"", ""message"": ""Device reported a reading outside the selected range; clinical review is needed.""}",,
100152,152,True,True,True,True,0.2523570000012114,7.0894420000004175,0.06209059999673627,7.431228200002806,"[[""Hypertension guideline.pdf"", ""Hypertension guideline.pdf"", ""Hypertension guideline.pdf""]]","[{""parameter"": ""systolic_bp"", ""min"": 130, ""max"": 139}]","[{""parameter"": ""systolic_bp"", ""min"": 130, ""max"": 139}]",False,"{""status"": ""ALERT"", ""verified"": false, ""proof_type"": ""Bulletproofs"", ""public_bounds"": {""min"": 130, ""max"": 139, ""parameter"": ""systolic_bp""}, ""reason"": ""device reports reading outside range; no range proof was produced""}","{""status"": ""OUT_OF_RANGE"", ""message"": ""Device reported a reading outside the selected range; clinical review is needed.""}",,,0.0724389999959385,11.801699700008612,0.022949600002903026,11.922731300001033,"[[""Hypertension guideline.pdf"", ""Hypertension guideline.pdf"", ""Hypertension guideline.pdf""]]","[{""parameter"": ""systolic_bp"", ""min"": 130, ""max"": 139}]","[{""parameter"": ""systolic_bp"", ""min"": 130, ""max"": 139}]",False,"{""status"": ""ALERT"", ""verified"": false, ""proof_type"": ""Bulletproofs"", ""public_bounds"": {""min"": 130, ""max"": 139, ""parameter"": ""systolic_bp""}, ""reason"": ""device reports reading outside range; no range proof was produced""}","{""status"": ""OUT_OF_RANGE"", ""message"": ""Device reported a reading outside the selected range; clinical review is needed.""}",,
100153,153,True,True,,,0.22950549999950454,12.690376000002288,,12.945722600001318,"[[""Hypertension guideline.pdf"", ""Heart Failure guideline.pdf"", ""Hypertension guideline.pdf""]]","[{""parameter"": ""blood_pressure"", ""min"": 90, ""max"": 120}]",,,,,"RuntimeError: Tool run_cdss failed: {'error': 'Tool generate_policy failed: {\'error\': ""Unsupported model parameter: \'blood_pressure\'""}'}",bounds,0.059732900001108646,11.353862500000105,,11.433903299999656,"[[""Hypertension guideline.pdf"", ""Heart Failure guideline.pdf"", ""Hypertension guideline.pdf""]]","[{""parameter"": ""blood_pressure"", ""min"": 90, ""max"": 120}]",,,,,"RuntimeError: Tool run_cdss failed: {'error': 'Tool generate_policy failed: {\'error\': ""Unsupported model parameter: \'blood_pressure\'""}'}",bounds
100154,154,True,True,True,True,0.2218892999990203,16.21221389999846,0.036240100002032705,16.506921000000148,"[[""Heart Failure guideline.pdf"", ""Heart Failure guideline.pdf"", ""Heart Failure guideline.pdf""]]","[{""parameter"": ""systolic_bp"", ""min"": 120, ""max"": 130}]","[{""parameter"": ""systolic_bp"", ""min"": 120, ""max"": 130}]",False,"{""status"": ""ALERT"", ""verified"": false, ""proof_type"": ""Bulletproofs"", ""public_bounds"": {""min"": 120, ""max"": 130, ""parameter"": ""systolic_bp""}, ""reason"": ""device reports reading outside range; no range proof was produced""}","{""status"": ""OUT_OF_RANGE"", ""message"": ""Device reported a reading outside the selected range; clinical review is needed.""}",,,0.12158800000179326,14.747063499999058,0.02179980000073556,14.921191099994758,"[[""Heart Failure guideline.pdf"", ""Heart Failure guideline.pdf"", ""Heart Failure guideline.pdf""]]","[{""parameter"": ""systolic_bp"", ""min"": 120, ""max"": 130}]","[{""parameter"": ""systolic_bp"", ""min"": 120, ""max"": 130}]",False,"{""status"": ""ALERT"", ""verified"": false, ""proof_type"": ""Bulletproofs"", ""public_bounds"": {""min"": 120, ""max"": 130, ""parameter"": ""systolic_bp""}, ""reason"": ""device reports reading outside range; no range proof was produced""}","{""status"": ""OUT_OF_RANGE"", ""message"": ""Device reported a reading outside the selected range; clinical review is needed.""}",,
100156,156,True,True,True,True,0.3651008000015281,15.075654999996914,0.05096570000023348,15.526532899999438,"[[""Hypertension guideline.pdf"", ""Hypertension guideline.pdf"", ""Hypertension guideline.pdf""]]","[{""parameter"": ""systolic_bp"", ""min"": 120, ""max"": 140}]","[{""parameter"": ""systolic_bp"", ""min"": 120, ""max"": 140}]",False,"{""status"": ""ALERT"", ""verified"": false, ""proof_type"": ""Bulletproofs"", ""public_bounds"": {""min"": 120, ""max"": 140, ""parameter"": ""systolic_bp""}, ""reason"": ""device reports reading outside range; no range proof was produced""}","{""status"": ""OUT_OF_RANGE"", ""message"": ""Device reported a reading outside the selected range; clinical review is needed.""}",,,0.0628223000021535,14.072327099995164,0.025291999998444226,14.188024800001585,"[[""Hypertension guideline.pdf"", ""Hypertension guideline.pdf"", ""Hypertension guideline.pdf""]]","[{""parameter"": ""systolic_bp"", ""min"": 120, ""max"": 140}]","[{""parameter"": ""systolic_bp"", ""min"": 120, ""max"": 140}]",False,"{""status"": ""ALERT"", ""verified"": false, ""proof_type"": ""Bulletproofs"", ""public_bounds"": {""min"": 120, ""max"": 140, ""parameter"": ""systolic_bp""}, ""reason"": ""device reports reading outside range; no range proof was produced""}","{""status"": ""OUT_OF_RANGE"", ""message"": ""Device reported a reading outside the selected range; clinical review is needed.""}",,
100157,157,True,True,True,True,0.24247489999834215,17.499671699999453,0.14850959999967017,17.92162989999997,"[[""Heart Failure guideline.pdf"", ""Heart Failure guideline.pdf"", ""Heart Failure guideline.pdf""]]","[{""parameter"": ""heart_rate"", ""min"": 60, ""max"": 100}]","[{""parameter"": ""heart_rate"", ""min"": 60, ""max"": 100}]",True,"{""status"": ""NORMAL"", ""verified"": true, ""proof_type"": ""Bulletproofs"", ""public_bounds"": {""min"": 60, ""max"": 100, ""parameter"": ""heart_rate""}, ""proof_size_bytes"": 800, ""prove_ms"": 68.277, ""verify_ms"": 4.168, ""zkp_process_ms"": 143.54159999857075, ""zkp_prove_ms"": 68.277, ""zkp_verify_ms"": 4.168}","{""status"": ""IN_RANGE"", ""message"": ""Verified reading(s) are within the selected range(s).""}",,,0.05713390000164509,15.654159599995182,0.10170970000035595,15.860865700000431,"[[""Heart Failure guideline.pdf"", ""Heart Failure guideline.pdf"", ""Heart Failure guideline.pdf""]]","[{""parameter"": ""heart_rate"", ""min"": 60, ""max"": 100}]","[{""parameter"": ""heart_rate"", ""min"": 60, ""max"": 100}]",True,"{""status"": ""NORMAL"", ""verified"": true, ""proof_type"": ""Bulletproofs"", ""public_bounds"": {""min"": 60, ""max"": 100, ""parameter"": ""heart_rate""}, ""proof_size_bytes"": 800, ""prove_ms"": 45.795, ""verify_ms"": 6.363, ""zkp_process_ms"": 97.36519999569282, ""zkp_prove_ms"": 45.795, ""zkp_verify_ms"": 6.363}","{""status"": ""IN_RANGE"", ""message"": ""Verified reading(s) are within the selected range(s).""}",,
100158,158,True,True,True,True,0.24733009999908973,13.522980199999438,0.03115050000269548,13.826081899998826,"[[""Hypertension guideline.pdf"", ""Hypertension guideline.pdf"", ""Hypertension guideline.pdf""]]","[{""parameter"": ""systolic_bp"", ""min"": 120, ""max"": 130}]","[{""parameter"": ""systolic_bp"", ""min"": 120, ""max"": 130}]",False,"{""status"": ""ALERT"", ""verified"": false, ""proof_type"": ""Bulletproofs"", ""public_bounds"": {""min"": 120, ""max"": 130, ""parameter"": ""systolic_bp""}, ""reason"": ""device reports reading outside range; no range proof was produced""}","{""status"": ""OUT_OF_RANGE"", ""message"": ""Device reported a reading outside the selected range; clinical review is needed.""}",,,0.05404859999543987,11.872008000005735,0.021477299997059163,11.97072499999922,"[[""Hypertension guideline.pdf"", ""Hypertension guideline.pdf"", ""Hypertension guideline.pdf""]]","[{""parameter"": ""systolic_bp"", ""min"": 120, ""max"": 130}]","[{""parameter"": ""systolic_bp"", ""min"": 120, ""max"": 130}]",False,"{""status"": ""ALERT"", ""verified"": false, ""proof_type"": ""Bulletproofs"", ""public_bounds"": {""min"": 120, ""max"": 130, ""parameter"": ""systolic_bp""}, ""reason"": ""device reports reading outside range; no range proof was produced""}","{""status"": ""OUT_OF_RANGE"", ""message"": ""Device reported a reading outside the selected range; clinical review is needed.""}",,
100159,159,True,True,True,True,0.2756740000004356,15.413453499997559,0.03193150000151945,15.766986700000416,"[[""Hypertension guideline.pdf"", ""Heart Failure guideline.pdf"", ""Hypertension guideline.pdf""]]","[{""parameter"": ""systolic_bp"", ""min"": 120, ""max"": 130}]","[{""parameter"": ""systolic_bp"", ""min"": 120, ""max"": 130}]",False,"{""status"": ""ALERT"", ""verified"": false, ""proof_type"": ""Bulletproofs"", ""public_bounds"": {""min"": 120, ""max"": 130, ""parameter"": ""systolic_bp""}, ""reason"": ""device reports reading outside range; no range proof was produced""}","{""status"": ""OUT_OF_RANGE"", ""message"": ""Device reported a reading outside the selected range; clinical review is needed.""}",,,0.06719819999852916,13.501043700001901,0.0410974000042188,13.63592929999868,"[[""Hypertension guideline.pdf"", ""Heart Failure guideline.pdf"", ""Hypertension guideline.pdf""]]","[{""parameter"": ""systolic_bp"", ""min"": 120, ""max"": 130}]","[{""parameter"": ""systolic_bp"", ""min"": 120, ""max"": 130}]",False,"{""status"": ""ALERT"", ""verified"": false, ""proof_type"": ""Bulletproofs"", ""public_bounds"": {""min"": 120, ""max"": 130, ""parameter"": ""systolic_bp""}, ""reason"": ""device reports reading outside range; no range proof was produced""}","{""status"": ""OUT_OF_RANGE"", ""message"": ""Device reported a reading outside the selected range; clinical review is needed.""}",,
100160,160,True,True,True,True,0.29456860000209417,16.123614299998735,0.026387499998236308,16.472539700000198,"[[""Heart Failure guideline.pdf"", ""Heart Failure guideline.pdf"", ""Heart Failure guideline.pdf""]]","[{""parameter"": ""hemoglobin"", ""min"": 12, ""max"": 15}]","[{""parameter"": ""hemoglobin"", ""min"": 12, ""max"": 15}]",False,"{""status"": ""ALERT"", ""verified"": false, ""proof_type"": ""Bulletproofs"", ""public_bounds"": {""min"": 12, ""max"": 15, ""parameter"": ""hemoglobin""}, ""reason"": ""device reports reading outside range; no range proof was produced""}","{""status"": ""OUT_OF_RANGE"", ""message"": ""Device reported a reading outside the selected range; clinical review is needed.""}",,,0.0619139999980689,14.20030570000381,0.029039100001682527,14.316763000002538,"[[""Heart Failure guideline.pdf"", ""Heart Failure guideline.pdf"", ""Heart Failure guideline.pdf""]]","[{""parameter"": ""hemoglobin"", ""min"": 12, ""max"": 15}]","[{""parameter"": ""hemoglobin"", ""min"": 12, ""max"": 15}]",False,"{""status"": ""ALERT"", ""verified"": false, ""proof_type"": ""Bulletproofs"", ""public_bounds"": {""min"": 12, ""max"": 15, ""parameter"": ""hemoglobin""}, ""reason"": ""device reports reading outside range; no range proof was produced""}","{""status"": ""OUT_OF_RANGE"", ""message"": ""Device reported a reading outside the selected range; clinical review is needed.""}",,
100161,161,True,True,True,True,0.23920709999947576,15.618214500002068,0.033099799999035895,15.918184799997107,"[[""Hypertension guideline.pdf"", ""Heart Failure guideline.pdf"", ""Hypertension guideline.pdf""]]","[{""parameter"": ""systolic_bp"", ""min"": 120, ""max"": 130}]","[{""parameter"": ""systolic_bp"", ""min"": 120, ""max"": 130}]",False,"{""status"": ""ALERT"", ""verified"": false, ""proof_type"": ""Bulletproofs"", ""public_bounds"": {""min"": 120, ""max"": 130, ""parameter"": ""systolic_bp""}, ""reason"": ""device reports reading outside range; no range proof was produced""}","{""status"": ""OUT_OF_RANGE"", ""message"": ""Device reported a reading outside the selected range; clinical review is needed.""}",,,0.06399480000254698,15.845603899993876,0.02960700000403449,15.96774230000301,"[[""Hypertension guideline.pdf"", ""Heart Failure guideline.pdf"", ""Hypertension guideline.pdf""]]","[{""parameter"": ""systolic_bp"", ""min"": 120, ""max"": 130}]","[{""parameter"": ""systolic_bp"", ""min"": 120, ""max"": 130}]",False,"{""status"": ""ALERT"", ""verified"": false, ""proof_type"": ""Bulletproofs"", ""public_bounds"": {""min"": 120, ""max"": 130, ""parameter"": ""systolic_bp""}, ""reason"": ""device reports reading outside range; no range proof was produced""}","{""status"": ""OUT_OF_RANGE"", ""message"": ""Device reported a reading outside the selected range; clinical review is needed.""}",,
100162,162,True,True,True,True,0.13194750000184285,6.572668499997235,0.04487090000111493,6.778672299999016,"[[""Hypertension guideline.pdf"", ""Hypertension guideline.pdf"", ""Hypertension guideline.pdf""]]","[{""parameter"": ""systolic_bp"", ""min"": 120, ""max"": 140}]","[{""parameter"": ""systolic_bp"", ""min"": 120, ""max"": 140}]",False,"{""status"": ""ALERT"", ""verified"": false, ""proof_type"": ""Bulletproofs"", ""public_bounds"": {""min"": 120, ""max"": 140, ""parameter"": ""systolic_bp""}, ""reason"": ""device reports reading outside range; no range proof was produced""}","{""status"": ""OUT_OF_RANGE"", ""message"": ""Device reported a reading outside the selected range; clinical review is needed.""}",,,0.12808270000095945,15.546982599997136,0.03517950000241399,15.74926879999839,"[[""Hypertension guideline.pdf"", ""Hypertension guideline.pdf"", ""Hypertension guideline.pdf""]]","[{""parameter"": ""systolic_bp"", ""min"": 120, ""max"": 140}]","[{""parameter"": ""systolic_bp"", ""min"": 120, ""max"": 140}]",False,"{""status"": ""ALERT"", ""verified"": false, ""proof_type"": ""Bulletproofs"", ""public_bounds"": {""min"": 120, ""max"": 140, ""parameter"": ""systolic_bp""}, ""reason"": ""device reports reading outside range; no range proof was produced""}","{""status"": ""OUT_OF_RANGE"", ""message"": ""Device reported a reading outside the selected range; clinical review is needed.""}",,
100163,163,True,True,True,True,0.19063199999800418,16.990485700003774,0.1428598000020429,17.35866840000017,"[[""Heart Failure guideline.pdf"", ""Heart Failure guideline.pdf"", ""Heart Failure guideline.pdf""]]","[{""parameter"": ""heart_rate"", ""min"": 60, ""max"": 100}]","[{""parameter"": ""heart_rate"", ""min"": 60, ""max"": 100}]",True,"{""status"": ""NORMAL"", ""verified"": true, ""proof_type"": ""Bulletproofs"", ""public_bounds"": {""min"": 60, ""max"": 100, ""parameter"": ""heart_rate""}, ""proof_size_bytes"": 800, ""prove_ms"": 62.838, ""verify_ms"": 4.359, ""zkp_process_ms"": 138.31000000209315, ""zkp_prove_ms"": 62.838, ""zkp_verify_ms"": 4.359}","{""status"": ""IN_RANGE"", ""message"": ""Verified reading(s) are within the selected range(s).""}",,,0.11215200000151526,18.20749590000196,0.10873529999662424,18.463060099995346,"[[""Heart Failure guideline.pdf"", ""Heart Failure guideline.pdf"", ""Heart Failure guideline.pdf""]]","[{""parameter"": ""heart_rate"", ""min"": 60, ""max"": 100}]","[{""parameter"": ""heart_rate"", ""min"": 60, ""max"": 100}]",True,"{""status"": ""NORMAL"", ""verified"": true, ""proof_type"": ""Bulletproofs"", ""public_bounds"": {""min"": 60, ""max"": 100, ""parameter"": ""heart_rate""}, ""proof_size_bytes"": 800, ""prove_ms"": 50.544, ""verify_ms"": 7.06, ""zkp_process_ms"": 103.53469999972731, ""zkp_prove_ms"": 50.544, ""zkp_verify_ms"": 7.06}","{""status"": ""IN_RANGE"", ""message"": ""Verified reading(s) are within the selected range(s).""}",,
100164,164,True,True,,,0.15536290000090958,14.543161199999304,,14.718176700000186,"[[""Diabetes guideline.pdf"", ""Hypertension guideline.pdf"", ""Hypertension guideline.pdf""]]","[{""parameter"": ""peak_flow"", ""min"": 1.5, ""max"": 3.0}]",,,,,"RuntimeError: Tool run_cdss failed: {'error': 'Tool generate_policy failed: {\'error\': ""Unsupported model parameter: \'peak_flow\'""}'}",bounds,0.10004399999888847,15.50160329999926,,15.634283300001698,"[[""Diabetes guideline.pdf"", ""Hypertension guideline.pdf"", ""Hypertension guideline.pdf""]]","[{""parameter"": ""peak_flow"", ""min"": 1.5, ""max"": 3.0}]",,,,,"RuntimeError: Tool run_cdss failed: {'error': 'Tool generate_policy failed: {\'error\': ""Unsupported model parameter: \'peak_flow\'""}'}",bounds
100165,165,True,True,,,0.17253200000050128,13.764070199998969,,13.96242500000153,"[[""Diabetes guideline.pdf"", ""Diabetes guideline.pdf"", ""Diabetes guideline.pdf""]]","[{""parameter"": ""blood_glucose_level"", ""min"": 70, ""max"": 140}]",,,,,"RuntimeError: Tool run_cdss failed: {'error': 'Tool generate_policy failed: {\'error\': ""Unsupported model parameter: \'blood_glucose_level\'""}'}",bounds,0.10765140000148676,14.188013099999807,,14.321799199999077,"[[""Diabetes guideline.pdf"", ""Diabetes guideline.pdf"", ""Diabetes guideline.pdf""]]","[{""parameter"": ""blood_glucose_level"", ""min"": 70, ""max"": 140}]",,,,,"RuntimeError: Tool run_cdss failed: {'error': 'Tool generate_policy failed: {\'error\': ""Unsupported model parameter: \'blood_glucose_level\'""}'}",bounds
100166,166,True,True,True,True,0.1725287000008393,15.386242999997194,0.027309299999615178,15.61685579999903,"[[""Hypertension guideline.pdf"", ""Hypertension guideline.pdf"", ""Hypertension guideline.pdf""]]","[{""parameter"": ""systolic_bp"", ""min"": 120, ""max"": 140}]","[{""parameter"": ""systolic_bp"", ""min"": 120, ""max"": 140}]",False,"{""status"": ""ALERT"", ""verified"": false, ""proof_type"": ""Bulletproofs"", ""public_bounds"": {""min"": 120, ""max"": 140, ""parameter"": ""systolic_bp""}, ""reason"": ""device reports reading outside range; no range proof was produced""}","{""status"": ""OUT_OF_RANGE"", ""message"": ""Device reported a reading outside the selected range; clinical review is needed.""}",,,0.09545799999614246,15.840737900005479,0.03212060000078054,16.002399799996056,"[[""Hypertension guideline.pdf"", ""Hypertension guideline.pdf"", ""Hypertension guideline.pdf""]]","[{""parameter"": ""systolic_bp"", ""min"": 120, ""max"": 140}]","[{""parameter"": ""systolic_bp"", ""min"": 120, ""max"": 140}]",False,"{""status"": ""ALERT"", ""verified"": false, ""proof_type"": ""Bulletproofs"", ""public_bounds"": {""min"": 120, ""max"": 140, ""parameter"": ""systolic_bp""}, ""reason"": ""device reports reading outside range; no range proof was produced""}","{""status"": ""OUT_OF_RANGE"", ""message"": ""Device reported a reading outside the selected range; clinical review is needed.""}",,
100167,167,True,True,,,0.21700950000013108,13.505844199997227,,13.747233400001278,"[[""Diabetes guideline.pdf"", ""Diabetes guideline.pdf"", ""Diabetes guideline.pdf""]]","[{""parameter"": ""blood_glucose_level"", ""min"": 70, ""max"": 140}]",,,,,"RuntimeError: Tool run_cdss failed: {'error': 'Tool generate_policy failed: {\'error\': ""Unsupported model parameter: \'blood_glucose_level\'""}'}",bounds,0.06445450000319397,14.325052799998957,,14.413287099996523,"[[""Diabetes guideline.pdf"", ""Diabetes guideline.pdf"", ""Diabetes guideline.pdf""]]","[{""parameter"": ""blood_glucose_level"", ""min"": 70, ""max"": 140}]",,,,,"RuntimeError: Tool run_cdss failed: {'error': 'Tool generate_policy failed: {\'error\': ""Unsupported model parameter: \'blood_glucose_level\'""}'}",bounds
100168,168,True,True,,,0.16044959999999264,12.770478300000832,,12.954844700001559,"[[""Hypertension guideline.pdf"", ""Heart Failure guideline.pdf"", ""Hypertension guideline.pdf""]]","[{""parameter"": ""blood_pressure"", ""min"": 90, ""max"": 120}]",,,,,"RuntimeError: Tool run_cdss failed: {'error': 'Tool generate_policy failed: {\'error\': ""Unsupported model parameter: \'blood_pressure\'""}'}",bounds,0.08276269999623764,13.92769720000797,,14.037885999998252,"[[""Hypertension guideline.pdf"", ""Heart Failure guideline.pdf"", ""Hypertension guideline.pdf""]]","[{""parameter"": ""blood_pressure"", ""min"": 90, ""max"": 120}]",,,,,"RuntimeError: Tool run_cdss failed: {'error': 'Tool generate_policy failed: {\'error\': ""Unsupported model parameter: \'blood_pressure\'""}'}",bounds
100169,169,True,True,True,True,0.1398434000002453,17.45694239999648,0.10486300000047777,17.73153850000017,"[[""Heart Failure guideline.pdf"", ""Heart Failure guideline.pdf"", ""Heart Failure guideline.pdf""]]","[{""parameter"": ""heart_rate"", ""min"": 60, ""max"": 100}]","[{""parameter"": ""heart_rate"", ""min"": 60, ""max"": 100}]",True,"{""status"": ""NORMAL"", ""verified"": true, ""proof_type"": ""Bulletproofs"", ""public_bounds"": {""min"": 60, ""max"": 100, ""parameter"": ""heart_rate""}, ""proof_size_bytes"": 800, ""prove_ms"": 40.862, ""verify_ms"": 4.369, ""zkp_process_ms"": 99.1855000029318, ""zkp_prove_ms"": 40.862, ""zkp_verify_ms"": 4.369}","{""status"": ""IN_RANGE"", ""message"": ""Verified reading(s) are within the selected range(s).""}",,,0.1182293000019854,17.306200799997896,0.09776599999895552,17.557013599995116,"[[""Heart Failure guideline.pdf"", ""Heart Failure guideline.pdf"", ""Heart Failure guideline.pdf""]]","[{""parameter"": ""heart_rate"", ""min"": 60, ""max"": 100}]","[{""parameter"": ""heart_rate"", ""min"": 60, ""max"": 100}]",True,"{""status"": ""NORMAL"", ""verified"": true, ""proof_type"": ""Bulletproofs"", ""public_bounds"": {""min"": 60, ""max"": 100, ""parameter"": ""heart_rate""}, ""proof_size_bytes"": 800, ""prove_ms"": 40.781, ""verify_ms"": 6.09, ""zkp_process_ms"": 92.97420000075363, ""zkp_prove_ms"": 40.781, ""zkp_verify_ms"": 6.09}","{""status"": ""IN_RANGE"", ""message"": ""Verified reading(s) are within the selected range(s).""}",,
100170,170,True,True,True,True,0.21990960000039195,14.621723699998256,0.03665099999852828,14.91070220000256,"[[""Hypertension guideline.pdf"", ""Hypertension guideline.pdf"", ""Hypertension guideline.pdf""]]","[{""parameter"": ""systolic_bp"", ""min"": 120, ""max"": 130}]","[{""parameter"": ""systolic_bp"", ""min"": 120, ""max"": 130}]",False,"{""status"": ""ALERT"", ""verified"": false, ""proof_type"": ""Bulletproofs"", ""public_bounds"": {""min"": 120, ""max"": 130, ""parameter"": ""systolic_bp""}, ""reason"": ""device reports reading outside range; no range proof was produced""}","{""status"": ""OUT_OF_RANGE"", ""message"": ""Device reported a reading outside the selected range; clinical review is needed.""}",,,0.11829990000114776,15.819452499999898,0.03142959999968298,16.002403999998933,"[[""Hypertension guideline.pdf"", ""Hypertension guideline.pdf"", ""Hypertension guideline.pdf""]]","[{""parameter"": ""systolic_bp"", ""min"": 120, ""max"": 130}]","[{""parameter"": ""systolic_bp"", ""min"": 120, ""max"": 130}]",False,"{""status"": ""ALERT"", ""verified"": false, ""proof_type"": ""Bulletproofs"", ""public_bounds"": {""min"": 120, ""max"": 130, ""parameter"": ""systolic_bp""}, ""reason"": ""device reports reading outside range; no range proof was produced""}","{""status"": ""OUT_OF_RANGE"", ""message"": ""Device reported a reading outside the selected range; clinical review is needed.""}",,
100171,171,True,True,True,True,0.16930499999944004,15.31897089999984,0.032582299998466624,15.548611099999107,"[[""Hypertension guideline.pdf"", ""Hypertension guideline.pdf"", ""Hypertension guideline.pdf""]]","[{""parameter"": ""systolic_bp"", ""min"": 120, ""max"": 140}]","[{""parameter"": ""systolic_bp"", ""min"": 120, ""max"": 140}]",False,"{""status"": ""ALERT"", ""verified"": false, ""proof_type"": ""Bulletproofs"", ""public_bounds"": {""min"": 120, ""max"": 140, ""parameter"": ""systolic_bp""}, ""reason"": ""device reports reading outside range; no range proof was produced""}","{""status"": ""OUT_OF_RANGE"", ""message"": ""Device reported a reading outside the selected range; clinical review is needed.""}",,,0.06600909999542637,15.632233400006953,0.02351020000060089,15.746430099999998,"[[""Hypertension guideline.pdf"", ""Hypertension guideline.pdf"", ""Hypertension guideline.pdf""]]","[{""parameter"": ""systolic_bp"", ""min"": 120, ""max"": 140}]","[{""parameter"": ""systolic_bp"", ""min"": 120, ""max"": 140}]",False,"{""status"": ""ALERT"", ""verified"": false, ""proof_type"": ""Bulletproofs"", ""public_bounds"": {""min"": 120, ""max"": 140, ""parameter"": ""systolic_bp""}, ""reason"": ""device reports reading outside range; no range proof was produced""}","{""status"": ""OUT_OF_RANGE"", ""message"": ""Device reported a reading outside the selected range; clinical review is needed.""}",,
100172,172,True,True,True,True,0.19878550000066753,14.863161199999013,0.36484570000175154,15.455142899998464,"[[""Hypertension guideline.pdf"", ""Hypertension guideline.pdf"", ""Hypertension guideline.pdf""]]","[{""parameter"": ""systolic_bp"", ""min"": 90, ""max"": 120}]","[{""parameter"": ""systolic_bp"", ""min"": 90, ""max"": 120}]",False,"{""status"": ""ALERT"", ""verified"": false, ""proof_type"": ""Bulletproofs"", ""public_bounds"": {""min"": 90, ""max"": 120, ""parameter"": ""systolic_bp""}, ""reason"": ""device reports reading outside range; no range proof was produced""}","{""status"": ""OUT_OF_RANGE"", ""message"": ""Device reported a reading outside the selected range; clinical review is needed.""}",,,0.054790499998489395,15.65878640000301,0.027128800000355113,15.851063000001886,"[[""Hypertension guideline.pdf"", ""Hypertension guideline.pdf"", ""Hypertension guideline.pdf""]]","[{""parameter"": ""systolic_bp"", ""min"": 90, ""max"": 120}]","[{""parameter"": ""systolic_bp"", ""min"": 90, ""max"": 120}]",False,"{""status"": ""ALERT"", ""verified"": false, ""proof_type"": ""Bulletproofs"", ""public_bounds"": {""min"": 90, ""max"": 120, ""parameter"": ""systolic_bp""}, ""reason"": ""device reports reading outside range; no range proof was produced""}","{""status"": ""OUT_OF_RANGE"", ""message"": ""Device reported a reading outside the selected range; clinical review is needed.""}",,
100173,173,True,True,,,0.27161530000012135,18.070748199999798,,18.3606577999999,"[[""Heart Failure guideline.pdf"", ""Heart Failure guideline.pdf"", ""Heart Failure guideline.pdf""]]","[{""parameter"": ""atrial_fibrillation_frequency"", ""min"": 0, ""max"": 300}]",,,,,"RuntimeError: Tool run_cdss failed: {'error': 'Tool generate_policy failed: {\'error\': ""Unsupported model parameter: \'atrial_fibrillation_frequency\'""}'}",bounds,0.0553520000030403,19.344016399991233,,19.41906939999899,"[[""Heart Failure guideline.pdf"", ""Heart Failure guideline.pdf"", ""Heart Failure guideline.pdf""]]","[{""parameter"": ""atrial_fibrillation_frequency"", ""min"": 0, ""max"": 300}]",,,,,"RuntimeError: Tool run_cdss failed: {'error': 'Tool generate_policy failed: {\'error\': ""Unsupported model parameter: \'atrial_fibrillation_frequency\'""}'}",bounds
100174,174,True,True,True,True,0.2782184999996389,7.0705049999996845,0.032666499999322696,7.409283199998754,"[[""Heart Failure guideline.pdf"", ""Heart Failure guideline.pdf"", ""Heart Failure guideline.pdf""]]","[{""parameter"": ""systolic_bp"", ""min"": 90, ""max"": 120}]","[{""parameter"": ""systolic_bp"", ""min"": 90, ""max"": 120}]",False,"{""status"": ""ALERT"", ""verified"": false, ""proof_type"": ""Bulletproofs"", ""public_bounds"": {""min"": 90, ""max"": 120, ""parameter"": ""systolic_bp""}, ""reason"": ""device reports reading outside range; no range proof was produced""}","{""status"": ""OUT_OF_RANGE"", ""message"": ""Device reported a reading outside the selected range; clinical review is needed.""}",,,0.1411186000041198,16.605541499993706,0.02446399999462301,16.800265199999558,"[[""Heart Failure guideline.pdf"", ""Heart Failure guideline.pdf"", ""Heart Failure guideline.pdf""]]","[{""parameter"": ""systolic_bp"", ""min"": 90, ""max"": 120}]","[{""parameter"": ""systolic_bp"", ""min"": 90, ""max"": 120}]",False,"{""status"": ""ALERT"", ""verified"": false, ""proof_type"": ""Bulletproofs"", ""public_bounds"": {""min"": 90, ""max"": 120, ""parameter"": ""systolic_bp""}, ""reason"": ""device reports reading outside range; no range proof was produced""}","{""status"": ""OUT_OF_RANGE"", ""message"": ""Device reported a reading outside the selected range; clinical review is needed.""}",,
100175,175,True,True,True,True,0.1428742999996757,15.184025099999417,0.025439599998207996,15.380685000000085,"[[""Hypertension guideline.pdf"", ""Heart Failure guideline.pdf"", ""Hypertension guideline.pdf""]]","[{""parameter"": ""systolic_bp"", ""min"": 120, ""max"": 130}]","[{""parameter"": ""systolic_bp"", ""min"": 120, ""max"": 130}]",False,"{""status"": ""ALERT"", ""verified"": false, ""proof_type"": ""Bulletproofs"", ""public_bounds"": {""min"": 120, ""max"": 130, ""parameter"": ""systolic_bp""}, ""reason"": ""device reports reading outside range; no range proof was produced""}","{""status"": ""OUT_OF_RANGE"", ""message"": ""Device reported a reading outside the selected range; clinical review is needed.""}",,,0.05907919999299338,16.464313200005563,0.035729700000956655,16.59662709999975,"[[""Hypertension guideline.pdf"", ""Heart Failure guideline.pdf"", ""Hypertension guideline.pdf""]]","[{""parameter"": ""systolic_bp"", ""min"": 120, ""max"": 130}]","[{""parameter"": ""systolic_bp"", ""min"": 120, ""max"": 130}]",False,"{""status"": ""ALERT"", ""verified"": false, ""proof_type"": ""Bulletproofs"", ""public_bounds"": {""min"": 120, ""max"": 130, ""parameter"": ""systolic_bp""}, ""reason"": ""device reports reading outside range; no range proof was produced""}","{""status"": ""OUT_OF_RANGE"", ""message"": ""Device reported a reading outside the selected range; clinical review is needed.""}",,
100176,176,True,True,True,True,0.12996989999737707,13.180279200001678,0.03336960000160616,13.374241800000163,"[[""Hypertension guideline.pdf"", ""Hypertension guideline.pdf"", ""Hypertension guideline.pdf""]]","[{""parameter"": ""systolic_bp"", ""min"": 120, ""max"": 130}]","[{""parameter"": ""systolic_bp"", ""min"": 120, ""max"": 130}]",False,"{""status"": ""ALERT"", ""verified"": false, ""proof_type"": ""Bulletproofs"", ""public_bounds"": {""min"": 120, ""max"": 130, ""parameter"": ""systolic_bp""}, ""reason"": ""device reports reading outside range; no range proof was produced""}","{""status"": ""OUT_OF_RANGE"", ""message"": ""Device reported a reading outside the selected range; clinical review is needed.""}",,,0.07603489999746671,14.14935510000214,0.02430820000154199,14.286041100000148,"[[""Hypertension guideline.pdf"", ""Hypertension guideline.pdf"", ""Hypertension guideline.pdf""]]","[{""parameter"": ""systolic_bp"", ""min"": 120, ""max"": 130}]","[{""parameter"": ""systolic_bp"", ""min"": 120, ""max"": 130}]",False,"{""status"": ""ALERT"", ""verified"": false, ""proof_type"": ""Bulletproofs"", ""public_bounds"": {""min"": 120, ""max"": 130, ""parameter"": ""systolic_bp""}, ""reason"": ""device reports reading outside range; no range proof was produced""}","{""status"": ""OUT_OF_RANGE"", ""message"": ""Device reported a reading outside the selected range; clinical review is needed.""}",,
100177,177,True,True,True,True,0.1793020000004617,6.129823299997952,0.03208660000018426,6.420650000000023,"[[""Hypertension guideline.pdf"", ""Hypertension guideline.pdf"", ""Hypertension guideline.pdf""]]","[{""parameter"": ""systolic_bp"", ""min"": 130, ""max"": 139}]","[{""parameter"": ""systolic_bp"", ""min"": 130, ""max"": 139}]",False,"{""status"": ""ALERT"", ""verified"": false, ""proof_type"": ""Bulletproofs"", ""public_bounds"": {""min"": 130, ""max"": 139, ""parameter"": ""systolic_bp""}, ""reason"": ""device reports reading outside range; no range proof was produced""}","{""status"": ""OUT_OF_RANGE"", ""message"": ""Device reported a reading outside the selected range; clinical review is needed.""}",,,0.06243939999694703,6.162792500006617,0.025425399995583575,6.300296900000831,"[[""Hypertension guideline.pdf"", ""Hypertension guideline.pdf"", ""Hypertension guideline.pdf""]]","[{""parameter"": ""systolic_bp"", ""min"": 130, ""max"": 139}]","[{""parameter"": ""systolic_bp"", ""min"": 130, ""max"": 139}]",False,"{""status"": ""ALERT"", ""verified"": false, ""proof_type"": ""Bulletproofs"", ""public_bounds"": {""min"": 130, ""max"": 139, ""parameter"": ""systolic_bp""}, ""reason"": ""device reports reading outside range; no range proof was produced""}","{""status"": ""OUT_OF_RANGE"", ""message"": ""Device reported a reading outside the selected range; clinical review is needed.""}",,
100178,178,True,True,True,True,0.15045699999973294,15.352290300001187,0.15289199999824632,15.688605299998017,"[[""Hypertension guideline.pdf"", ""Hypertension guideline.pdf"", ""Hypertension guideline.pdf""]]","[{""parameter"": ""systolic_bp"", ""min"": 120, ""max"": 140}]","[{""parameter"": ""systolic_bp"", ""min"": 120, ""max"": 140}]",True,"{""status"": ""NORMAL"", ""verified"": true, ""proof_type"": ""Bulletproofs"", ""public_bounds"": {""min"": 120, ""max"": 140, ""parameter"": ""systolic_bp""}, ""proof_size_bytes"": 800, ""prove_ms"": 64.854, ""verify_ms"": 4.032, ""zkp_process_ms"": 147.86110000204644, ""zkp_prove_ms"": 64.854, ""zkp_verify_ms"": 4.032}","{""status"": ""IN_RANGE"", ""message"": ""Verified reading(s) are within the selected range(s).""}",,,0.108752000000095,15.26691359999677,0.1790166999999201,15.582201400000486,"[[""Hypertension guideline.pdf"", ""Hypertension guideline.pdf"", ""Hypertension guideline.pdf""]]","[{""parameter"": ""systolic_bp"", ""min"": 120, ""max"": 140}]","[{""parameter"": ""systolic_bp"", ""min"": 120, ""max"": 140}]",True,"{""status"": ""NORMAL"", ""verified"": true, ""proof_type"": ""Bulletproofs"", ""public_bounds"": {""min"": 120, ""max"": 140, ""parameter"": ""systolic_bp""}, ""proof_size_bytes"": 800, ""prove_ms"": 129.891, ""verify_ms"": 3.641, ""zkp_process_ms"": 174.26549999800045, ""zkp_prove_ms"": 129.891, ""zkp_verify_ms"": 3.641}","{""status"": ""IN_RANGE"", ""message"": ""Verified reading(s) are within the selected range(s).""}",,
100179,179,True,True,,,0.15743020000081742,13.554499100002431,,13.740604200000234,"[[""Diabetes guideline.pdf"", ""Diabetes guideline.pdf"", ""Diabetes guideline.pdf""]]","[{""parameter"": ""blood_glucose_level"", ""min"": 70, ""max"": 140}]",,,,,"RuntimeError: Tool run_cdss failed: {'error': 'Tool generate_policy failed: {\'error\': ""Unsupported model parameter: \'blood_glucose_level\'""}'}",bounds,0.05389749999449123,13.31092450000142,,13.382942999996885,"[[""Diabetes guideline.pdf"", ""Diabetes guideline.pdf"", ""Diabetes guideline.pdf""]]","[{""parameter"": ""blood_glucose_level"", ""min"": 70, ""max"": 140}]",,,,,"RuntimeError: Tool run_cdss failed: {'error': 'Tool generate_policy failed: {\'error\': ""Unsupported model parameter: \'blood_glucose_level\'""}'}",bounds
100180,180,True,True,True,True,0.15114259999973,13.380619999999908,0.028935400001500966,13.593368800000462,"[[""Hypertension guideline.pdf"", ""Hypertension guideline.pdf"", ""Hypertension guideline.pdf""]]","[{""parameter"": ""systolic_bp"", ""min"": 120, ""max"": 130}]","[{""parameter"": ""systolic_bp"", ""min"": 120, ""max"": 130}]",False,"{""status"": ""ALERT"", ""verified"": false, ""proof_type"": ""Bulletproofs"", ""public_bounds"": {""min"": 120, ""max"": 130, ""parameter"": ""systolic_bp""}, ""reason"": ""device reports reading outside range; no range proof was produced""}","{""status"": ""OUT_OF_RANGE"", ""message"": ""Device reported a reading outside the selected range; clinical review is needed.""}",,,0.11665829999401467,11.977793900005054,0.02527109999937238,12.147759799998312,"[[""Hypertension guideline.pdf"", ""Hypertension guideline.pdf"", ""Hypertension guideline.pdf""]]","[{""parameter"": ""systolic_bp"", ""min"": 120, ""max"": 130}]","[{""parameter"": ""systolic_bp"", ""min"": 120, ""max"": 130}]",False,"{""status"": ""ALERT"", ""verified"": false, ""proof_type"": ""Bulletproofs"", ""public_bounds"": {""min"": 120, ""max"": 130, ""parameter"": ""systolic_bp""}, ""reason"": ""device reports reading outside range; no range proof was produced""}","{""status"": ""OUT_OF_RANGE"", ""message"": ""Device reported a reading outside the selected range; clinical review is needed.""}",,
100181,181,True,True,True,True,0.1507897999981651,14.573129400003381,0.03083590000096592,14.783745099997759,"[[""Hypertension guideline.pdf"", ""Heart Failure guideline.pdf"", ""Hypertension guideline.pdf""]]","[{""parameter"": ""systolic_bp"", ""min"": 120, ""max"": 130}]","[{""parameter"": ""systolic_bp"", ""min"": 120, ""max"": 130}]",False,"{""status"": ""ALERT"", ""verified"": false, ""proof_type"": ""Bulletproofs"", ""public_bounds"": {""min"": 120, ""max"": 130, ""parameter"": ""systolic_bp""}, ""reason"": ""device reports reading outside range; no range proof was produced""}","{""status"": ""OUT_OF_RANGE"", ""message"": ""Device reported a reading outside the selected range; clinical review is needed.""}",,,0.05811740000353893,13.319020499991893,0.024793299999146257,13.434927100002824,"[[""Hypertension guideline.pdf"", ""Heart Failure guideline.pdf"", ""Hypertension guideline.pdf""]]","[{""parameter"": ""systolic_bp"", ""min"": 120, ""max"": 130}]","[{""parameter"": ""systolic_bp"", ""min"": 120, ""max"": 130}]",False,"{""status"": ""ALERT"", ""verified"": false, ""proof_type"": ""Bulletproofs"", ""public_bounds"": {""min"": 120, ""max"": 130, ""parameter"": ""systolic_bp""}, ""reason"": ""device reports reading outside range; no range proof was produced""}","{""status"": ""OUT_OF_RANGE"", ""message"": ""Device reported a reading outside the selected range; clinical review is needed.""}",,
100182,182,True,True,True,True,0.14221989999714424,15.89400310000201,0.030920599998353282,16.09518979999848,"[[""Heart Failure guideline.pdf"", ""Heart Failure guideline.pdf"", ""Heart Failure guideline.pdf""]]","[{""parameter"": ""systolic_bp"", ""min"": 90, ""max"": 120}]","[{""parameter"": ""systolic_bp"", ""min"": 90, ""max"": 120}]",False,"{""status"": ""ALERT"", ""verified"": false, ""proof_type"": ""Bulletproofs"", ""public_bounds"": {""min"": 90, ""max"": 120, ""parameter"": ""systolic_bp""}, ""reason"": ""device reports reading outside range; no range proof was produced""}","{""status"": ""OUT_OF_RANGE"", ""message"": ""Device reported a reading outside the selected range; clinical review is needed.""}",,,0.056135799997719005,14.650739700002305,0.025816600005782675,14.773860599998443,"[[""Heart Failure guideline.pdf"", ""Heart Failure guideline.pdf"", ""Heart Failure guideline.pdf""]]","[{""parameter"": ""systolic_bp"", ""min"": 90, ""max"": 120}]","[{""parameter"": ""systolic_bp"", ""min"": 90, ""max"": 120}]",False,"{""status"": ""ALERT"", ""verified"": false, ""proof_type"": ""Bulletproofs"", ""public_bounds"": {""min"": 90, ""max"": 120, ""parameter"": ""systolic_bp""}, ""reason"": ""device reports reading outside range; no range proof was produced""}","{""status"": ""OUT_OF_RANGE"", ""message"": ""Device reported a reading outside the selected range; clinical review is needed.""}",,
100183,183,True,True,,,0.20087059999787016,13.647006499999407,,13.86876940000002,"[[""Diabetes guideline.pdf"", ""Diabetes guideline.pdf"", ""Diabetes guideline.pdf""]]","[{""parameter"": ""blood_glucose_level"", ""min"": 70, ""max"": 140}]",,,,,"RuntimeError: Tool run_cdss failed: {'error': 'Tool generate_policy failed: {\'error\': ""Unsupported model parameter: \'blood_glucose_level\'""}'}",bounds,0.060908900006324984,14.208372499990219,,14.287317299997085,"[[""Diabetes guideline.pdf"", ""Diabetes guideline.pdf"", ""Diabetes guideline.pdf""]]","[{""parameter"": ""blood_glucose_level"", ""min"": 70, ""max"": 140}]",,,,,"RuntimeError: Tool run_cdss failed: {'error': 'Tool generate_policy failed: {\'error\': ""Unsupported model parameter: \'blood_glucose_level\'""}'}",bounds
100184,184,True,True,True,True,0.19621879999976954,15.258872300000803,0.029141099999833386,15.513989499999298,"[[""Hypertension guideline.pdf"", ""Hypertension guideline.pdf"", ""Hypertension guideline.pdf""]]","[{""parameter"": ""systolic_bp"", ""min"": 120, ""max"": 140}]","[{""parameter"": ""systolic_bp"", ""min"": 120, ""max"": 140}]",False,"{""status"": ""ALERT"", ""verified"": false, ""proof_type"": ""Bulletproofs"", ""public_bounds"": {""min"": 120, ""max"": 140, ""parameter"": ""systolic_bp""}, ""reason"": ""device reports reading outside range; no range proof was produced""}","{""status"": ""OUT_OF_RANGE"", ""message"": ""Device reported a reading outside the selected range; clinical review is needed.""}",,,0.12218570000550244,13.46676689999731,0.021042400003352668,13.639826799997536,"[[""Hypertension guideline.pdf"", ""Hypertension guideline.pdf"", ""Hypertension guideline.pdf""]]","[{""parameter"": ""systolic_bp"", ""min"": 120, ""max"": 140}]","[{""parameter"": ""systolic_bp"", ""min"": 120, ""max"": 140}]",False,"{""status"": ""ALERT"", ""verified"": false, ""proof_type"": ""Bulletproofs"", ""public_bounds"": {""min"": 120, ""max"": 140, ""parameter"": ""systolic_bp""}, ""reason"": ""device reports reading outside range; no range proof was produced""}","{""status"": ""OUT_OF_RANGE"", ""message"": ""Device reported a reading outside the selected range; clinical review is needed.""}",,
100185,185,True,True,,,0.25791299999764306,5.999439500003064,,6.300145400000474,"[[""Diabetes guideline.pdf"", ""Diabetes guideline.pdf"", ""Diabetes guideline.pdf""]]","[{""parameter"": ""BMI"", ""min"": 25, ""max"": 30}]",,,,,"RuntimeError: Tool run_cdss failed: {'error': 'Tool generate_policy failed: {\'error\': ""Unsupported model parameter: \'BMI\'""}'}",bounds,0.05461430000286782,12.04884299999685,,12.206839099999343,"[[""Diabetes guideline.pdf"", ""Diabetes guideline.pdf"", ""Diabetes guideline.pdf""]]","[{""parameter"": ""BMI"", ""min"": 25, ""max"": 30}]",,,,,"RuntimeError: Tool run_cdss failed: {'error': 'Tool generate_policy failed: {\'error\': ""Unsupported model parameter: \'BMI\'""}'}",bounds
100186,186,True,True,True,True,0.14523810000173398,14.38113379999777,0.029334899998502806,14.585536900001898,"[[""Hypertension guideline.pdf"", ""Hypertension guideline.pdf"", ""Hypertension guideline.pdf""]]","[{""parameter"": ""systolic_bp"", ""min"": 120, ""max"": 140}]","[{""parameter"": ""systolic_bp"", ""min"": 120, ""max"": 140}]",False,"{""status"": ""ALERT"", ""verified"": false, ""proof_type"": ""Bulletproofs"", ""public_bounds"": {""min"": 120, ""max"": 140, ""parameter"": ""systolic_bp""}, ""reason"": ""device reports reading outside range; no range proof was produced""}","{""status"": ""OUT_OF_RANGE"", ""message"": ""Device reported a reading outside the selected range; clinical review is needed.""}",,,0.06601640000008047,15.166636599999038,0.023598100000526756,15.416783299995586,"[[""Hypertension guideline.pdf"", ""Hypertension guideline.pdf"", ""Hypertension guideline.pdf""]]","[{""parameter"": ""systolic_bp"", ""min"": 120, ""max"": 140}]","[{""parameter"": ""systolic_bp"", ""min"": 120, ""max"": 140}]",False,"{""status"": ""ALERT"", ""verified"": false, ""proof_type"": ""Bulletproofs"", ""public_bounds"": {""min"": 120, ""max"": 140, ""parameter"": ""systolic_bp""}, ""reason"": ""device reports reading outside range; no range proof was produced""}","{""status"": ""OUT_OF_RANGE"", ""message"": ""Device reported a reading outside the selected range; clinical review is needed.""}",,
100187,187,True,True,True,True,0.1688947000002372,13.307373799998459,0.030866400000377325,13.538427899999078,"[[""Hypertension guideline.pdf"", ""Hypertension guideline.pdf"", ""Hypertension guideline.pdf""]]","[{""parameter"": ""systolic_bp"", ""min"": 120, ""max"": 130}]","[{""parameter"": ""systolic_bp"", ""min"": 120, ""max"": 130}]",False,"{""status"": ""ALERT"", ""verified"": false, ""proof_type"": ""Bulletproofs"", ""public_bounds"": {""min"": 120, ""max"": 130, ""parameter"": ""systolic_bp""}, ""reason"": ""device reports reading outside range; no range proof was produced""}","{""status"": ""OUT_OF_RANGE"", ""message"": ""Device reported a reading outside the selected range; clinical review is needed.""}",,,0.051579500002844725,13.777907399991818,0.023000699999101926,13.87376989999757,"[[""Hypertension guideline.pdf"", ""Hypertension guideline.pdf"", ""Hypertension guideline.pdf""]]","[{""parameter"": ""systolic_bp"", ""min"": 120, ""max"": 130}]","[{""parameter"": ""systolic_bp"", ""min"": 120, ""max"": 130}]",False,"{""status"": ""ALERT"", ""verified"": false, ""proof_type"": ""Bulletproofs"", ""public_bounds"": {""min"": 120, ""max"": 130, ""parameter"": ""systolic_bp""}, ""reason"": ""device reports reading outside range; no range proof was produced""}","{""status"": ""OUT_OF_RANGE"", ""message"": ""Device reported a reading outside the selected range; clinical review is needed.""}",,
100188,188,True,True,True,True,0.15962469999794848,13.429583700002695,0.026433800001541385,13.643186799999967,"[[""Hypertension guideline.pdf"", ""Hypertension guideline.pdf"", ""Hypertension guideline.pdf""]]","[{""parameter"": ""systolic_bp"", ""min"": 120, ""max"": 130}]","[{""parameter"": ""systolic_bp"", ""min"": 120, ""max"": 130}]",False,"{""status"": ""ALERT"", ""verified"": false, ""proof_type"": ""Bulletproofs"", ""public_bounds"": {""min"": 120, ""max"": 130, ""parameter"": ""systolic_bp""}, ""reason"": ""device reports reading outside range; no range proof was produced""}","{""status"": ""OUT_OF_RANGE"", ""message"": ""Device reported a reading outside the selected range; clinical review is needed.""}",,,0.14502759999595582,14.32568290000927,0.026024800004961435,14.526931000000332,"[[""Hypertension guideline.pdf"", ""Hypertension guideline.pdf"", ""Hypertension guideline.pdf""]]","[{""parameter"": ""systolic_bp"", ""min"": 120, ""max"": 130}]","[{""parameter"": ""systolic_bp"", ""min"": 120, ""max"": 130}]",False,"{""status"": ""ALERT"", ""verified"": false, ""proof_type"": ""Bulletproofs"", ""public_bounds"": {""min"": 120, ""max"": 130, ""parameter"": ""systolic_bp""}, ""reason"": ""device reports reading outside range; no range proof was produced""}","{""status"": ""OUT_OF_RANGE"", ""message"": ""Device reported a reading outside the selected range; clinical review is needed.""}",,
100189,189,True,True,,,0.15967559999990044,13.920433200000843,,14.105033799998637,"[[""Diabetes guideline.pdf"", ""Hypertension guideline.pdf"", ""Hypertension guideline.pdf""]]","[{""parameter"": ""peak_flow"", ""min"": 300, ""max"": 400}]",,,,,"RuntimeError: Tool run_cdss failed: {'error': 'Tool generate_policy failed: {\'error\': ""Unsupported model parameter: \'peak_flow\'""}'}",bounds,0.06558240000595106,13.642597999991267,,13.72953889999917,"[[""Diabetes guideline.pdf"", ""Hypertension guideline.pdf"", ""Hypertension guideline.pdf""]]","[{""parameter"": ""peak_flow"", ""min"": 300, ""max"": 400}]",,,,,"RuntimeError: Tool run_cdss failed: {'error': 'Tool generate_policy failed: {\'error\': ""Unsupported model parameter: \'peak_flow\'""}'}",bounds
100190,190,True,True,True,True,0.2607434000019566,13.408318799996778,0.031123400000069523,13.729173300002003,"[[""Hypertension guideline.pdf"", ""Hypertension guideline.pdf"", ""Hypertension guideline.pdf""]]","[{""parameter"": ""systolic_bp"", ""min"": 130, ""max"": 139}]","[{""parameter"": ""systolic_bp"", ""min"": 130, ""max"": 139}]",False,"{""status"": ""ALERT"", ""verified"": false, ""proof_type"": ""Bulletproofs"", ""public_bounds"": {""min"": 130, ""max"": 139, ""parameter"": ""systolic_bp""}, ""reason"": ""device reports reading outside range; no range proof was produced""}","{""status"": ""OUT_OF_RANGE"", ""message"": ""Device reported a reading outside the selected range; clinical review is needed.""}",,,0.11199589999887394,13.502048299997114,0.030721700000867713,13.678497699998843,"[[""Hypertension guideline.pdf"", ""Hypertension guideline.pdf"", ""Hypertension guideline.pdf""]]","[{""parameter"": ""systolic_bp"", ""min"": 130, ""max"": 139}]","[{""parameter"": ""systolic_bp"", ""min"": 130, ""max"": 139}]",False,"{""status"": ""ALERT"", ""verified"": false, ""proof_type"": ""Bulletproofs"", ""public_bounds"": {""min"": 130, ""max"": 139, ""parameter"": ""systolic_bp""}, ""reason"": ""device reports reading outside range; no range proof was produced""}","{""status"": ""OUT_OF_RANGE"", ""message"": ""Device reported a reading outside the selected range; clinical review is needed.""}",,
100191,191,True,True,True,True,0.22959149999951478,15.927732200001628,0.03151069999876199,16.22491599999921,"[[""Heart Failure guideline.pdf"", ""Heart Failure guideline.pdf"", ""Heart Failure guideline.pdf""]]","[{""parameter"": ""systolic_bp"", ""min"": 90, ""max"": 120}]","[{""parameter"": ""systolic_bp"", ""min"": 90, ""max"": 120}]",False,"{""status"": ""ALERT"", ""verified"": false, ""proof_type"": ""Bulletproofs"", ""public_bounds"": {""min"": 90, ""max"": 120, ""parameter"": ""systolic_bp""}, ""reason"": ""device reports reading outside range; no range proof was produced""}","{""status"": ""OUT_OF_RANGE"", ""message"": ""Device reported a reading outside the selected range; clinical review is needed.""}",,,0.07846310000604717,14.329905799997505,0.023583700000017416,14.466499999994994,"[[""Heart Failure guideline.pdf"", ""Heart Failure guideline.pdf"", ""Heart Failure guideline.pdf""]]","[{""parameter"": ""systolic_bp"", ""min"": 90, ""max"": 120}]","[{""parameter"": ""systolic_bp"", ""min"": 90, ""max"": 120}]",False,"{""status"": ""ALERT"", ""verified"": false, ""proof_type"": ""Bulletproofs"", ""public_bounds"": {""min"": 90, ""max"": 120, ""parameter"": ""systolic_bp""}, ""reason"": ""device reports reading outside range; no range proof was produced""}","{""status"": ""OUT_OF_RANGE"", ""message"": ""Device reported a reading outside the selected range; clinical review is needed.""}",,
100192,192,True,True,True,True,0.26830770000015036,15.69514160000108,0.15720149999833666,16.15138840000145,"[[""Hypertension guideline.pdf"", ""Heart Failure guideline.pdf"", ""Hypertension guideline.pdf""]]","[{""parameter"": ""systolic_bp"", ""min"": 120, ""max"": 130}]","[{""parameter"": ""systolic_bp"", ""min"": 120, ""max"": 130}]",True,"{""status"": ""NORMAL"", ""verified"": true, ""proof_type"": ""Bulletproofs"", ""public_bounds"": {""min"": 120, ""max"": 130, ""parameter"": ""systolic_bp""}, ""proof_size_bytes"": 800, ""prove_ms"": 69.456, ""verify_ms"": 4.95, ""zkp_process_ms"": 152.37420000266866, ""zkp_prove_ms"": 69.456, ""zkp_verify_ms"": 4.95}","{""status"": ""IN_RANGE"", ""message"": ""Verified reading(s) are within the selected range(s).""}",,,0.05790020000131335,13.906330199999502,0.09929399999964517,14.08769790000224,"[[""Hypertension guideline.pdf"", ""Heart Failure guideline.pdf"", ""Hypertension guideline.pdf""]]","[{""parameter"": ""systolic_bp"", ""min"": 120, ""max"": 130}]","[{""parameter"": ""systolic_bp"", ""min"": 120, ""max"": 130}]",True,"{""status"": ""NORMAL"", ""verified"": true, ""proof_type"": ""Bulletproofs"", ""public_bounds"": {""min"": 120, ""max"": 130, ""parameter"": ""systolic_bp""}, ""proof_size_bytes"": 800, ""prove_ms"": 49.706, ""verify_ms"": 4.857, ""zkp_process_ms"": 95.22950000246055, ""zkp_prove_ms"": 49.706, ""zkp_verify_ms"": 4.857}","{""status"": ""IN_RANGE"", ""message"": ""Verified reading(s) are within the selected range(s).""}",,
100193,193,True,True,,,0.16512539999894216,12.795293900002434,,12.98348839999744,"[[""Diabetes guideline.pdf"", ""Diabetes guideline.pdf"", ""Diabetes guideline.pdf""]]","[{""parameter"": ""BMI"", ""min"": 25, ""max"": 30}]",,,,,"RuntimeError: Tool run_cdss failed: {'error': 'Tool generate_policy failed: {\'error\': ""Unsupported model parameter: \'BMI\'""}'}",bounds,0.1383272000020952,11.92756240000017,,12.086272000000463,"[[""Diabetes guideline.pdf"", ""Diabetes guideline.pdf"", ""Diabetes guideline.pdf""]]","[{""parameter"": ""BMI"", ""min"": 25, ""max"": 30}]",,,,,"RuntimeError: Tool run_cdss failed: {'error': 'Tool generate_policy failed: {\'error\': ""Unsupported model parameter: \'BMI\'""}'}",bounds
100194,194,True,True,True,True,0.1686888000003819,15.237674200001493,0.035478199999488425,15.47320580000087,"[[""Hypertension guideline.pdf"", ""Hypertension guideline.pdf"", ""Hypertension guideline.pdf""]]","[{""parameter"": ""systolic_bp"", ""min"": 120, ""max"": 140}]","[{""parameter"": ""systolic_bp"", ""min"": 120, ""max"": 140}]",False,"{""status"": ""ALERT"", ""verified"": false, ""proof_type"": ""Bulletproofs"", ""public_bounds"": {""min"": 120, ""max"": 140, ""parameter"": ""systolic_bp""}, ""reason"": ""device reports reading outside range; no range proof was produced""}","{""status"": ""OUT_OF_RANGE"", ""message"": ""Device reported a reading outside the selected range; clinical review is needed.""}",,,0.07981450000079349,13.703794099994411,0.024910000000090804,13.83902769999986,"[[""Hypertension guideline.pdf"", ""Hypertension guideline.pdf"", ""Hypertension guideline.pdf""]]","[{""parameter"": ""systolic_bp"", ""min"": 120, ""max"": 140}]","[{""parameter"": ""systolic_bp"", ""min"": 120, ""max"": 140}]",False,"{""status"": ""ALERT"", ""verified"": false, ""proof_type"": ""Bulletproofs"", ""public_bounds"": {""min"": 120, ""max"": 140, ""parameter"": ""systolic_bp""}, ""reason"": ""device reports reading outside range; no range proof was produced""}","{""status"": ""OUT_OF_RANGE"", ""message"": ""Device reported a reading outside the selected range; clinical review is needed.""}",,
100195,195,True,True,True,True,0.18085789999895496,15.16988670000137,0.14924619999874267,15.534543800000392,"[[""Hypertension guideline.pdf"", ""Heart Failure guideline.pdf"", ""Hypertension guideline.pdf""]]","[{""parameter"": ""systolic_bp"", ""min"": 120, ""max"": 130}]","[{""parameter"": ""systolic_bp"", ""min"": 120, ""max"": 130}]",True,"{""status"": ""NORMAL"", ""verified"": true, ""proof_type"": ""Bulletproofs"", ""public_bounds"": {""min"": 120, ""max"": 130, ""parameter"": ""systolic_bp""}, ""proof_size_bytes"": 800, ""prove_ms"": 51.36, ""verify_ms"": 4.676, ""zkp_process_ms"": 144.0694999982952, ""zkp_prove_ms"": 51.36, ""zkp_verify_ms"": 4.676}","{""status"": ""IN_RANGE"", ""message"": ""Verified reading(s) are within the selected range(s).""}",,,0.06254879999323748,14.010059200008982,0.08986300000105985,14.244198100001086,"[[""Hypertension guideline.pdf"", ""Heart Failure guideline.pdf"", ""Hypertension guideline.pdf""]]","[{""parameter"": ""systolic_bp"", ""min"": 120, ""max"": 130}]","[{""parameter"": ""systolic_bp"", ""min"": 120, ""max"": 130}]",True,"{""status"": ""NORMAL"", ""verified"": true, ""proof_type"": ""Bulletproofs"", ""public_bounds"": {""min"": 120, ""max"": 130, ""parameter"": ""systolic_bp""}, ""proof_size_bytes"": 800, ""prove_ms"": 38.422, ""verify_ms"": 3.822, ""zkp_process_ms"": 85.45269999740412, ""zkp_prove_ms"": 38.422, ""zkp_verify_ms"": 3.822}","{""status"": ""IN_RANGE"", ""message"": ""Verified reading(s) are within the selected range(s).""}",,
100196,196,True,True,True,True,0.20412520000172663,13.777747099997214,0.030438499998126645,14.040232800001831,"[[""Hypertension guideline.pdf"", ""Hypertension guideline.pdf"", ""Hypertension guideline.pdf""]]","[{""parameter"": ""systolic_bp"", ""min"": 120, ""max"": 130}]","[{""parameter"": ""systolic_bp"", ""min"": 120, ""max"": 130}]",False,"{""status"": ""ALERT"", ""verified"": false, ""proof_type"": ""Bulletproofs"", ""public_bounds"": {""min"": 120, ""max"": 130, ""parameter"": ""systolic_bp""}, ""reason"": ""device reports reading outside range; no range proof was produced""}","{""status"": ""OUT_OF_RANGE"", ""message"": ""Device reported a reading outside the selected range; clinical review is needed.""}",,,0.051250399999844376,12.007738200001768,0.0219375000015134,12.104172300001665,"[[""Hypertension guideline.pdf"", ""Hypertension guideline.pdf"", ""Hypertension guideline.pdf""]]","[{""parameter"": ""systolic_bp"", ""min"": 120, ""max"": 130}]","[{""parameter"": ""systolic_bp"", ""min"": 120, ""max"": 130}]",False,"{""status"": ""ALERT"", ""verified"": false, ""proof_type"": ""Bulletproofs"", ""public_bounds"": {""min"": 120, ""max"": 130, ""parameter"": ""systolic_bp""}, ""reason"": ""device reports reading outside range; no range proof was produced""}","{""status"": ""OUT_OF_RANGE"", ""message"": ""Device reported a reading outside the selected range; clinical review is needed.""}",,
100197,197,True,True,True,True,0.33341660000223783,15.483099999997648,0.04304330000013579,15.89106730000276,"[[""Hypertension guideline.pdf"", ""Hypertension guideline.pdf"", ""Hypertension guideline.pdf""]]","[{""parameter"": ""systolic_bp"", ""min"": 120, ""max"": 140}]","[{""parameter"": ""systolic_bp"", ""min"": 120, ""max"": 140}]",False,"{""status"": ""ALERT"", ""verified"": false, ""proof_type"": ""Bulletproofs"", ""public_bounds"": {""min"": 120, ""max"": 140, ""parameter"": ""systolic_bp""}, ""reason"": ""device reports reading outside range; no range proof was produced""}","{""status"": ""OUT_OF_RANGE"", ""message"": ""Device reported a reading outside the selected range; clinical review is needed.""}",,,0.05059189999883529,14.351109499999438,0.024824899999657646,14.51703070000076,"[[""Hypertension guideline.pdf"", ""Hypertension guideline.pdf"", ""Hypertension guideline.pdf""]]","[{""parameter"": ""systolic_bp"", ""min"": 120, ""max"": 140}]","[{""parameter"": ""systolic_bp"", ""min"": 120, ""max"": 140}]",False,"{""status"": ""ALERT"", ""verified"": false, ""proof_type"": ""Bulletproofs"", ""public_bounds"": {""min"": 120, ""max"": 140, ""parameter"": ""systolic_bp""}, ""reason"": ""device reports reading outside range; no range proof was produced""}","{""status"": ""OUT_OF_RANGE"", ""message"": ""Device reported a reading outside the selected range; clinical review is needed.""}",,
100198,198,True,True,True,True,0.21113920000061626,14.649562700000388,0.17014090000157012,15.062058800001978,"[[""Hypertension guideline.pdf"", ""Hypertension guideline.pdf"", ""Hypertension guideline.pdf""]]","[{""parameter"": ""systolic_bp"", ""min"": 120, ""max"": 130}]","[{""parameter"": ""systolic_bp"", ""min"": 120, ""max"": 130}]",True,"{""status"": ""NORMAL"", ""verified"": true, ""proof_type"": ""Bulletproofs"", ""public_bounds"": {""min"": 120, ""max"": 130, ""parameter"": ""systolic_bp""}, ""proof_size_bytes"": 800, ""prove_ms"": 46.916, ""verify_ms"": 4.448, ""zkp_process_ms"": 164.72649999923306, ""zkp_prove_ms"": 46.916, ""zkp_verify_ms"": 4.448}","{""status"": ""IN_RANGE"", ""message"": ""Verified reading(s) are within the selected range(s).""}",,,0.05434070000046631,13.125594699995418,0.08301599999686005,13.28618699999788,"[[""Hypertension guideline.pdf"", ""Hypertension guideline.pdf"", ""Hypertension guideline.pdf""]]","[{""parameter"": ""systolic_bp"", ""min"": 120, ""max"": 130}]","[{""parameter"": ""systolic_bp"", ""min"": 120, ""max"": 130}]",True,"{""status"": ""NORMAL"", ""verified"": true, ""proof_type"": ""Bulletproofs"", ""public_bounds"": {""min"": 120, ""max"": 130, ""parameter"": ""systolic_bp""}, ""proof_size_bytes"": 800, ""prove_ms"": 35.299, ""verify_ms"": 3.916, ""zkp_process_ms"": 78.82989999779966, ""zkp_prove_ms"": 35.299, ""zkp_verify_ms"": 3.916}","{""status"": ""IN_RANGE"", ""message"": ""Verified reading(s) are within the selected range(s).""}",,
100199,199,True,True,True,True,0.1441383000019414,17.150479500000074,0.11074530000041705,17.45556740000029,"[[""Heart Failure guideline.pdf"", ""Heart Failure guideline.pdf"", ""Heart Failure guideline.pdf""]]","[{""parameter"": ""systolic_bp"", ""min"": 90, ""max"": 120}]","[{""parameter"": ""systolic_bp"", ""min"": 90, ""max"": 120}]",True,"{""status"": ""NORMAL"", ""verified"": true, ""proof_type"": ""Bulletproofs"", ""public_bounds"": {""min"": 90, ""max"": 120, ""parameter"": ""systolic_bp""}, ""proof_size_bytes"": 800, ""prove_ms"": 49.555, ""verify_ms"": 4.158, ""zkp_process_ms"": 105.94080000009853, ""zkp_prove_ms"": 49.555, ""zkp_verify_ms"": 4.158}","{""status"": ""IN_RANGE"", ""message"": ""Verified reading(s) are within the selected range(s).""}",,,0.06056610000086948,15.23006770000211,0.09007269999710843,15.404932600002212,"[[""Heart Failure guideline.pdf"", ""Heart Failure guideline.pdf"", ""Heart Failure guideline.pdf""]]","[{""parameter"": ""systolic_bp"", ""min"": 90, ""max"": 120}]","[{""parameter"": ""systolic_bp"", ""min"": 90, ""max"": 120}]",True,"{""status"": ""NORMAL"", ""verified"": true, ""proof_type"": ""Bulletproofs"", ""public_bounds"": {""min"": 90, ""max"": 120, ""parameter"": ""systolic_bp""}, ""proof_size_bytes"": 800, ""prove_ms"": 37.715, ""verify_ms"": 3.881, ""zkp_process_ms"": 86.44530000310624, ""zkp_prove_ms"": 37.715, ""zkp_verify_ms"": 3.881}","{""status"": ""IN_RANGE"", ""message"": ""Verified reading(s) are within the selected range(s).""}",,
100200,200,True,True,True,True,0.16729100000156905,15.383325599999807,0.03464999999778229,15.61127370000031,"[[""Hypertension guideline.pdf"", ""Hypertension guideline.pdf"", ""Hypertension guideline.pdf""]]","[{""parameter"": ""systolic_bp"", ""min"": 90, ""max"": 120}]","[{""parameter"": ""systolic_bp"", ""min"": 90, ""max"": 120}]",False,"{""status"": ""ALERT"", ""verified"": false, ""proof_type"": ""Bulletproofs"", ""public_bounds"": {""min"": 90, ""max"": 120, ""parameter"": ""systolic_bp""}, ""reason"": ""device reports reading outside range; no range proof was produced""}","{""status"": ""OUT_OF_RANGE"", ""message"": ""Device reported a reading outside the selected range; clinical review is needed.""}",,,0.06839529999706428,13.41024330000073,0.024899600000935607,13.528223000001162,"[[""Hypertension guideline.pdf"", ""Hypertension guideline.pdf"", ""Hypertension guideline.pdf""]]","[{""parameter"": ""systolic_bp"", ""min"": 90, ""max"": 120}]","[{""parameter"": ""systolic_bp"", ""min"": 90, ""max"": 120}]",False,"{""status"": ""ALERT"", ""verified"": false, ""proof_type"": ""Bulletproofs"", ""public_bounds"": {""min"": 90, ""max"": 120, ""parameter"": ""systolic_bp""}, ""reason"": ""device reports reading outside range; no range proof was produced""}","{""status"": ""OUT_OF_RANGE"", ""message"": ""Device reported a reading outside the selected range; clinical review is needed.""}",,
