Live progress: D:\9raya\memoire 2026\Privacy-Preserving-CDSS\evaluationbyW\evaluationby5_results\full_program_two_passes\progress.txt
status: restart setup | pass_number: 2 | method: Direct search over all chunks | completed_patients: 133 | total_patients: 199 | completed_method_runs: 332 | updated_at: 2026-09-25 21:40:08
status: restart setup | pass_number: 2 | method: Direct search over all chunks | completed_patients: 133 | total_patients: 199 | completed_method_runs: 332 | updated_at: 2026-09-25 21:40:10 | stage: rebuilding direct vectors from saved chunks
status: restart warm-up | pass_number: 2 | method: Direct search over all chunks | completed_patients: 133 | total_patients: 199 | completed_method_runs: 332 | updated_at: 2026-09-25 21:42:03 | stage: resetting llama3 | original_patient_number: 1
status: restart warm-up | pass_number: 2 | method: Direct search over all chunks | completed_patients: 133 | total_patients: 199 | completed_method_runs: 332 | updated_at: 2026-09-25 21:42:04 | stage: resetting llama3 | original_patient_number: 1 | patient_id: 100001
status: restart warm-up | pass_number: 2 | method: Direct search over all chunks | completed_patients: 133 | total_patients: 199 | completed_method_runs: 332 | updated_at: 2026-09-25 21:42:04 | stage: patient | original_patient_number: 1 | patient_id: 100001
status: restart warm-up | pass_number: 2 | method: Direct search over all chunks | completed_patients: 133 | total_patients: 199 | completed_method_runs: 332 | updated_at: 2026-09-25 21:42:04 | stage: bounds | original_patient_number: 1 | patient_id: 100001
status: restart warm-up | pass_number: 2 | method: Direct search over all chunks | completed_patients: 133 | total_patients: 199 | completed_method_runs: 332 | updated_at: 2026-09-25 21:42:04 | stage: retrieval | original_patient_number: 1 | patient_id: 100001
status: restart warm-up | pass_number: 2 | method: Direct search over all chunks | completed_patients: 133 | total_patients: 199 | completed_method_runs: 332 | updated_at: 2026-09-25 21:42:04 | stage: bounds | original_patient_number: 1 | patient_id: 100001
status: restart warm-up | pass_number: 2 | method: Direct search over all chunks | completed_patients: 133 | total_patients: 199 | completed_method_runs: 332 | updated_at: 2026-09-25 21:42:26 | stage: proof | original_patient_number: 1 | patient_id: 100001
status: restart warm-up | pass_number: 2 | method: Direct search over all chunks | completed_patients: 133 | total_patients: 199 | completed_method_runs: 332 | updated_at: 2026-09-25 21:42:26 | stage: decision | original_patient_number: 1 | patient_id: 100001
status: running | pass_number: 2 | method: Direct search over all chunks | completed_patients: 133 | total_patients: 199 | completed_method_runs: 332 | updated_at: 2026-09-25 21:42:26 | stage: decision | original_patient_number: 134 | patient_id: 100001 | evaluation_position: 134
status: running | pass_number: 2 | method: Direct search over all chunks | completed_patients: 133 | total_patients: 199 | completed_method_runs: 332 | updated_at: 2026-09-25 21:42:26 | stage: decision | original_patient_number: 134 | patient_id: 100134 | evaluation_position: 134
status: running | pass_number: 2 | method: Direct search over all chunks | completed_patients: 133 | total_patients: 199 | completed_method_runs: 332 | updated_at: 2026-09-25 21:42:26 | stage: patient | original_patient_number: 134 | patient_id: 100134 | evaluation_position: 134
status: running | pass_number: 2 | method: Direct search over all chunks | completed_patients: 133 | total_patients: 199 | completed_method_runs: 332 | updated_at: 2026-09-25 21:42:26 | stage: bounds | original_patient_number: 134 | patient_id: 100134 | evaluation_position: 134
status: running | pass_number: 2 | method: Direct search over all chunks | completed_patients: 133 | total_patients: 199 | completed_method_runs: 332 | updated_at: 2026-09-25 21:42:26 | stage: retrieval | original_patient_number: 134 | patient_id: 100134 | evaluation_position: 134
status: running | pass_number: 2 | method: Direct search over all chunks | completed_patients: 133 | total_patients: 199 | completed_method_runs: 332 | updated_at: 2026-09-25 21:42:27 | stage: bounds | original_patient_number: 134 | patient_id: 100134 | evaluation_position: 134
status: running | pass_number: 2 | method: Direct search over all chunks | completed_patients: 134 | total_patients: 199 | completed_method_runs: 333 | updated_at: 2026-09-25 21:42:38 | stage: patient complete | original_patient_number: 134 | patient_id: 100134 | evaluation_position: 134 | errors: 115
status: running | pass_number: 2 | method: Direct search over all chunks | completed_patients: 134 | total_patients: 199 | completed_method_runs: 333 | updated_at: 2026-09-25 21:42:38 | stage: patient complete | original_patient_number: 135 | patient_id: 100134 | evaluation_position: 135 | errors: 115
status: running | pass_number: 2 | method: Direct search over all chunks | completed_patients: 134 | total_patients: 199 | completed_method_runs: 333 | updated_at: 2026-09-25 21:42:38 | stage: patient complete | original_patient_number: 135 | patient_id: 100135 | evaluation_position: 135 | errors: 115
status: running | pass_number: 2 | method: Direct search over all chunks | completed_patients: 134 | total_patients: 199 | completed_method_runs: 333 | updated_at: 2026-09-25 21:42:38 | stage: patient | original_patient_number: 135 | patient_id: 100135 | evaluation_position: 135 | errors: 115
status: running | pass_number: 2 | method: Direct search over all chunks | completed_patients: 134 | total_patients: 199 | completed_method_runs: 333 | updated_at: 2026-09-25 21:42:38 | stage: bounds | original_patient_number: 135 | patient_id: 100135 | evaluation_position: 135 | errors: 115
status: running | pass_number: 2 | method: Direct search over all chunks | completed_patients: 134 | total_patients: 199 | completed_method_runs: 333 | updated_at: 2026-09-25 21:42:38 | stage: retrieval | original_patient_number: 135 | patient_id: 100135 | evaluation_position: 135 | errors: 115
status: running | pass_number: 2 | method: Direct search over all chunks | completed_patients: 134 | total_patients: 199 | completed_method_runs: 333 | updated_at: 2026-09-25 21:42:38 | stage: bounds | original_patient_number: 135 | patient_id: 100135 | evaluation_position: 135 | errors: 115
status: running | pass_number: 2 | method: Direct search over all chunks | completed_patients: 135 | total_patients: 199 | completed_method_runs: 334 | updated_at: 2026-09-25 21:42:48 | stage: patient complete | original_patient_number: 135 | patient_id: 100135 | evaluation_position: 135 | errors: 116
status: running | pass_number: 2 | method: Direct search over all chunks | completed_patients: 135 | total_patients: 199 | completed_method_runs: 334 | updated_at: 2026-09-25 21:42:48 | stage: patient complete | original_patient_number: 136 | patient_id: 100135 | evaluation_position: 136 | errors: 116
status: running | pass_number: 2 | method: Direct search over all chunks | completed_patients: 135 | total_patients: 199 | completed_method_runs: 334 | updated_at: 2026-09-25 21:42:48 | stage: patient complete | original_patient_number: 136 | patient_id: 100136 | evaluation_position: 136 | errors: 116
status: running | pass_number: 2 | method: Direct search over all chunks | completed_patients: 135 | total_patients: 199 | completed_method_runs: 334 | updated_at: 2026-09-25 21:42:48 | stage: patient | original_patient_number: 136 | patient_id: 100136 | evaluation_position: 136 | errors: 116
status: running | pass_number: 2 | method: Direct search over all chunks | completed_patients: 135 | total_patients: 199 | completed_method_runs: 334 | updated_at: 2026-09-25 21:42:48 | stage: bounds | original_patient_number: 136 | patient_id: 100136 | evaluation_position: 136 | errors: 116
status: running | pass_number: 2 | method: Direct search over all chunks | completed_patients: 135 | total_patients: 199 | completed_method_runs: 334 | updated_at: 2026-09-25 21:42:48 | stage: retrieval | original_patient_number: 136 | patient_id: 100136 | evaluation_position: 136 | errors: 116
status: running | pass_number: 2 | method: Direct search over all chunks | completed_patients: 135 | total_patients: 199 | completed_method_runs: 334 | updated_at: 2026-09-25 21:42:48 | stage: bounds | original_patient_number: 136 | patient_id: 100136 | evaluation_position: 136 | errors: 116
status: running | pass_number: 2 | method: Direct search over all chunks | completed_patients: 136 | total_patients: 199 | completed_method_runs: 335 | updated_at: 2026-09-25 21:43:00 | stage: patient complete | original_patient_number: 136 | patient_id: 100136 | evaluation_position: 136 | errors: 117
status: running | pass_number: 2 | method: Direct search over all chunks | completed_patients: 136 | total_patients: 199 | completed_method_runs: 335 | updated_at: 2026-09-25 21:43:00 | stage: patient complete | original_patient_number: 137 | patient_id: 100136 | evaluation_position: 137 | errors: 117
status: running | pass_number: 2 | method: Direct search over all chunks | completed_patients: 136 | total_patients: 199 | completed_method_runs: 335 | updated_at: 2026-09-25 21:43:00 | stage: patient complete | original_patient_number: 137 | patient_id: 100137 | evaluation_position: 137 | errors: 117
status: running | pass_number: 2 | method: Direct search over all chunks | completed_patients: 136 | total_patients: 199 | completed_method_runs: 335 | updated_at: 2026-09-25 21:43:00 | stage: patient | original_patient_number: 137 | patient_id: 100137 | evaluation_position: 137 | errors: 117
status: running | pass_number: 2 | method: Direct search over all chunks | completed_patients: 136 | total_patients: 199 | completed_method_runs: 335 | updated_at: 2026-09-25 21:43:00 | stage: bounds | original_patient_number: 137 | patient_id: 100137 | evaluation_position: 137 | errors: 117
status: running | pass_number: 2 | method: Direct search over all chunks | completed_patients: 136 | total_patients: 199 | completed_method_runs: 335 | updated_at: 2026-09-25 21:43:00 | stage: retrieval | original_patient_number: 137 | patient_id: 100137 | evaluation_position: 137 | errors: 117
status: running | pass_number: 2 | method: Direct search over all chunks | completed_patients: 136 | total_patients: 199 | completed_method_runs: 335 | updated_at: 2026-09-25 21:43:00 | stage: bounds | original_patient_number: 137 | patient_id: 100137 | evaluation_position: 137 | errors: 117
status: running | pass_number: 2 | method: Direct search over all chunks | completed_patients: 136 | total_patients: 199 | completed_method_runs: 335 | updated_at: 2026-09-25 21:43:14 | stage: proof | original_patient_number: 137 | patient_id: 100137 | evaluation_position: 137 | errors: 117
status: running | pass_number: 2 | method: Direct search over all chunks | completed_patients: 136 | total_patients: 199 | completed_method_runs: 335 | updated_at: 2026-09-25 21:43:14 | stage: decision | original_patient_number: 137 | patient_id: 100137 | evaluation_position: 137 | errors: 117
status: running | pass_number: 2 | method: Direct search over all chunks | completed_patients: 137 | total_patients: 199 | completed_method_runs: 336 | updated_at: 2026-09-25 21:43:14 | stage: patient complete | original_patient_number: 137 | patient_id: 100137 | evaluation_position: 137 | errors: 117
status: running | pass_number: 2 | method: Direct search over all chunks | completed_patients: 137 | total_patients: 199 | completed_method_runs: 336 | updated_at: 2026-09-25 21:43:14 | stage: patient complete | original_patient_number: 138 | patient_id: 100137 | evaluation_position: 138 | errors: 117
status: running | pass_number: 2 | method: Direct search over all chunks | completed_patients: 137 | total_patients: 199 | completed_method_runs: 336 | updated_at: 2026-09-25 21:43:14 | stage: patient complete | original_patient_number: 138 | patient_id: 100138 | evaluation_position: 138 | errors: 117
status: running | pass_number: 2 | method: Direct search over all chunks | completed_patients: 137 | total_patients: 199 | completed_method_runs: 336 | updated_at: 2026-09-25 21:43:14 | stage: patient | original_patient_number: 138 | patient_id: 100138 | evaluation_position: 138 | errors: 117
status: running | pass_number: 2 | method: Direct search over all chunks | completed_patients: 137 | total_patients: 199 | completed_method_runs: 336 | updated_at: 2026-09-25 21:43:14 | stage: bounds | original_patient_number: 138 | patient_id: 100138 | evaluation_position: 138 | errors: 117
status: running | pass_number: 2 | method: Direct search over all chunks | completed_patients: 137 | total_patients: 199 | completed_method_runs: 336 | updated_at: 2026-09-25 21:43:14 | stage: retrieval | original_patient_number: 138 | patient_id: 100138 | evaluation_position: 138 | errors: 117
status: running | pass_number: 2 | method: Direct search over all chunks | completed_patients: 137 | total_patients: 199 | completed_method_runs: 336 | updated_at: 2026-09-25 21:43:14 | stage: bounds | original_patient_number: 138 | patient_id: 100138 | evaluation_position: 138 | errors: 117
status: running | pass_number: 2 | method: Direct search over all chunks | completed_patients: 138 | total_patients: 199 | completed_method_runs: 337 | updated_at: 2026-09-25 21:43:25 | stage: patient complete | original_patient_number: 138 | patient_id: 100138 | evaluation_position: 138 | errors: 118
status: running | pass_number: 2 | method: Direct search over all chunks | completed_patients: 138 | total_patients: 199 | completed_method_runs: 337 | updated_at: 2026-09-25 21:43:25 | stage: patient complete | original_patient_number: 139 | patient_id: 100138 | evaluation_position: 139 | errors: 118
status: running | pass_number: 2 | method: Direct search over all chunks | completed_patients: 138 | total_patients: 199 | completed_method_runs: 337 | updated_at: 2026-09-25 21:43:25 | stage: patient complete | original_patient_number: 139 | patient_id: 100139 | evaluation_position: 139 | errors: 118
status: running | pass_number: 2 | method: Direct search over all chunks | completed_patients: 138 | total_patients: 199 | completed_method_runs: 337 | updated_at: 2026-09-25 21:43:25 | stage: patient | original_patient_number: 139 | patient_id: 100139 | evaluation_position: 139 | errors: 118
status: running | pass_number: 2 | method: Direct search over all chunks | completed_patients: 138 | total_patients: 199 | completed_method_runs: 337 | updated_at: 2026-09-25 21:43:25 | stage: bounds | original_patient_number: 139 | patient_id: 100139 | evaluation_position: 139 | errors: 118
status: running | pass_number: 2 | method: Direct search over all chunks | completed_patients: 138 | total_patients: 199 | completed_method_runs: 337 | updated_at: 2026-09-25 21:43:25 | stage: retrieval | original_patient_number: 139 | patient_id: 100139 | evaluation_position: 139 | errors: 118
status: running | pass_number: 2 | method: Direct search over all chunks | completed_patients: 138 | total_patients: 199 | completed_method_runs: 337 | updated_at: 2026-09-25 21:43:25 | stage: bounds | original_patient_number: 139 | patient_id: 100139 | evaluation_position: 139 | errors: 118
status: running | pass_number: 2 | method: Direct search over all chunks | completed_patients: 139 | total_patients: 199 | completed_method_runs: 338 | updated_at: 2026-09-25 21:43:37 | stage: patient complete | original_patient_number: 139 | patient_id: 100139 | evaluation_position: 139 | errors: 119
status: running | pass_number: 2 | method: Direct search over all chunks | completed_patients: 139 | total_patients: 199 | completed_method_runs: 338 | updated_at: 2026-09-25 21:43:37 | stage: patient complete | original_patient_number: 140 | patient_id: 100139 | evaluation_position: 140 | errors: 119
status: running | pass_number: 2 | method: Direct search over all chunks | completed_patients: 139 | total_patients: 199 | completed_method_runs: 338 | updated_at: 2026-09-25 21:43:37 | stage: patient complete | original_patient_number: 140 | patient_id: 100140 | evaluation_position: 140 | errors: 119
status: running | pass_number: 2 | method: Direct search over all chunks | completed_patients: 139 | total_patients: 199 | completed_method_runs: 338 | updated_at: 2026-09-25 21:43:37 | stage: patient | original_patient_number: 140 | patient_id: 100140 | evaluation_position: 140 | errors: 119
status: running | pass_number: 2 | method: Direct search over all chunks | completed_patients: 139 | total_patients: 199 | completed_method_runs: 338 | updated_at: 2026-09-25 21:43:37 | stage: bounds | original_patient_number: 140 | patient_id: 100140 | evaluation_position: 140 | errors: 119
status: running | pass_number: 2 | method: Direct search over all chunks | completed_patients: 139 | total_patients: 199 | completed_method_runs: 338 | updated_at: 2026-09-25 21:43:37 | stage: retrieval | original_patient_number: 140 | patient_id: 100140 | evaluation_position: 140 | errors: 119
status: running | pass_number: 2 | method: Direct search over all chunks | completed_patients: 139 | total_patients: 199 | completed_method_runs: 338 | updated_at: 2026-09-25 21:43:37 | stage: bounds | original_patient_number: 140 | patient_id: 100140 | evaluation_position: 140 | errors: 119
status: running | pass_number: 2 | method: Direct search over all chunks | completed_patients: 140 | total_patients: 199 | completed_method_runs: 339 | updated_at: 2026-09-25 21:43:49 | stage: patient complete | original_patient_number: 140 | patient_id: 100140 | evaluation_position: 140 | errors: 120
status: running | pass_number: 2 | method: Direct search over all chunks | completed_patients: 140 | total_patients: 199 | completed_method_runs: 339 | updated_at: 2026-09-25 21:43:49 | stage: patient complete | original_patient_number: 141 | patient_id: 100140 | evaluation_position: 141 | errors: 120
status: running | pass_number: 2 | method: Direct search over all chunks | completed_patients: 140 | total_patients: 199 | completed_method_runs: 339 | updated_at: 2026-09-25 21:43:49 | stage: patient complete | original_patient_number: 141 | patient_id: 100141 | evaluation_position: 141 | errors: 120
status: running | pass_number: 2 | method: Direct search over all chunks | completed_patients: 140 | total_patients: 199 | completed_method_runs: 339 | updated_at: 2026-09-25 21:43:49 | stage: patient | original_patient_number: 141 | patient_id: 100141 | evaluation_position: 141 | errors: 120
status: running | pass_number: 2 | method: Direct search over all chunks | completed_patients: 140 | total_patients: 199 | completed_method_runs: 339 | updated_at: 2026-09-25 21:43:49 | stage: bounds | original_patient_number: 141 | patient_id: 100141 | evaluation_position: 141 | errors: 120
status: running | pass_number: 2 | method: Direct search over all chunks | completed_patients: 140 | total_patients: 199 | completed_method_runs: 339 | updated_at: 2026-09-25 21:43:49 | stage: retrieval | original_patient_number: 141 | patient_id: 100141 | evaluation_position: 141 | errors: 120
status: running | pass_number: 2 | method: Direct search over all chunks | completed_patients: 140 | total_patients: 199 | completed_method_runs: 339 | updated_at: 2026-09-25 21:43:49 | stage: bounds | original_patient_number: 141 | patient_id: 100141 | evaluation_position: 141 | errors: 120
status: running | pass_number: 2 | method: Direct search over all chunks | completed_patients: 140 | total_patients: 199 | completed_method_runs: 339 | updated_at: 2026-09-25 21:44:00 | stage: proof | original_patient_number: 141 | patient_id: 100141 | evaluation_position: 141 | errors: 120
status: running | pass_number: 2 | method: Direct search over all chunks | completed_patients: 140 | total_patients: 199 | completed_method_runs: 339 | updated_at: 2026-09-25 21:44:00 | stage: decision | original_patient_number: 141 | patient_id: 100141 | evaluation_position: 141 | errors: 120
status: running | pass_number: 2 | method: Direct search over all chunks | completed_patients: 141 | total_patients: 199 | completed_method_runs: 340 | updated_at: 2026-09-25 21:44:00 | stage: patient complete | original_patient_number: 141 | patient_id: 100141 | evaluation_position: 141 | errors: 120
status: running | pass_number: 2 | method: Direct search over all chunks | completed_patients: 141 | total_patients: 199 | completed_method_runs: 340 | updated_at: 2026-09-25 21:44:00 | stage: patient complete | original_patient_number: 142 | patient_id: 100141 | evaluation_position: 142 | errors: 120
status: running | pass_number: 2 | method: Direct search over all chunks | completed_patients: 141 | total_patients: 199 | completed_method_runs: 340 | updated_at: 2026-09-25 21:44:00 | stage: patient complete | original_patient_number: 142 | patient_id: 100142 | evaluation_position: 142 | errors: 120
status: running | pass_number: 2 | method: Direct search over all chunks | completed_patients: 141 | total_patients: 199 | completed_method_runs: 340 | updated_at: 2026-09-25 21:44:00 | stage: patient | original_patient_number: 142 | patient_id: 100142 | evaluation_position: 142 | errors: 120
status: running | pass_number: 2 | method: Direct search over all chunks | completed_patients: 141 | total_patients: 199 | completed_method_runs: 340 | updated_at: 2026-09-25 21:44:00 | stage: bounds | original_patient_number: 142 | patient_id: 100142 | evaluation_position: 142 | errors: 120
status: running | pass_number: 2 | method: Direct search over all chunks | completed_patients: 141 | total_patients: 199 | completed_method_runs: 340 | updated_at: 2026-09-25 21:44:00 | stage: retrieval | original_patient_number: 142 | patient_id: 100142 | evaluation_position: 142 | errors: 120
status: running | pass_number: 2 | method: Direct search over all chunks | completed_patients: 141 | total_patients: 199 | completed_method_runs: 340 | updated_at: 2026-09-25 21:44:00 | stage: bounds | original_patient_number: 142 | patient_id: 100142 | evaluation_position: 142 | errors: 120
status: running | pass_number: 2 | method: Direct search over all chunks | completed_patients: 142 | total_patients: 199 | completed_method_runs: 341 | updated_at: 2026-09-25 21:44:11 | stage: patient complete | original_patient_number: 142 | patient_id: 100142 | evaluation_position: 142 | errors: 121
status: running | pass_number: 2 | method: Direct search over all chunks | completed_patients: 142 | total_patients: 199 | completed_method_runs: 341 | updated_at: 2026-09-25 21:44:11 | stage: patient complete | original_patient_number: 143 | patient_id: 100142 | evaluation_position: 143 | errors: 121
status: running | pass_number: 2 | method: Direct search over all chunks | completed_patients: 142 | total_patients: 199 | completed_method_runs: 341 | updated_at: 2026-09-25 21:44:11 | stage: patient complete | original_patient_number: 143 | patient_id: 100143 | evaluation_position: 143 | errors: 121
status: running | pass_number: 2 | method: Direct search over all chunks | completed_patients: 142 | total_patients: 199 | completed_method_runs: 341 | updated_at: 2026-09-25 21:44:11 | stage: patient | original_patient_number: 143 | patient_id: 100143 | evaluation_position: 143 | errors: 121
status: running | pass_number: 2 | method: Direct search over all chunks | completed_patients: 142 | total_patients: 199 | completed_method_runs: 341 | updated_at: 2026-09-25 21:44:11 | stage: bounds | original_patient_number: 143 | patient_id: 100143 | evaluation_position: 143 | errors: 121
status: running | pass_number: 2 | method: Direct search over all chunks | completed_patients: 142 | total_patients: 199 | completed_method_runs: 341 | updated_at: 2026-09-25 21:44:11 | stage: retrieval | original_patient_number: 143 | patient_id: 100143 | evaluation_position: 143 | errors: 121
status: running | pass_number: 2 | method: Direct search over all chunks | completed_patients: 142 | total_patients: 199 | completed_method_runs: 341 | updated_at: 2026-09-25 21:44:12 | stage: bounds | original_patient_number: 143 | patient_id: 100143 | evaluation_position: 143 | errors: 121
status: running | pass_number: 2 | method: Direct search over all chunks | completed_patients: 142 | total_patients: 199 | completed_method_runs: 341 | updated_at: 2026-09-25 21:44:23 | stage: proof | original_patient_number: 143 | patient_id: 100143 | evaluation_position: 143 | errors: 121
status: running | pass_number: 2 | method: Direct search over all chunks | completed_patients: 142 | total_patients: 199 | completed_method_runs: 341 | updated_at: 2026-09-25 21:44:23 | stage: decision | original_patient_number: 143 | patient_id: 100143 | evaluation_position: 143 | errors: 121
status: running | pass_number: 2 | method: Direct search over all chunks | completed_patients: 143 | total_patients: 199 | completed_method_runs: 342 | updated_at: 2026-09-25 21:44:23 | stage: patient complete | original_patient_number: 143 | patient_id: 100143 | evaluation_position: 143 | errors: 121
status: running | pass_number: 2 | method: Direct search over all chunks | completed_patients: 143 | total_patients: 199 | completed_method_runs: 342 | updated_at: 2026-09-25 21:44:23 | stage: patient complete | original_patient_number: 144 | patient_id: 100143 | evaluation_position: 144 | errors: 121
status: running | pass_number: 2 | method: Direct search over all chunks | completed_patients: 143 | total_patients: 199 | completed_method_runs: 342 | updated_at: 2026-09-25 21:44:23 | stage: patient complete | original_patient_number: 144 | patient_id: 100144 | evaluation_position: 144 | errors: 121
status: running | pass_number: 2 | method: Direct search over all chunks | completed_patients: 143 | total_patients: 199 | completed_method_runs: 342 | updated_at: 2026-09-25 21:44:23 | stage: patient | original_patient_number: 144 | patient_id: 100144 | evaluation_position: 144 | errors: 121
status: running | pass_number: 2 | method: Direct search over all chunks | completed_patients: 143 | total_patients: 199 | completed_method_runs: 342 | updated_at: 2026-09-25 21:44:23 | stage: bounds | original_patient_number: 144 | patient_id: 100144 | evaluation_position: 144 | errors: 121
status: running | pass_number: 2 | method: Direct search over all chunks | completed_patients: 143 | total_patients: 199 | completed_method_runs: 342 | updated_at: 2026-09-25 21:44:23 | stage: retrieval | original_patient_number: 144 | patient_id: 100144 | evaluation_position: 144 | errors: 121
status: running | pass_number: 2 | method: Direct search over all chunks | completed_patients: 143 | total_patients: 199 | completed_method_runs: 342 | updated_at: 2026-09-25 21:44:24 | stage: bounds | original_patient_number: 144 | patient_id: 100144 | evaluation_position: 144 | errors: 121
status: running | pass_number: 2 | method: Direct search over all chunks | completed_patients: 144 | total_patients: 199 | completed_method_runs: 343 | updated_at: 2026-09-25 21:44:36 | stage: patient complete | original_patient_number: 144 | patient_id: 100144 | evaluation_position: 144 | errors: 122
status: running | pass_number: 2 | method: Direct search over all chunks | completed_patients: 144 | total_patients: 199 | completed_method_runs: 343 | updated_at: 2026-09-25 21:44:36 | stage: patient complete | original_patient_number: 145 | patient_id: 100144 | evaluation_position: 145 | errors: 122
status: running | pass_number: 2 | method: Direct search over all chunks | completed_patients: 144 | total_patients: 199 | completed_method_runs: 343 | updated_at: 2026-09-25 21:44:36 | stage: patient complete | original_patient_number: 145 | patient_id: 100145 | evaluation_position: 145 | errors: 122
status: running | pass_number: 2 | method: Direct search over all chunks | completed_patients: 144 | total_patients: 199 | completed_method_runs: 343 | updated_at: 2026-09-25 21:44:36 | stage: patient | original_patient_number: 145 | patient_id: 100145 | evaluation_position: 145 | errors: 122
status: running | pass_number: 2 | method: Direct search over all chunks | completed_patients: 144 | total_patients: 199 | completed_method_runs: 343 | updated_at: 2026-09-25 21:44:36 | stage: bounds | original_patient_number: 145 | patient_id: 100145 | evaluation_position: 145 | errors: 122
status: running | pass_number: 2 | method: Direct search over all chunks | completed_patients: 144 | total_patients: 199 | completed_method_runs: 343 | updated_at: 2026-09-25 21:44:36 | stage: retrieval | original_patient_number: 145 | patient_id: 100145 | evaluation_position: 145 | errors: 122
status: running | pass_number: 2 | method: Direct search over all chunks | completed_patients: 144 | total_patients: 199 | completed_method_runs: 343 | updated_at: 2026-09-25 21:44:37 | stage: bounds | original_patient_number: 145 | patient_id: 100145 | evaluation_position: 145 | errors: 122
status: running | pass_number: 2 | method: Direct search over all chunks | completed_patients: 144 | total_patients: 199 | completed_method_runs: 343 | updated_at: 2026-09-25 21:44:48 | stage: proof | original_patient_number: 145 | patient_id: 100145 | evaluation_position: 145 | errors: 122
status: running | pass_number: 2 | method: Direct search over all chunks | completed_patients: 144 | total_patients: 199 | completed_method_runs: 343 | updated_at: 2026-09-25 21:44:48 | stage: decision | original_patient_number: 145 | patient_id: 100145 | evaluation_position: 145 | errors: 122
status: running | pass_number: 2 | method: Direct search over all chunks | completed_patients: 145 | total_patients: 199 | completed_method_runs: 344 | updated_at: 2026-09-25 21:44:48 | stage: patient complete | original_patient_number: 145 | patient_id: 100145 | evaluation_position: 145 | errors: 122
status: running | pass_number: 2 | method: Direct search over all chunks | completed_patients: 145 | total_patients: 199 | completed_method_runs: 344 | updated_at: 2026-09-25 21:44:48 | stage: patient complete | original_patient_number: 146 | patient_id: 100145 | evaluation_position: 146 | errors: 122
status: running | pass_number: 2 | method: Direct search over all chunks | completed_patients: 145 | total_patients: 199 | completed_method_runs: 344 | updated_at: 2026-09-25 21:44:48 | stage: patient complete | original_patient_number: 146 | patient_id: 100146 | evaluation_position: 146 | errors: 122
status: running | pass_number: 2 | method: Direct search over all chunks | completed_patients: 145 | total_patients: 199 | completed_method_runs: 344 | updated_at: 2026-09-25 21:44:48 | stage: patient | original_patient_number: 146 | patient_id: 100146 | evaluation_position: 146 | errors: 122
status: running | pass_number: 2 | method: Direct search over all chunks | completed_patients: 145 | total_patients: 199 | completed_method_runs: 344 | updated_at: 2026-09-25 21:44:48 | stage: bounds | original_patient_number: 146 | patient_id: 100146 | evaluation_position: 146 | errors: 122
status: running | pass_number: 2 | method: Direct search over all chunks | completed_patients: 145 | total_patients: 199 | completed_method_runs: 344 | updated_at: 2026-09-25 21:44:48 | stage: retrieval | original_patient_number: 146 | patient_id: 100146 | evaluation_position: 146 | errors: 122
status: running | pass_number: 2 | method: Direct search over all chunks | completed_patients: 145 | total_patients: 199 | completed_method_runs: 344 | updated_at: 2026-09-25 21:44:48 | stage: bounds | original_patient_number: 146 | patient_id: 100146 | evaluation_position: 146 | errors: 122
status: running | pass_number: 2 | method: Direct search over all chunks | completed_patients: 145 | total_patients: 199 | completed_method_runs: 344 | updated_at: 2026-09-25 21:45:00 | stage: proof | original_patient_number: 146 | patient_id: 100146 | evaluation_position: 146 | errors: 122
status: running | pass_number: 2 | method: Direct search over all chunks | completed_patients: 145 | total_patients: 199 | completed_method_runs: 344 | updated_at: 2026-09-25 21:45:01 | stage: decision | original_patient_number: 146 | patient_id: 100146 | evaluation_position: 146 | errors: 122
status: running | pass_number: 2 | method: Direct search over all chunks | completed_patients: 146 | total_patients: 199 | completed_method_runs: 345 | updated_at: 2026-09-25 21:45:01 | stage: patient complete | original_patient_number: 146 | patient_id: 100146 | evaluation_position: 146 | errors: 122
status: running | pass_number: 2 | method: Direct search over all chunks | completed_patients: 146 | total_patients: 199 | completed_method_runs: 345 | updated_at: 2026-09-25 21:45:01 | stage: patient complete | original_patient_number: 147 | patient_id: 100146 | evaluation_position: 147 | errors: 122
status: running | pass_number: 2 | method: Direct search over all chunks | completed_patients: 146 | total_patients: 199 | completed_method_runs: 345 | updated_at: 2026-09-25 21:45:01 | stage: patient complete | original_patient_number: 147 | patient_id: 100147 | evaluation_position: 147 | errors: 122
status: running | pass_number: 2 | method: Direct search over all chunks | completed_patients: 146 | total_patients: 199 | completed_method_runs: 345 | updated_at: 2026-09-25 21:45:01 | stage: patient | original_patient_number: 147 | patient_id: 100147 | evaluation_position: 147 | errors: 122
status: running | pass_number: 2 | method: Direct search over all chunks | completed_patients: 146 | total_patients: 199 | completed_method_runs: 345 | updated_at: 2026-09-25 21:45:01 | stage: bounds | original_patient_number: 147 | patient_id: 100147 | evaluation_position: 147 | errors: 122
status: running | pass_number: 2 | method: Direct search over all chunks | completed_patients: 146 | total_patients: 199 | completed_method_runs: 345 | updated_at: 2026-09-25 21:45:01 | stage: retrieval | original_patient_number: 147 | patient_id: 100147 | evaluation_position: 147 | errors: 122
status: running | pass_number: 2 | method: Direct search over all chunks | completed_patients: 146 | total_patients: 199 | completed_method_runs: 345 | updated_at: 2026-09-25 21:45:01 | stage: bounds | original_patient_number: 147 | patient_id: 100147 | evaluation_position: 147 | errors: 122
status: running | pass_number: 2 | method: Direct search over all chunks | completed_patients: 146 | total_patients: 199 | completed_method_runs: 345 | updated_at: 2026-09-25 21:45:14 | stage: proof | original_patient_number: 147 | patient_id: 100147 | evaluation_position: 147 | errors: 122
status: running | pass_number: 2 | method: Direct search over all chunks | completed_patients: 146 | total_patients: 199 | completed_method_runs: 345 | updated_at: 2026-09-25 21:45:14 | stage: decision | original_patient_number: 147 | patient_id: 100147 | evaluation_position: 147 | errors: 122
status: running | pass_number: 2 | method: Direct search over all chunks | completed_patients: 147 | total_patients: 199 | completed_method_runs: 346 | updated_at: 2026-09-25 21:45:14 | stage: patient complete | original_patient_number: 147 | patient_id: 100147 | evaluation_position: 147 | errors: 122
status: running | pass_number: 2 | method: Direct search over all chunks | completed_patients: 147 | total_patients: 199 | completed_method_runs: 346 | updated_at: 2026-09-25 21:45:14 | stage: patient complete | original_patient_number: 148 | patient_id: 100147 | evaluation_position: 148 | errors: 122
status: running | pass_number: 2 | method: Direct search over all chunks | completed_patients: 147 | total_patients: 199 | completed_method_runs: 346 | updated_at: 2026-09-25 21:45:14 | stage: patient complete | original_patient_number: 148 | patient_id: 100148 | evaluation_position: 148 | errors: 122
status: running | pass_number: 2 | method: Direct search over all chunks | completed_patients: 147 | total_patients: 199 | completed_method_runs: 346 | updated_at: 2026-09-25 21:45:14 | stage: patient | original_patient_number: 148 | patient_id: 100148 | evaluation_position: 148 | errors: 122
status: running | pass_number: 2 | method: Direct search over all chunks | completed_patients: 147 | total_patients: 199 | completed_method_runs: 346 | updated_at: 2026-09-25 21:45:14 | stage: bounds | original_patient_number: 148 | patient_id: 100148 | evaluation_position: 148 | errors: 122
status: running | pass_number: 2 | method: Direct search over all chunks | completed_patients: 147 | total_patients: 199 | completed_method_runs: 346 | updated_at: 2026-09-25 21:45:14 | stage: retrieval | original_patient_number: 148 | patient_id: 100148 | evaluation_position: 148 | errors: 122
status: running | pass_number: 2 | method: Direct search over all chunks | completed_patients: 147 | total_patients: 199 | completed_method_runs: 346 | updated_at: 2026-09-25 21:45:14 | stage: bounds | original_patient_number: 148 | patient_id: 100148 | evaluation_position: 148 | errors: 122
status: running | pass_number: 2 | method: Direct search over all chunks | completed_patients: 148 | total_patients: 199 | completed_method_runs: 347 | updated_at: 2026-09-25 21:45:27 | stage: patient complete | original_patient_number: 148 | patient_id: 100148 | evaluation_position: 148 | errors: 123
status: running | pass_number: 2 | method: Direct search over all chunks | completed_patients: 148 | total_patients: 199 | completed_method_runs: 347 | updated_at: 2026-09-25 21:45:27 | stage: patient complete | original_patient_number: 149 | patient_id: 100148 | evaluation_position: 149 | errors: 123
status: running | pass_number: 2 | method: Direct search over all chunks | completed_patients: 148 | total_patients: 199 | completed_method_runs: 347 | updated_at: 2026-09-25 21:45:27 | stage: patient complete | original_patient_number: 149 | patient_id: 100149 | evaluation_position: 149 | errors: 123
status: running | pass_number: 2 | method: Direct search over all chunks | completed_patients: 148 | total_patients: 199 | completed_method_runs: 347 | updated_at: 2026-09-25 21:45:27 | stage: patient | original_patient_number: 149 | patient_id: 100149 | evaluation_position: 149 | errors: 123
status: running | pass_number: 2 | method: Direct search over all chunks | completed_patients: 148 | total_patients: 199 | completed_method_runs: 347 | updated_at: 2026-09-25 21:45:27 | stage: bounds | original_patient_number: 149 | patient_id: 100149 | evaluation_position: 149 | errors: 123
status: running | pass_number: 2 | method: Direct search over all chunks | completed_patients: 148 | total_patients: 199 | completed_method_runs: 347 | updated_at: 2026-09-25 21:45:27 | stage: retrieval | original_patient_number: 149 | patient_id: 100149 | evaluation_position: 149 | errors: 123
status: running | pass_number: 2 | method: Direct search over all chunks | completed_patients: 148 | total_patients: 199 | completed_method_runs: 347 | updated_at: 2026-09-25 21:45:27 | stage: bounds | original_patient_number: 149 | patient_id: 100149 | evaluation_position: 149 | errors: 123
status: running | pass_number: 2 | method: Direct search over all chunks | completed_patients: 148 | total_patients: 199 | completed_method_runs: 347 | updated_at: 2026-09-25 21:45:42 | stage: proof | original_patient_number: 149 | patient_id: 100149 | evaluation_position: 149 | errors: 123
status: running | pass_number: 2 | method: Direct search over all chunks | completed_patients: 148 | total_patients: 199 | completed_method_runs: 347 | updated_at: 2026-09-25 21:45:42 | stage: decision | original_patient_number: 149 | patient_id: 100149 | evaluation_position: 149 | errors: 123
status: running | pass_number: 2 | method: Direct search over all chunks | completed_patients: 149 | total_patients: 199 | completed_method_runs: 348 | updated_at: 2026-09-25 21:45:42 | stage: patient complete | original_patient_number: 149 | patient_id: 100149 | evaluation_position: 149 | errors: 123
status: running | pass_number: 2 | method: Direct search over all chunks | completed_patients: 149 | total_patients: 199 | completed_method_runs: 348 | updated_at: 2026-09-25 21:45:42 | stage: patient complete | original_patient_number: 150 | patient_id: 100149 | evaluation_position: 150 | errors: 123
status: running | pass_number: 2 | method: Direct search over all chunks | completed_patients: 149 | total_patients: 199 | completed_method_runs: 348 | updated_at: 2026-09-25 21:45:42 | stage: patient complete | original_patient_number: 150 | patient_id: 100150 | evaluation_position: 150 | errors: 123
status: running | pass_number: 2 | method: Direct search over all chunks | completed_patients: 149 | total_patients: 199 | completed_method_runs: 348 | updated_at: 2026-09-25 21:45:42 | stage: patient | original_patient_number: 150 | patient_id: 100150 | evaluation_position: 150 | errors: 123
status: running | pass_number: 2 | method: Direct search over all chunks | completed_patients: 149 | total_patients: 199 | completed_method_runs: 348 | updated_at: 2026-09-25 21:45:42 | stage: bounds | original_patient_number: 150 | patient_id: 100150 | evaluation_position: 150 | errors: 123
status: running | pass_number: 2 | method: Direct search over all chunks | completed_patients: 149 | total_patients: 199 | completed_method_runs: 348 | updated_at: 2026-09-25 21:45:42 | stage: retrieval | original_patient_number: 150 | patient_id: 100150 | evaluation_position: 150 | errors: 123
status: running | pass_number: 2 | method: Direct search over all chunks | completed_patients: 149 | total_patients: 199 | completed_method_runs: 348 | updated_at: 2026-09-25 21:45:42 | stage: bounds | original_patient_number: 150 | patient_id: 100150 | evaluation_position: 150 | errors: 123
status: running | pass_number: 2 | method: Direct search over all chunks | completed_patients: 149 | total_patients: 199 | completed_method_runs: 348 | updated_at: 2026-09-25 21:45:54 | stage: proof | original_patient_number: 150 | patient_id: 100150 | evaluation_position: 150 | errors: 123
status: running | pass_number: 2 | method: Direct search over all chunks | completed_patients: 149 | total_patients: 199 | completed_method_runs: 348 | updated_at: 2026-09-25 21:45:54 | stage: decision | original_patient_number: 150 | patient_id: 100150 | evaluation_position: 150 | errors: 123
status: running | pass_number: 2 | method: Direct search over all chunks | completed_patients: 150 | total_patients: 199 | completed_method_runs: 349 | updated_at: 2026-09-25 21:45:54 | stage: patient complete | original_patient_number: 150 | patient_id: 100150 | evaluation_position: 150 | errors: 123
status: running | pass_number: 2 | method: Direct search over all chunks | completed_patients: 150 | total_patients: 199 | completed_method_runs: 349 | updated_at: 2026-09-25 21:45:54 | stage: patient complete | original_patient_number: 151 | patient_id: 100150 | evaluation_position: 151 | errors: 123
status: running | pass_number: 2 | method: Direct search over all chunks | completed_patients: 150 | total_patients: 199 | completed_method_runs: 349 | updated_at: 2026-09-25 21:45:54 | stage: patient complete | original_patient_number: 151 | patient_id: 100151 | evaluation_position: 151 | errors: 123
status: running | pass_number: 2 | method: Direct search over all chunks | completed_patients: 150 | total_patients: 199 | completed_method_runs: 349 | updated_at: 2026-09-25 21:45:54 | stage: patient | original_patient_number: 151 | patient_id: 100151 | evaluation_position: 151 | errors: 123
status: running | pass_number: 2 | method: Direct search over all chunks | completed_patients: 150 | total_patients: 199 | completed_method_runs: 349 | updated_at: 2026-09-25 21:45:54 | stage: bounds | original_patient_number: 151 | patient_id: 100151 | evaluation_position: 151 | errors: 123
status: running | pass_number: 2 | method: Direct search over all chunks | completed_patients: 150 | total_patients: 199 | completed_method_runs: 349 | updated_at: 2026-09-25 21:45:54 | stage: retrieval | original_patient_number: 151 | patient_id: 100151 | evaluation_position: 151 | errors: 123
status: running | pass_number: 2 | method: Direct search over all chunks | completed_patients: 150 | total_patients: 199 | completed_method_runs: 349 | updated_at: 2026-09-25 21:45:54 | stage: bounds | original_patient_number: 151 | patient_id: 100151 | evaluation_position: 151 | errors: 123
status: running | pass_number: 2 | method: Direct search over all chunks | completed_patients: 150 | total_patients: 199 | completed_method_runs: 349 | updated_at: 2026-09-25 21:46:07 | stage: proof | original_patient_number: 151 | patient_id: 100151 | evaluation_position: 151 | errors: 123
status: running | pass_number: 2 | method: Direct search over all chunks | completed_patients: 150 | total_patients: 199 | completed_method_runs: 349 | updated_at: 2026-09-25 21:46:07 | stage: decision | original_patient_number: 151 | patient_id: 100151 | evaluation_position: 151 | errors: 123
status: running | pass_number: 2 | method: Direct search over all chunks | completed_patients: 151 | total_patients: 199 | completed_method_runs: 350 | updated_at: 2026-09-25 21:46:07 | stage: patient complete | original_patient_number: 151 | patient_id: 100151 | evaluation_position: 151 | errors: 123
status: running | pass_number: 2 | method: Direct search over all chunks | completed_patients: 151 | total_patients: 199 | completed_method_runs: 350 | updated_at: 2026-09-25 21:46:07 | stage: patient complete | original_patient_number: 152 | patient_id: 100151 | evaluation_position: 152 | errors: 123
status: running | pass_number: 2 | method: Direct search over all chunks | completed_patients: 151 | total_patients: 199 | completed_method_runs: 350 | updated_at: 2026-09-25 21:46:07 | stage: patient complete | original_patient_number: 152 | patient_id: 100152 | evaluation_position: 152 | errors: 123
status: running | pass_number: 2 | method: Direct search over all chunks | completed_patients: 151 | total_patients: 199 | completed_method_runs: 350 | updated_at: 2026-09-25 21:46:07 | stage: patient | original_patient_number: 152 | patient_id: 100152 | evaluation_position: 152 | errors: 123
status: running | pass_number: 2 | method: Direct search over all chunks | completed_patients: 151 | total_patients: 199 | completed_method_runs: 350 | updated_at: 2026-09-25 21:46:07 | stage: bounds | original_patient_number: 152 | patient_id: 100152 | evaluation_position: 152 | errors: 123
status: running | pass_number: 2 | method: Direct search over all chunks | completed_patients: 151 | total_patients: 199 | completed_method_runs: 350 | updated_at: 2026-09-25 21:46:07 | stage: retrieval | original_patient_number: 152 | patient_id: 100152 | evaluation_position: 152 | errors: 123
status: running | pass_number: 2 | method: Direct search over all chunks | completed_patients: 151 | total_patients: 199 | completed_method_runs: 350 | updated_at: 2026-09-25 21:46:07 | stage: bounds | original_patient_number: 152 | patient_id: 100152 | evaluation_position: 152 | errors: 123
status: running | pass_number: 2 | method: Direct search over all chunks | completed_patients: 151 | total_patients: 199 | completed_method_runs: 350 | updated_at: 2026-09-25 21:46:19 | stage: proof | original_patient_number: 152 | patient_id: 100152 | evaluation_position: 152 | errors: 123
status: running | pass_number: 2 | method: Direct search over all chunks | completed_patients: 151 | total_patients: 199 | completed_method_runs: 350 | updated_at: 2026-09-25 21:46:19 | stage: decision | original_patient_number: 152 | patient_id: 100152 | evaluation_position: 152 | errors: 123
status: running | pass_number: 2 | method: Direct search over all chunks | completed_patients: 152 | total_patients: 199 | completed_method_runs: 351 | updated_at: 2026-09-25 21:46:19 | stage: patient complete | original_patient_number: 152 | patient_id: 100152 | evaluation_position: 152 | errors: 123
status: running | pass_number: 2 | method: Direct search over all chunks | completed_patients: 152 | total_patients: 199 | completed_method_runs: 351 | updated_at: 2026-09-25 21:46:19 | stage: patient complete | original_patient_number: 153 | patient_id: 100152 | evaluation_position: 153 | errors: 123
status: running | pass_number: 2 | method: Direct search over all chunks | completed_patients: 152 | total_patients: 199 | completed_method_runs: 351 | updated_at: 2026-09-25 21:46:19 | stage: patient complete | original_patient_number: 153 | patient_id: 100153 | evaluation_position: 153 | errors: 123
status: running | pass_number: 2 | method: Direct search over all chunks | completed_patients: 152 | total_patients: 199 | completed_method_runs: 351 | updated_at: 2026-09-25 21:46:19 | stage: patient | original_patient_number: 153 | patient_id: 100153 | evaluation_position: 153 | errors: 123
status: running | pass_number: 2 | method: Direct search over all chunks | completed_patients: 152 | total_patients: 199 | completed_method_runs: 351 | updated_at: 2026-09-25 21:46:19 | stage: bounds | original_patient_number: 153 | patient_id: 100153 | evaluation_position: 153 | errors: 123
status: running | pass_number: 2 | method: Direct search over all chunks | completed_patients: 152 | total_patients: 199 | completed_method_runs: 351 | updated_at: 2026-09-25 21:46:19 | stage: retrieval | original_patient_number: 153 | patient_id: 100153 | evaluation_position: 153 | errors: 123
status: running | pass_number: 2 | method: Direct search over all chunks | completed_patients: 152 | total_patients: 199 | completed_method_runs: 351 | updated_at: 2026-09-25 21:46:19 | stage: bounds | original_patient_number: 153 | patient_id: 100153 | evaluation_position: 153 | errors: 123
status: running | pass_number: 2 | method: Direct search over all chunks | completed_patients: 153 | total_patients: 199 | completed_method_runs: 352 | updated_at: 2026-09-25 21:46:30 | stage: patient complete | original_patient_number: 153 | patient_id: 100153 | evaluation_position: 153 | errors: 124
status: running | pass_number: 2 | method: Direct search over all chunks | completed_patients: 153 | total_patients: 199 | completed_method_runs: 352 | updated_at: 2026-09-25 21:46:30 | stage: patient complete | original_patient_number: 154 | patient_id: 100153 | evaluation_position: 154 | errors: 124
status: running | pass_number: 2 | method: Direct search over all chunks | completed_patients: 153 | total_patients: 199 | completed_method_runs: 352 | updated_at: 2026-09-25 21:46:30 | stage: patient complete | original_patient_number: 154 | patient_id: 100154 | evaluation_position: 154 | errors: 124
status: running | pass_number: 2 | method: Direct search over all chunks | completed_patients: 153 | total_patients: 199 | completed_method_runs: 352 | updated_at: 2026-09-25 21:46:30 | stage: patient | original_patient_number: 154 | patient_id: 100154 | evaluation_position: 154 | errors: 124
status: running | pass_number: 2 | method: Direct search over all chunks | completed_patients: 153 | total_patients: 199 | completed_method_runs: 352 | updated_at: 2026-09-25 21:46:30 | stage: bounds | original_patient_number: 154 | patient_id: 100154 | evaluation_position: 154 | errors: 124
status: running | pass_number: 2 | method: Direct search over all chunks | completed_patients: 153 | total_patients: 199 | completed_method_runs: 352 | updated_at: 2026-09-25 21:46:30 | stage: retrieval | original_patient_number: 154 | patient_id: 100154 | evaluation_position: 154 | errors: 124
status: running | pass_number: 2 | method: Direct search over all chunks | completed_patients: 153 | total_patients: 199 | completed_method_runs: 352 | updated_at: 2026-09-25 21:46:31 | stage: bounds | original_patient_number: 154 | patient_id: 100154 | evaluation_position: 154 | errors: 124
status: running | pass_number: 2 | method: Direct search over all chunks | completed_patients: 153 | total_patients: 199 | completed_method_runs: 352 | updated_at: 2026-09-25 21:46:45 | stage: proof | original_patient_number: 154 | patient_id: 100154 | evaluation_position: 154 | errors: 124
status: running | pass_number: 2 | method: Direct search over all chunks | completed_patients: 153 | total_patients: 199 | completed_method_runs: 352 | updated_at: 2026-09-25 21:46:45 | stage: decision | original_patient_number: 154 | patient_id: 100154 | evaluation_position: 154 | errors: 124
status: running | pass_number: 2 | method: Direct search over all chunks | completed_patients: 154 | total_patients: 199 | completed_method_runs: 353 | updated_at: 2026-09-25 21:46:45 | stage: patient complete | original_patient_number: 154 | patient_id: 100154 | evaluation_position: 154 | errors: 124
status: running | pass_number: 2 | method: Direct search over all chunks | completed_patients: 154 | total_patients: 199 | completed_method_runs: 353 | updated_at: 2026-09-25 21:46:45 | stage: patient complete | original_patient_number: 156 | patient_id: 100154 | evaluation_position: 155 | errors: 124
status: running | pass_number: 2 | method: Direct search over all chunks | completed_patients: 154 | total_patients: 199 | completed_method_runs: 353 | updated_at: 2026-09-25 21:46:45 | stage: patient complete | original_patient_number: 156 | patient_id: 100156 | evaluation_position: 155 | errors: 124
status: running | pass_number: 2 | method: Direct search over all chunks | completed_patients: 154 | total_patients: 199 | completed_method_runs: 353 | updated_at: 2026-09-25 21:46:45 | stage: patient | original_patient_number: 156 | patient_id: 100156 | evaluation_position: 155 | errors: 124
status: running | pass_number: 2 | method: Direct search over all chunks | completed_patients: 154 | total_patients: 199 | completed_method_runs: 353 | updated_at: 2026-09-25 21:46:45 | stage: bounds | original_patient_number: 156 | patient_id: 100156 | evaluation_position: 155 | errors: 124
status: running | pass_number: 2 | method: Direct search over all chunks | completed_patients: 154 | total_patients: 199 | completed_method_runs: 353 | updated_at: 2026-09-25 21:46:45 | stage: retrieval | original_patient_number: 156 | patient_id: 100156 | evaluation_position: 155 | errors: 124
status: running | pass_number: 2 | method: Direct search over all chunks | completed_patients: 154 | total_patients: 199 | completed_method_runs: 353 | updated_at: 2026-09-25 21:46:45 | stage: bounds | original_patient_number: 156 | patient_id: 100156 | evaluation_position: 155 | errors: 124
status: running | pass_number: 2 | method: Direct search over all chunks | completed_patients: 154 | total_patients: 199 | completed_method_runs: 353 | updated_at: 2026-09-25 21:47:00 | stage: proof | original_patient_number: 156 | patient_id: 100156 | evaluation_position: 155 | errors: 124
status: running | pass_number: 2 | method: Direct search over all chunks | completed_patients: 154 | total_patients: 199 | completed_method_runs: 353 | updated_at: 2026-09-25 21:47:00 | stage: decision | original_patient_number: 156 | patient_id: 100156 | evaluation_position: 155 | errors: 124
status: running | pass_number: 2 | method: Direct search over all chunks | completed_patients: 155 | total_patients: 199 | completed_method_runs: 354 | updated_at: 2026-09-25 21:47:00 | stage: patient complete | original_patient_number: 156 | patient_id: 100156 | evaluation_position: 155 | errors: 124
status: running | pass_number: 2 | method: Direct search over all chunks | completed_patients: 155 | total_patients: 199 | completed_method_runs: 354 | updated_at: 2026-09-25 21:47:00 | stage: patient complete | original_patient_number: 157 | patient_id: 100156 | evaluation_position: 156 | errors: 124
status: running | pass_number: 2 | method: Direct search over all chunks | completed_patients: 155 | total_patients: 199 | completed_method_runs: 354 | updated_at: 2026-09-25 21:47:00 | stage: patient complete | original_patient_number: 157 | patient_id: 100157 | evaluation_position: 156 | errors: 124
status: running | pass_number: 2 | method: Direct search over all chunks | completed_patients: 155 | total_patients: 199 | completed_method_runs: 354 | updated_at: 2026-09-25 21:47:00 | stage: patient | original_patient_number: 157 | patient_id: 100157 | evaluation_position: 156 | errors: 124
status: running | pass_number: 2 | method: Direct search over all chunks | completed_patients: 155 | total_patients: 199 | completed_method_runs: 354 | updated_at: 2026-09-25 21:47:00 | stage: bounds | original_patient_number: 157 | patient_id: 100157 | evaluation_position: 156 | errors: 124
status: running | pass_number: 2 | method: Direct search over all chunks | completed_patients: 155 | total_patients: 199 | completed_method_runs: 354 | updated_at: 2026-09-25 21:47:00 | stage: retrieval | original_patient_number: 157 | patient_id: 100157 | evaluation_position: 156 | errors: 124
status: running | pass_number: 2 | method: Direct search over all chunks | completed_patients: 155 | total_patients: 199 | completed_method_runs: 354 | updated_at: 2026-09-25 21:47:00 | stage: bounds | original_patient_number: 157 | patient_id: 100157 | evaluation_position: 156 | errors: 124
status: running | pass_number: 2 | method: Direct search over all chunks | completed_patients: 155 | total_patients: 199 | completed_method_runs: 354 | updated_at: 2026-09-25 21:47:15 | stage: proof | original_patient_number: 157 | patient_id: 100157 | evaluation_position: 156 | errors: 124
status: running | pass_number: 2 | method: Direct search over all chunks | completed_patients: 155 | total_patients: 199 | completed_method_runs: 354 | updated_at: 2026-09-25 21:47:16 | stage: decision | original_patient_number: 157 | patient_id: 100157 | evaluation_position: 156 | errors: 124
status: running | pass_number: 2 | method: Direct search over all chunks | completed_patients: 156 | total_patients: 199 | completed_method_runs: 355 | updated_at: 2026-09-25 21:47:16 | stage: patient complete | original_patient_number: 157 | patient_id: 100157 | evaluation_position: 156 | errors: 124
status: running | pass_number: 2 | method: Direct search over all chunks | completed_patients: 156 | total_patients: 199 | completed_method_runs: 355 | updated_at: 2026-09-25 21:47:16 | stage: patient complete | original_patient_number: 158 | patient_id: 100157 | evaluation_position: 157 | errors: 124
status: running | pass_number: 2 | method: Direct search over all chunks | completed_patients: 156 | total_patients: 199 | completed_method_runs: 355 | updated_at: 2026-09-25 21:47:16 | stage: patient complete | original_patient_number: 158 | patient_id: 100158 | evaluation_position: 157 | errors: 124
status: running | pass_number: 2 | method: Direct search over all chunks | completed_patients: 156 | total_patients: 199 | completed_method_runs: 355 | updated_at: 2026-09-25 21:47:16 | stage: patient | original_patient_number: 158 | patient_id: 100158 | evaluation_position: 157 | errors: 124
status: running | pass_number: 2 | method: Direct search over all chunks | completed_patients: 156 | total_patients: 199 | completed_method_runs: 355 | updated_at: 2026-09-25 21:47:16 | stage: bounds | original_patient_number: 158 | patient_id: 100158 | evaluation_position: 157 | errors: 124
status: running | pass_number: 2 | method: Direct search over all chunks | completed_patients: 156 | total_patients: 199 | completed_method_runs: 355 | updated_at: 2026-09-25 21:47:16 | stage: retrieval | original_patient_number: 158 | patient_id: 100158 | evaluation_position: 157 | errors: 124
status: running | pass_number: 2 | method: Direct search over all chunks | completed_patients: 156 | total_patients: 199 | completed_method_runs: 355 | updated_at: 2026-09-25 21:47:16 | stage: bounds | original_patient_number: 158 | patient_id: 100158 | evaluation_position: 157 | errors: 124
status: running | pass_number: 2 | method: Direct search over all chunks | completed_patients: 156 | total_patients: 199 | completed_method_runs: 355 | updated_at: 2026-09-25 21:47:28 | stage: proof | original_patient_number: 158 | patient_id: 100158 | evaluation_position: 157 | errors: 124
status: running | pass_number: 2 | method: Direct search over all chunks | completed_patients: 156 | total_patients: 199 | completed_method_runs: 355 | updated_at: 2026-09-25 21:47:28 | stage: decision | original_patient_number: 158 | patient_id: 100158 | evaluation_position: 157 | errors: 124
status: running | pass_number: 2 | method: Direct search over all chunks | completed_patients: 157 | total_patients: 199 | completed_method_runs: 356 | updated_at: 2026-09-25 21:47:28 | stage: patient complete | original_patient_number: 158 | patient_id: 100158 | evaluation_position: 157 | errors: 124
status: running | pass_number: 2 | method: Direct search over all chunks | completed_patients: 157 | total_patients: 199 | completed_method_runs: 356 | updated_at: 2026-09-25 21:47:28 | stage: patient complete | original_patient_number: 159 | patient_id: 100158 | evaluation_position: 158 | errors: 124
status: running | pass_number: 2 | method: Direct search over all chunks | completed_patients: 157 | total_patients: 199 | completed_method_runs: 356 | updated_at: 2026-09-25 21:47:28 | stage: patient complete | original_patient_number: 159 | patient_id: 100159 | evaluation_position: 158 | errors: 124
status: running | pass_number: 2 | method: Direct search over all chunks | completed_patients: 157 | total_patients: 199 | completed_method_runs: 356 | updated_at: 2026-09-25 21:47:28 | stage: patient | original_patient_number: 159 | patient_id: 100159 | evaluation_position: 158 | errors: 124
status: running | pass_number: 2 | method: Direct search over all chunks | completed_patients: 157 | total_patients: 199 | completed_method_runs: 356 | updated_at: 2026-09-25 21:47:28 | stage: bounds | original_patient_number: 159 | patient_id: 100159 | evaluation_position: 158 | errors: 124
status: running | pass_number: 2 | method: Direct search over all chunks | completed_patients: 157 | total_patients: 199 | completed_method_runs: 356 | updated_at: 2026-09-25 21:47:28 | stage: retrieval | original_patient_number: 159 | patient_id: 100159 | evaluation_position: 158 | errors: 124
status: running | pass_number: 2 | method: Direct search over all chunks | completed_patients: 157 | total_patients: 199 | completed_method_runs: 356 | updated_at: 2026-09-25 21:47:28 | stage: bounds | original_patient_number: 159 | patient_id: 100159 | evaluation_position: 158 | errors: 124
status: running | pass_number: 2 | method: Direct search over all chunks | completed_patients: 157 | total_patients: 199 | completed_method_runs: 356 | updated_at: 2026-09-25 21:47:41 | stage: proof | original_patient_number: 159 | patient_id: 100159 | evaluation_position: 158 | errors: 124
status: running | pass_number: 2 | method: Direct search over all chunks | completed_patients: 157 | total_patients: 199 | completed_method_runs: 356 | updated_at: 2026-09-25 21:47:41 | stage: decision | original_patient_number: 159 | patient_id: 100159 | evaluation_position: 158 | errors: 124
status: running | pass_number: 2 | method: Direct search over all chunks | completed_patients: 158 | total_patients: 199 | completed_method_runs: 357 | updated_at: 2026-09-25 21:47:41 | stage: patient complete | original_patient_number: 159 | patient_id: 100159 | evaluation_position: 158 | errors: 124
status: running | pass_number: 2 | method: Direct search over all chunks | completed_patients: 158 | total_patients: 199 | completed_method_runs: 357 | updated_at: 2026-09-25 21:47:41 | stage: patient complete | original_patient_number: 160 | patient_id: 100159 | evaluation_position: 159 | errors: 124
status: running | pass_number: 2 | method: Direct search over all chunks | completed_patients: 158 | total_patients: 199 | completed_method_runs: 357 | updated_at: 2026-09-25 21:47:41 | stage: patient complete | original_patient_number: 160 | patient_id: 100160 | evaluation_position: 159 | errors: 124
status: running | pass_number: 2 | method: Direct search over all chunks | completed_patients: 158 | total_patients: 199 | completed_method_runs: 357 | updated_at: 2026-09-25 21:47:41 | stage: patient | original_patient_number: 160 | patient_id: 100160 | evaluation_position: 159 | errors: 124
status: running | pass_number: 2 | method: Direct search over all chunks | completed_patients: 158 | total_patients: 199 | completed_method_runs: 357 | updated_at: 2026-09-25 21:47:41 | stage: bounds | original_patient_number: 160 | patient_id: 100160 | evaluation_position: 159 | errors: 124
status: running | pass_number: 2 | method: Direct search over all chunks | completed_patients: 158 | total_patients: 199 | completed_method_runs: 357 | updated_at: 2026-09-25 21:47:41 | stage: retrieval | original_patient_number: 160 | patient_id: 100160 | evaluation_position: 159 | errors: 124
status: running | pass_number: 2 | method: Direct search over all chunks | completed_patients: 158 | total_patients: 199 | completed_method_runs: 357 | updated_at: 2026-09-25 21:47:41 | stage: bounds | original_patient_number: 160 | patient_id: 100160 | evaluation_position: 159 | errors: 124
status: running | pass_number: 2 | method: Direct search over all chunks | completed_patients: 158 | total_patients: 199 | completed_method_runs: 357 | updated_at: 2026-09-25 21:47:55 | stage: proof | original_patient_number: 160 | patient_id: 100160 | evaluation_position: 159 | errors: 124
status: running | pass_number: 2 | method: Direct search over all chunks | completed_patients: 158 | total_patients: 199 | completed_method_runs: 357 | updated_at: 2026-09-25 21:47:56 | stage: decision | original_patient_number: 160 | patient_id: 100160 | evaluation_position: 159 | errors: 124
status: running | pass_number: 2 | method: Direct search over all chunks | completed_patients: 159 | total_patients: 199 | completed_method_runs: 358 | updated_at: 2026-09-25 21:47:56 | stage: patient complete | original_patient_number: 160 | patient_id: 100160 | evaluation_position: 159 | errors: 124
status: running | pass_number: 2 | method: Direct search over all chunks | completed_patients: 159 | total_patients: 199 | completed_method_runs: 358 | updated_at: 2026-09-25 21:47:56 | stage: patient complete | original_patient_number: 161 | patient_id: 100160 | evaluation_position: 160 | errors: 124
status: running | pass_number: 2 | method: Direct search over all chunks | completed_patients: 159 | total_patients: 199 | completed_method_runs: 358 | updated_at: 2026-09-25 21:47:56 | stage: patient complete | original_patient_number: 161 | patient_id: 100161 | evaluation_position: 160 | errors: 124
status: running | pass_number: 2 | method: Direct search over all chunks | completed_patients: 159 | total_patients: 199 | completed_method_runs: 358 | updated_at: 2026-09-25 21:47:56 | stage: patient | original_patient_number: 161 | patient_id: 100161 | evaluation_position: 160 | errors: 124
status: running | pass_number: 2 | method: Direct search over all chunks | completed_patients: 159 | total_patients: 199 | completed_method_runs: 358 | updated_at: 2026-09-25 21:47:56 | stage: bounds | original_patient_number: 161 | patient_id: 100161 | evaluation_position: 160 | errors: 124
status: running | pass_number: 2 | method: Direct search over all chunks | completed_patients: 159 | total_patients: 199 | completed_method_runs: 358 | updated_at: 2026-09-25 21:47:56 | stage: retrieval | original_patient_number: 161 | patient_id: 100161 | evaluation_position: 160 | errors: 124
status: running | pass_number: 2 | method: Direct search over all chunks | completed_patients: 159 | total_patients: 199 | completed_method_runs: 358 | updated_at: 2026-09-25 21:47:56 | stage: bounds | original_patient_number: 161 | patient_id: 100161 | evaluation_position: 160 | errors: 124
status: running | pass_number: 2 | method: Direct search over all chunks | completed_patients: 159 | total_patients: 199 | completed_method_runs: 358 | updated_at: 2026-09-25 21:48:12 | stage: proof | original_patient_number: 161 | patient_id: 100161 | evaluation_position: 160 | errors: 124
status: running | pass_number: 2 | method: Direct search over all chunks | completed_patients: 159 | total_patients: 199 | completed_method_runs: 358 | updated_at: 2026-09-25 21:48:12 | stage: decision | original_patient_number: 161 | patient_id: 100161 | evaluation_position: 160 | errors: 124
status: running | pass_number: 2 | method: Direct search over all chunks | completed_patients: 160 | total_patients: 199 | completed_method_runs: 359 | updated_at: 2026-09-25 21:48:12 | stage: patient complete | original_patient_number: 161 | patient_id: 100161 | evaluation_position: 160 | errors: 124
status: running | pass_number: 2 | method: Direct search over all chunks | completed_patients: 160 | total_patients: 199 | completed_method_runs: 359 | updated_at: 2026-09-25 21:48:12 | stage: patient complete | original_patient_number: 162 | patient_id: 100161 | evaluation_position: 161 | errors: 124
status: running | pass_number: 2 | method: Direct search over all chunks | completed_patients: 160 | total_patients: 199 | completed_method_runs: 359 | updated_at: 2026-09-25 21:48:12 | stage: patient complete | original_patient_number: 162 | patient_id: 100162 | evaluation_position: 161 | errors: 124
status: running | pass_number: 2 | method: Direct search over all chunks | completed_patients: 160 | total_patients: 199 | completed_method_runs: 359 | updated_at: 2026-09-25 21:48:12 | stage: patient | original_patient_number: 162 | patient_id: 100162 | evaluation_position: 161 | errors: 124
status: running | pass_number: 2 | method: Direct search over all chunks | completed_patients: 160 | total_patients: 199 | completed_method_runs: 359 | updated_at: 2026-09-25 21:48:12 | stage: bounds | original_patient_number: 162 | patient_id: 100162 | evaluation_position: 161 | errors: 124
status: running | pass_number: 2 | method: Direct search over all chunks | completed_patients: 160 | total_patients: 199 | completed_method_runs: 359 | updated_at: 2026-09-25 21:48:12 | stage: retrieval | original_patient_number: 162 | patient_id: 100162 | evaluation_position: 161 | errors: 124
status: running | pass_number: 2 | method: Direct search over all chunks | completed_patients: 160 | total_patients: 199 | completed_method_runs: 359 | updated_at: 2026-09-25 21:48:12 | stage: bounds | original_patient_number: 162 | patient_id: 100162 | evaluation_position: 161 | errors: 124
status: running | pass_number: 2 | method: Direct search over all chunks | completed_patients: 160 | total_patients: 199 | completed_method_runs: 359 | updated_at: 2026-09-25 21:48:27 | stage: proof | original_patient_number: 162 | patient_id: 100162 | evaluation_position: 161 | errors: 124
status: running | pass_number: 2 | method: Direct search over all chunks | completed_patients: 160 | total_patients: 199 | completed_method_runs: 359 | updated_at: 2026-09-25 21:48:27 | stage: decision | original_patient_number: 162 | patient_id: 100162 | evaluation_position: 161 | errors: 124
status: running | pass_number: 2 | method: Direct search over all chunks | completed_patients: 161 | total_patients: 199 | completed_method_runs: 360 | updated_at: 2026-09-25 21:48:27 | stage: patient complete | original_patient_number: 162 | patient_id: 100162 | evaluation_position: 161 | errors: 124
status: running | pass_number: 2 | method: Direct search over all chunks | completed_patients: 161 | total_patients: 199 | completed_method_runs: 360 | updated_at: 2026-09-25 21:48:27 | stage: patient complete | original_patient_number: 163 | patient_id: 100162 | evaluation_position: 162 | errors: 124
status: running | pass_number: 2 | method: Direct search over all chunks | completed_patients: 161 | total_patients: 199 | completed_method_runs: 360 | updated_at: 2026-09-25 21:48:27 | stage: patient complete | original_patient_number: 163 | patient_id: 100163 | evaluation_position: 162 | errors: 124
status: running | pass_number: 2 | method: Direct search over all chunks | completed_patients: 161 | total_patients: 199 | completed_method_runs: 360 | updated_at: 2026-09-25 21:48:27 | stage: patient | original_patient_number: 163 | patient_id: 100163 | evaluation_position: 162 | errors: 124
status: running | pass_number: 2 | method: Direct search over all chunks | completed_patients: 161 | total_patients: 199 | completed_method_runs: 360 | updated_at: 2026-09-25 21:48:27 | stage: bounds | original_patient_number: 163 | patient_id: 100163 | evaluation_position: 162 | errors: 124
status: running | pass_number: 2 | method: Direct search over all chunks | completed_patients: 161 | total_patients: 199 | completed_method_runs: 360 | updated_at: 2026-09-25 21:48:27 | stage: retrieval | original_patient_number: 163 | patient_id: 100163 | evaluation_position: 162 | errors: 124
status: running | pass_number: 2 | method: Direct search over all chunks | completed_patients: 161 | total_patients: 199 | completed_method_runs: 360 | updated_at: 2026-09-25 21:48:27 | stage: bounds | original_patient_number: 163 | patient_id: 100163 | evaluation_position: 162 | errors: 124
status: running | pass_number: 2 | method: Direct search over all chunks | completed_patients: 161 | total_patients: 199 | completed_method_runs: 360 | updated_at: 2026-09-25 21:48:46 | stage: proof | original_patient_number: 163 | patient_id: 100163 | evaluation_position: 162 | errors: 124
status: running | pass_number: 2 | method: Direct search over all chunks | completed_patients: 161 | total_patients: 199 | completed_method_runs: 360 | updated_at: 2026-09-25 21:48:46 | stage: decision | original_patient_number: 163 | patient_id: 100163 | evaluation_position: 162 | errors: 124
status: running | pass_number: 2 | method: Direct search over all chunks | completed_patients: 162 | total_patients: 199 | completed_method_runs: 361 | updated_at: 2026-09-25 21:48:46 | stage: patient complete | original_patient_number: 163 | patient_id: 100163 | evaluation_position: 162 | errors: 124
status: running | pass_number: 2 | method: Direct search over all chunks | completed_patients: 162 | total_patients: 199 | completed_method_runs: 361 | updated_at: 2026-09-25 21:48:46 | stage: patient complete | original_patient_number: 164 | patient_id: 100163 | evaluation_position: 163 | errors: 124
status: running | pass_number: 2 | method: Direct search over all chunks | completed_patients: 162 | total_patients: 199 | completed_method_runs: 361 | updated_at: 2026-09-25 21:48:46 | stage: patient complete | original_patient_number: 164 | patient_id: 100164 | evaluation_position: 163 | errors: 124
status: running | pass_number: 2 | method: Direct search over all chunks | completed_patients: 162 | total_patients: 199 | completed_method_runs: 361 | updated_at: 2026-09-25 21:48:46 | stage: patient | original_patient_number: 164 | patient_id: 100164 | evaluation_position: 163 | errors: 124
status: running | pass_number: 2 | method: Direct search over all chunks | completed_patients: 162 | total_patients: 199 | completed_method_runs: 361 | updated_at: 2026-09-25 21:48:46 | stage: bounds | original_patient_number: 164 | patient_id: 100164 | evaluation_position: 163 | errors: 124
status: running | pass_number: 2 | method: Direct search over all chunks | completed_patients: 162 | total_patients: 199 | completed_method_runs: 361 | updated_at: 2026-09-25 21:48:46 | stage: retrieval | original_patient_number: 164 | patient_id: 100164 | evaluation_position: 163 | errors: 124
status: running | pass_number: 2 | method: Direct search over all chunks | completed_patients: 162 | total_patients: 199 | completed_method_runs: 361 | updated_at: 2026-09-25 21:48:46 | stage: bounds | original_patient_number: 164 | patient_id: 100164 | evaluation_position: 163 | errors: 124
status: running | pass_number: 2 | method: Direct search over all chunks | completed_patients: 163 | total_patients: 199 | completed_method_runs: 362 | updated_at: 2026-09-25 21:49:01 | stage: patient complete | original_patient_number: 164 | patient_id: 100164 | evaluation_position: 163 | errors: 125
status: running | pass_number: 2 | method: Direct search over all chunks | completed_patients: 163 | total_patients: 199 | completed_method_runs: 362 | updated_at: 2026-09-25 21:49:01 | stage: patient complete | original_patient_number: 165 | patient_id: 100164 | evaluation_position: 164 | errors: 125
status: running | pass_number: 2 | method: Direct search over all chunks | completed_patients: 163 | total_patients: 199 | completed_method_runs: 362 | updated_at: 2026-09-25 21:49:01 | stage: patient complete | original_patient_number: 165 | patient_id: 100165 | evaluation_position: 164 | errors: 125
status: running | pass_number: 2 | method: Direct search over all chunks | completed_patients: 163 | total_patients: 199 | completed_method_runs: 362 | updated_at: 2026-09-25 21:49:01 | stage: patient | original_patient_number: 165 | patient_id: 100165 | evaluation_position: 164 | errors: 125
status: running | pass_number: 2 | method: Direct search over all chunks | completed_patients: 163 | total_patients: 199 | completed_method_runs: 362 | updated_at: 2026-09-25 21:49:01 | stage: bounds | original_patient_number: 165 | patient_id: 100165 | evaluation_position: 164 | errors: 125
status: running | pass_number: 2 | method: Direct search over all chunks | completed_patients: 163 | total_patients: 199 | completed_method_runs: 362 | updated_at: 2026-09-25 21:49:02 | stage: retrieval | original_patient_number: 165 | patient_id: 100165 | evaluation_position: 164 | errors: 125
status: running | pass_number: 2 | method: Direct search over all chunks | completed_patients: 163 | total_patients: 199 | completed_method_runs: 362 | updated_at: 2026-09-25 21:49:02 | stage: bounds | original_patient_number: 165 | patient_id: 100165 | evaluation_position: 164 | errors: 125
status: running | pass_number: 2 | method: Direct search over all chunks | completed_patients: 164 | total_patients: 199 | completed_method_runs: 363 | updated_at: 2026-09-25 21:49:16 | stage: patient complete | original_patient_number: 165 | patient_id: 100165 | evaluation_position: 164 | errors: 126
status: running | pass_number: 2 | method: Direct search over all chunks | completed_patients: 164 | total_patients: 199 | completed_method_runs: 363 | updated_at: 2026-09-25 21:49:16 | stage: patient complete | original_patient_number: 166 | patient_id: 100165 | evaluation_position: 165 | errors: 126
status: running | pass_number: 2 | method: Direct search over all chunks | completed_patients: 164 | total_patients: 199 | completed_method_runs: 363 | updated_at: 2026-09-25 21:49:16 | stage: patient complete | original_patient_number: 166 | patient_id: 100166 | evaluation_position: 165 | errors: 126
status: running | pass_number: 2 | method: Direct search over all chunks | completed_patients: 164 | total_patients: 199 | completed_method_runs: 363 | updated_at: 2026-09-25 21:49:16 | stage: patient | original_patient_number: 166 | patient_id: 100166 | evaluation_position: 165 | errors: 126
status: running | pass_number: 2 | method: Direct search over all chunks | completed_patients: 164 | total_patients: 199 | completed_method_runs: 363 | updated_at: 2026-09-25 21:49:16 | stage: bounds | original_patient_number: 166 | patient_id: 100166 | evaluation_position: 165 | errors: 126
status: running | pass_number: 2 | method: Direct search over all chunks | completed_patients: 164 | total_patients: 199 | completed_method_runs: 363 | updated_at: 2026-09-25 21:49:16 | stage: retrieval | original_patient_number: 166 | patient_id: 100166 | evaluation_position: 165 | errors: 126
status: running | pass_number: 2 | method: Direct search over all chunks | completed_patients: 164 | total_patients: 199 | completed_method_runs: 363 | updated_at: 2026-09-25 21:49:16 | stage: bounds | original_patient_number: 166 | patient_id: 100166 | evaluation_position: 165 | errors: 126
status: running | pass_number: 2 | method: Direct search over all chunks | completed_patients: 164 | total_patients: 199 | completed_method_runs: 363 | updated_at: 2026-09-25 21:49:32 | stage: proof | original_patient_number: 166 | patient_id: 100166 | evaluation_position: 165 | errors: 126
status: running | pass_number: 2 | method: Direct search over all chunks | completed_patients: 164 | total_patients: 199 | completed_method_runs: 363 | updated_at: 2026-09-25 21:49:32 | stage: decision | original_patient_number: 166 | patient_id: 100166 | evaluation_position: 165 | errors: 126
status: running | pass_number: 2 | method: Direct search over all chunks | completed_patients: 165 | total_patients: 199 | completed_method_runs: 364 | updated_at: 2026-09-25 21:49:32 | stage: patient complete | original_patient_number: 166 | patient_id: 100166 | evaluation_position: 165 | errors: 126
status: running | pass_number: 2 | method: Direct search over all chunks | completed_patients: 165 | total_patients: 199 | completed_method_runs: 364 | updated_at: 2026-09-25 21:49:32 | stage: patient complete | original_patient_number: 167 | patient_id: 100166 | evaluation_position: 166 | errors: 126
status: running | pass_number: 2 | method: Direct search over all chunks | completed_patients: 165 | total_patients: 199 | completed_method_runs: 364 | updated_at: 2026-09-25 21:49:32 | stage: patient complete | original_patient_number: 167 | patient_id: 100167 | evaluation_position: 166 | errors: 126
status: running | pass_number: 2 | method: Direct search over all chunks | completed_patients: 165 | total_patients: 199 | completed_method_runs: 364 | updated_at: 2026-09-25 21:49:32 | stage: patient | original_patient_number: 167 | patient_id: 100167 | evaluation_position: 166 | errors: 126
status: running | pass_number: 2 | method: Direct search over all chunks | completed_patients: 165 | total_patients: 199 | completed_method_runs: 364 | updated_at: 2026-09-25 21:49:32 | stage: bounds | original_patient_number: 167 | patient_id: 100167 | evaluation_position: 166 | errors: 126
status: running | pass_number: 2 | method: Direct search over all chunks | completed_patients: 165 | total_patients: 199 | completed_method_runs: 364 | updated_at: 2026-09-25 21:49:32 | stage: retrieval | original_patient_number: 167 | patient_id: 100167 | evaluation_position: 166 | errors: 126
status: running | pass_number: 2 | method: Direct search over all chunks | completed_patients: 165 | total_patients: 199 | completed_method_runs: 364 | updated_at: 2026-09-25 21:49:32 | stage: bounds | original_patient_number: 167 | patient_id: 100167 | evaluation_position: 166 | errors: 126
status: running | pass_number: 2 | method: Direct search over all chunks | completed_patients: 166 | total_patients: 199 | completed_method_runs: 365 | updated_at: 2026-09-25 21:49:46 | stage: patient complete | original_patient_number: 167 | patient_id: 100167 | evaluation_position: 166 | errors: 127
status: running | pass_number: 2 | method: Direct search over all chunks | completed_patients: 166 | total_patients: 199 | completed_method_runs: 365 | updated_at: 2026-09-25 21:49:46 | stage: patient complete | original_patient_number: 168 | patient_id: 100167 | evaluation_position: 167 | errors: 127
status: running | pass_number: 2 | method: Direct search over all chunks | completed_patients: 166 | total_patients: 199 | completed_method_runs: 365 | updated_at: 2026-09-25 21:49:46 | stage: patient complete | original_patient_number: 168 | patient_id: 100168 | evaluation_position: 167 | errors: 127
status: running | pass_number: 2 | method: Direct search over all chunks | completed_patients: 166 | total_patients: 199 | completed_method_runs: 365 | updated_at: 2026-09-25 21:49:46 | stage: patient | original_patient_number: 168 | patient_id: 100168 | evaluation_position: 167 | errors: 127
status: running | pass_number: 2 | method: Direct search over all chunks | completed_patients: 166 | total_patients: 199 | completed_method_runs: 365 | updated_at: 2026-09-25 21:49:46 | stage: bounds | original_patient_number: 168 | patient_id: 100168 | evaluation_position: 167 | errors: 127
status: running | pass_number: 2 | method: Direct search over all chunks | completed_patients: 166 | total_patients: 199 | completed_method_runs: 365 | updated_at: 2026-09-25 21:49:46 | stage: retrieval | original_patient_number: 168 | patient_id: 100168 | evaluation_position: 167 | errors: 127
status: running | pass_number: 2 | method: Direct search over all chunks | completed_patients: 166 | total_patients: 199 | completed_method_runs: 365 | updated_at: 2026-09-25 21:49:46 | stage: bounds | original_patient_number: 168 | patient_id: 100168 | evaluation_position: 167 | errors: 127
status: running | pass_number: 2 | method: Direct search over all chunks | completed_patients: 167 | total_patients: 199 | completed_method_runs: 366 | updated_at: 2026-09-25 21:50:00 | stage: patient complete | original_patient_number: 168 | patient_id: 100168 | evaluation_position: 167 | errors: 128
status: running | pass_number: 2 | method: Direct search over all chunks | completed_patients: 167 | total_patients: 199 | completed_method_runs: 366 | updated_at: 2026-09-25 21:50:00 | stage: patient complete | original_patient_number: 169 | patient_id: 100168 | evaluation_position: 168 | errors: 128
status: running | pass_number: 2 | method: Direct search over all chunks | completed_patients: 167 | total_patients: 199 | completed_method_runs: 366 | updated_at: 2026-09-25 21:50:00 | stage: patient complete | original_patient_number: 169 | patient_id: 100169 | evaluation_position: 168 | errors: 128
status: running | pass_number: 2 | method: Direct search over all chunks | completed_patients: 167 | total_patients: 199 | completed_method_runs: 366 | updated_at: 2026-09-25 21:50:00 | stage: patient | original_patient_number: 169 | patient_id: 100169 | evaluation_position: 168 | errors: 128
status: running | pass_number: 2 | method: Direct search over all chunks | completed_patients: 167 | total_patients: 199 | completed_method_runs: 366 | updated_at: 2026-09-25 21:50:00 | stage: bounds | original_patient_number: 169 | patient_id: 100169 | evaluation_position: 168 | errors: 128
status: running | pass_number: 2 | method: Direct search over all chunks | completed_patients: 167 | total_patients: 199 | completed_method_runs: 366 | updated_at: 2026-09-25 21:50:00 | stage: retrieval | original_patient_number: 169 | patient_id: 100169 | evaluation_position: 168 | errors: 128
status: running | pass_number: 2 | method: Direct search over all chunks | completed_patients: 167 | total_patients: 199 | completed_method_runs: 366 | updated_at: 2026-09-25 21:50:01 | stage: bounds | original_patient_number: 169 | patient_id: 100169 | evaluation_position: 168 | errors: 128
status: running | pass_number: 2 | method: Direct search over all chunks | completed_patients: 167 | total_patients: 199 | completed_method_runs: 366 | updated_at: 2026-09-25 21:50:18 | stage: proof | original_patient_number: 169 | patient_id: 100169 | evaluation_position: 168 | errors: 128
status: running | pass_number: 2 | method: Direct search over all chunks | completed_patients: 167 | total_patients: 199 | completed_method_runs: 366 | updated_at: 2026-09-25 21:50:18 | stage: decision | original_patient_number: 169 | patient_id: 100169 | evaluation_position: 168 | errors: 128
status: running | pass_number: 2 | method: Direct search over all chunks | completed_patients: 168 | total_patients: 199 | completed_method_runs: 367 | updated_at: 2026-09-25 21:50:18 | stage: patient complete | original_patient_number: 169 | patient_id: 100169 | evaluation_position: 168 | errors: 128
status: running | pass_number: 2 | method: Direct search over all chunks | completed_patients: 168 | total_patients: 199 | completed_method_runs: 367 | updated_at: 2026-09-25 21:50:18 | stage: patient complete | original_patient_number: 170 | patient_id: 100169 | evaluation_position: 169 | errors: 128
status: running | pass_number: 2 | method: Direct search over all chunks | completed_patients: 168 | total_patients: 199 | completed_method_runs: 367 | updated_at: 2026-09-25 21:50:18 | stage: patient complete | original_patient_number: 170 | patient_id: 100170 | evaluation_position: 169 | errors: 128
status: running | pass_number: 2 | method: Direct search over all chunks | completed_patients: 168 | total_patients: 199 | completed_method_runs: 367 | updated_at: 2026-09-25 21:50:18 | stage: patient | original_patient_number: 170 | patient_id: 100170 | evaluation_position: 169 | errors: 128
status: running | pass_number: 2 | method: Direct search over all chunks | completed_patients: 168 | total_patients: 199 | completed_method_runs: 367 | updated_at: 2026-09-25 21:50:18 | stage: bounds | original_patient_number: 170 | patient_id: 100170 | evaluation_position: 169 | errors: 128
status: running | pass_number: 2 | method: Direct search over all chunks | completed_patients: 168 | total_patients: 199 | completed_method_runs: 367 | updated_at: 2026-09-25 21:50:18 | stage: retrieval | original_patient_number: 170 | patient_id: 100170 | evaluation_position: 169 | errors: 128
status: running | pass_number: 2 | method: Direct search over all chunks | completed_patients: 168 | total_patients: 199 | completed_method_runs: 367 | updated_at: 2026-09-25 21:50:18 | stage: bounds | original_patient_number: 170 | patient_id: 100170 | evaluation_position: 169 | errors: 128
status: running | pass_number: 2 | method: Direct search over all chunks | completed_patients: 168 | total_patients: 199 | completed_method_runs: 367 | updated_at: 2026-09-25 21:50:34 | stage: proof | original_patient_number: 170 | patient_id: 100170 | evaluation_position: 169 | errors: 128
status: running | pass_number: 2 | method: Direct search over all chunks | completed_patients: 168 | total_patients: 199 | completed_method_runs: 367 | updated_at: 2026-09-25 21:50:34 | stage: decision | original_patient_number: 170 | patient_id: 100170 | evaluation_position: 169 | errors: 128
status: running | pass_number: 2 | method: Direct search over all chunks | completed_patients: 169 | total_patients: 199 | completed_method_runs: 368 | updated_at: 2026-09-25 21:50:34 | stage: patient complete | original_patient_number: 170 | patient_id: 100170 | evaluation_position: 169 | errors: 128
status: running | pass_number: 2 | method: Direct search over all chunks | completed_patients: 169 | total_patients: 199 | completed_method_runs: 368 | updated_at: 2026-09-25 21:50:34 | stage: patient complete | original_patient_number: 171 | patient_id: 100170 | evaluation_position: 170 | errors: 128
status: running | pass_number: 2 | method: Direct search over all chunks | completed_patients: 169 | total_patients: 199 | completed_method_runs: 368 | updated_at: 2026-09-25 21:50:34 | stage: patient complete | original_patient_number: 171 | patient_id: 100171 | evaluation_position: 170 | errors: 128
status: running | pass_number: 2 | method: Direct search over all chunks | completed_patients: 169 | total_patients: 199 | completed_method_runs: 368 | updated_at: 2026-09-25 21:50:34 | stage: patient | original_patient_number: 171 | patient_id: 100171 | evaluation_position: 170 | errors: 128
status: running | pass_number: 2 | method: Direct search over all chunks | completed_patients: 169 | total_patients: 199 | completed_method_runs: 368 | updated_at: 2026-09-25 21:50:34 | stage: bounds | original_patient_number: 171 | patient_id: 100171 | evaluation_position: 170 | errors: 128
status: running | pass_number: 2 | method: Direct search over all chunks | completed_patients: 169 | total_patients: 199 | completed_method_runs: 368 | updated_at: 2026-09-25 21:50:34 | stage: retrieval | original_patient_number: 171 | patient_id: 100171 | evaluation_position: 170 | errors: 128
status: running | pass_number: 2 | method: Direct search over all chunks | completed_patients: 169 | total_patients: 199 | completed_method_runs: 368 | updated_at: 2026-09-25 21:50:34 | stage: bounds | original_patient_number: 171 | patient_id: 100171 | evaluation_position: 170 | errors: 128
status: running | pass_number: 2 | method: Direct search over all chunks | completed_patients: 169 | total_patients: 199 | completed_method_runs: 368 | updated_at: 2026-09-25 21:50:50 | stage: proof | original_patient_number: 171 | patient_id: 100171 | evaluation_position: 170 | errors: 128
status: running | pass_number: 2 | method: Direct search over all chunks | completed_patients: 169 | total_patients: 199 | completed_method_runs: 368 | updated_at: 2026-09-25 21:50:50 | stage: decision | original_patient_number: 171 | patient_id: 100171 | evaluation_position: 170 | errors: 128
status: running | pass_number: 2 | method: Direct search over all chunks | completed_patients: 170 | total_patients: 199 | completed_method_runs: 369 | updated_at: 2026-09-25 21:50:50 | stage: patient complete | original_patient_number: 171 | patient_id: 100171 | evaluation_position: 170 | errors: 128
status: running | pass_number: 2 | method: Direct search over all chunks | completed_patients: 170 | total_patients: 199 | completed_method_runs: 369 | updated_at: 2026-09-25 21:50:50 | stage: patient complete | original_patient_number: 172 | patient_id: 100171 | evaluation_position: 171 | errors: 128
status: running | pass_number: 2 | method: Direct search over all chunks | completed_patients: 170 | total_patients: 199 | completed_method_runs: 369 | updated_at: 2026-09-25 21:50:50 | stage: patient complete | original_patient_number: 172 | patient_id: 100172 | evaluation_position: 171 | errors: 128
status: running | pass_number: 2 | method: Direct search over all chunks | completed_patients: 170 | total_patients: 199 | completed_method_runs: 369 | updated_at: 2026-09-25 21:50:50 | stage: patient | original_patient_number: 172 | patient_id: 100172 | evaluation_position: 171 | errors: 128
status: running | pass_number: 2 | method: Direct search over all chunks | completed_patients: 170 | total_patients: 199 | completed_method_runs: 369 | updated_at: 2026-09-25 21:50:50 | stage: bounds | original_patient_number: 172 | patient_id: 100172 | evaluation_position: 171 | errors: 128
status: running | pass_number: 2 | method: Direct search over all chunks | completed_patients: 170 | total_patients: 199 | completed_method_runs: 369 | updated_at: 2026-09-25 21:50:50 | stage: retrieval | original_patient_number: 172 | patient_id: 100172 | evaluation_position: 171 | errors: 128
status: running | pass_number: 2 | method: Direct search over all chunks | completed_patients: 170 | total_patients: 199 | completed_method_runs: 369 | updated_at: 2026-09-25 21:50:50 | stage: bounds | original_patient_number: 172 | patient_id: 100172 | evaluation_position: 171 | errors: 128
status: running | pass_number: 2 | method: Direct search over all chunks | completed_patients: 170 | total_patients: 199 | completed_method_runs: 369 | updated_at: 2026-09-25 21:51:06 | stage: proof | original_patient_number: 172 | patient_id: 100172 | evaluation_position: 171 | errors: 128
status: running | pass_number: 2 | method: Direct search over all chunks | completed_patients: 170 | total_patients: 199 | completed_method_runs: 369 | updated_at: 2026-09-25 21:51:06 | stage: decision | original_patient_number: 172 | patient_id: 100172 | evaluation_position: 171 | errors: 128
status: running | pass_number: 2 | method: Direct search over all chunks | completed_patients: 171 | total_patients: 199 | completed_method_runs: 370 | updated_at: 2026-09-25 21:51:06 | stage: patient complete | original_patient_number: 172 | patient_id: 100172 | evaluation_position: 171 | errors: 128
status: running | pass_number: 2 | method: Direct search over all chunks | completed_patients: 171 | total_patients: 199 | completed_method_runs: 370 | updated_at: 2026-09-25 21:51:06 | stage: patient complete | original_patient_number: 173 | patient_id: 100172 | evaluation_position: 172 | errors: 128
status: running | pass_number: 2 | method: Direct search over all chunks | completed_patients: 171 | total_patients: 199 | completed_method_runs: 370 | updated_at: 2026-09-25 21:51:06 | stage: patient complete | original_patient_number: 173 | patient_id: 100173 | evaluation_position: 172 | errors: 128
status: running | pass_number: 2 | method: Direct search over all chunks | completed_patients: 171 | total_patients: 199 | completed_method_runs: 370 | updated_at: 2026-09-25 21:51:06 | stage: patient | original_patient_number: 173 | patient_id: 100173 | evaluation_position: 172 | errors: 128
status: running | pass_number: 2 | method: Direct search over all chunks | completed_patients: 171 | total_patients: 199 | completed_method_runs: 370 | updated_at: 2026-09-25 21:51:06 | stage: bounds | original_patient_number: 173 | patient_id: 100173 | evaluation_position: 172 | errors: 128
status: running | pass_number: 2 | method: Direct search over all chunks | completed_patients: 171 | total_patients: 199 | completed_method_runs: 370 | updated_at: 2026-09-25 21:51:06 | stage: retrieval | original_patient_number: 173 | patient_id: 100173 | evaluation_position: 172 | errors: 128
status: running | pass_number: 2 | method: Direct search over all chunks | completed_patients: 171 | total_patients: 199 | completed_method_runs: 370 | updated_at: 2026-09-25 21:51:06 | stage: bounds | original_patient_number: 173 | patient_id: 100173 | evaluation_position: 172 | errors: 128
status: running | pass_number: 2 | method: Direct search over all chunks | completed_patients: 172 | total_patients: 199 | completed_method_runs: 371 | updated_at: 2026-09-25 21:51:25 | stage: patient complete | original_patient_number: 173 | patient_id: 100173 | evaluation_position: 172 | errors: 129
status: running | pass_number: 2 | method: Direct search over all chunks | completed_patients: 172 | total_patients: 199 | completed_method_runs: 371 | updated_at: 2026-09-25 21:51:25 | stage: patient complete | original_patient_number: 174 | patient_id: 100173 | evaluation_position: 173 | errors: 129
status: running | pass_number: 2 | method: Direct search over all chunks | completed_patients: 172 | total_patients: 199 | completed_method_runs: 371 | updated_at: 2026-09-25 21:51:25 | stage: patient complete | original_patient_number: 174 | patient_id: 100174 | evaluation_position: 173 | errors: 129
status: running | pass_number: 2 | method: Direct search over all chunks | completed_patients: 172 | total_patients: 199 | completed_method_runs: 371 | updated_at: 2026-09-25 21:51:25 | stage: patient | original_patient_number: 174 | patient_id: 100174 | evaluation_position: 173 | errors: 129
status: running | pass_number: 2 | method: Direct search over all chunks | completed_patients: 172 | total_patients: 199 | completed_method_runs: 371 | updated_at: 2026-09-25 21:51:25 | stage: bounds | original_patient_number: 174 | patient_id: 100174 | evaluation_position: 173 | errors: 129
status: running | pass_number: 2 | method: Direct search over all chunks | completed_patients: 172 | total_patients: 199 | completed_method_runs: 371 | updated_at: 2026-09-25 21:51:25 | stage: retrieval | original_patient_number: 174 | patient_id: 100174 | evaluation_position: 173 | errors: 129
status: running | pass_number: 2 | method: Direct search over all chunks | completed_patients: 172 | total_patients: 199 | completed_method_runs: 371 | updated_at: 2026-09-25 21:51:25 | stage: bounds | original_patient_number: 174 | patient_id: 100174 | evaluation_position: 173 | errors: 129
status: running | pass_number: 2 | method: Direct search over all chunks | completed_patients: 172 | total_patients: 199 | completed_method_runs: 371 | updated_at: 2026-09-25 21:51:42 | stage: proof | original_patient_number: 174 | patient_id: 100174 | evaluation_position: 173 | errors: 129
status: running | pass_number: 2 | method: Direct search over all chunks | completed_patients: 172 | total_patients: 199 | completed_method_runs: 371 | updated_at: 2026-09-25 21:51:42 | stage: decision | original_patient_number: 174 | patient_id: 100174 | evaluation_position: 173 | errors: 129
status: running | pass_number: 2 | method: Direct search over all chunks | completed_patients: 173 | total_patients: 199 | completed_method_runs: 372 | updated_at: 2026-09-25 21:51:42 | stage: patient complete | original_patient_number: 174 | patient_id: 100174 | evaluation_position: 173 | errors: 129
status: running | pass_number: 2 | method: Direct search over all chunks | completed_patients: 173 | total_patients: 199 | completed_method_runs: 372 | updated_at: 2026-09-25 21:51:42 | stage: patient complete | original_patient_number: 175 | patient_id: 100174 | evaluation_position: 174 | errors: 129
status: running | pass_number: 2 | method: Direct search over all chunks | completed_patients: 173 | total_patients: 199 | completed_method_runs: 372 | updated_at: 2026-09-25 21:51:42 | stage: patient complete | original_patient_number: 175 | patient_id: 100175 | evaluation_position: 174 | errors: 129
status: running | pass_number: 2 | method: Direct search over all chunks | completed_patients: 173 | total_patients: 199 | completed_method_runs: 372 | updated_at: 2026-09-25 21:51:42 | stage: patient | original_patient_number: 175 | patient_id: 100175 | evaluation_position: 174 | errors: 129
status: running | pass_number: 2 | method: Direct search over all chunks | completed_patients: 173 | total_patients: 199 | completed_method_runs: 372 | updated_at: 2026-09-25 21:51:42 | stage: bounds | original_patient_number: 175 | patient_id: 100175 | evaluation_position: 174 | errors: 129
status: running | pass_number: 2 | method: Direct search over all chunks | completed_patients: 173 | total_patients: 199 | completed_method_runs: 372 | updated_at: 2026-09-25 21:51:42 | stage: retrieval | original_patient_number: 175 | patient_id: 100175 | evaluation_position: 174 | errors: 129
status: running | pass_number: 2 | method: Direct search over all chunks | completed_patients: 173 | total_patients: 199 | completed_method_runs: 372 | updated_at: 2026-09-25 21:51:42 | stage: bounds | original_patient_number: 175 | patient_id: 100175 | evaluation_position: 174 | errors: 129
status: running | pass_number: 2 | method: Direct search over all chunks | completed_patients: 173 | total_patients: 199 | completed_method_runs: 372 | updated_at: 2026-09-25 21:51:59 | stage: proof | original_patient_number: 175 | patient_id: 100175 | evaluation_position: 174 | errors: 129
status: running | pass_number: 2 | method: Direct search over all chunks | completed_patients: 173 | total_patients: 199 | completed_method_runs: 372 | updated_at: 2026-09-25 21:51:59 | stage: decision | original_patient_number: 175 | patient_id: 100175 | evaluation_position: 174 | errors: 129
status: running | pass_number: 2 | method: Direct search over all chunks | completed_patients: 174 | total_patients: 199 | completed_method_runs: 373 | updated_at: 2026-09-25 21:51:59 | stage: patient complete | original_patient_number: 175 | patient_id: 100175 | evaluation_position: 174 | errors: 129
status: running | pass_number: 2 | method: Direct search over all chunks | completed_patients: 174 | total_patients: 199 | completed_method_runs: 373 | updated_at: 2026-09-25 21:51:59 | stage: patient complete | original_patient_number: 176 | patient_id: 100175 | evaluation_position: 175 | errors: 129
status: running | pass_number: 2 | method: Direct search over all chunks | completed_patients: 174 | total_patients: 199 | completed_method_runs: 373 | updated_at: 2026-09-25 21:51:59 | stage: patient complete | original_patient_number: 176 | patient_id: 100176 | evaluation_position: 175 | errors: 129
status: running | pass_number: 2 | method: Direct search over all chunks | completed_patients: 174 | total_patients: 199 | completed_method_runs: 373 | updated_at: 2026-09-25 21:51:59 | stage: patient | original_patient_number: 176 | patient_id: 100176 | evaluation_position: 175 | errors: 129
status: running | pass_number: 2 | method: Direct search over all chunks | completed_patients: 174 | total_patients: 199 | completed_method_runs: 373 | updated_at: 2026-09-25 21:51:59 | stage: bounds | original_patient_number: 176 | patient_id: 100176 | evaluation_position: 175 | errors: 129
status: running | pass_number: 2 | method: Direct search over all chunks | completed_patients: 174 | total_patients: 199 | completed_method_runs: 373 | updated_at: 2026-09-25 21:51:59 | stage: retrieval | original_patient_number: 176 | patient_id: 100176 | evaluation_position: 175 | errors: 129
status: running | pass_number: 2 | method: Direct search over all chunks | completed_patients: 174 | total_patients: 199 | completed_method_runs: 373 | updated_at: 2026-09-25 21:51:59 | stage: bounds | original_patient_number: 176 | patient_id: 100176 | evaluation_position: 175 | errors: 129
status: running | pass_number: 2 | method: Direct search over all chunks | completed_patients: 174 | total_patients: 199 | completed_method_runs: 373 | updated_at: 2026-09-25 21:52:13 | stage: proof | original_patient_number: 176 | patient_id: 100176 | evaluation_position: 175 | errors: 129
status: running | pass_number: 2 | method: Direct search over all chunks | completed_patients: 174 | total_patients: 199 | completed_method_runs: 373 | updated_at: 2026-09-25 21:52:13 | stage: decision | original_patient_number: 176 | patient_id: 100176 | evaluation_position: 175 | errors: 129
status: running | pass_number: 2 | method: Direct search over all chunks | completed_patients: 175 | total_patients: 199 | completed_method_runs: 374 | updated_at: 2026-09-25 21:52:13 | stage: patient complete | original_patient_number: 176 | patient_id: 100176 | evaluation_position: 175 | errors: 129
status: running | pass_number: 2 | method: Direct search over all chunks | completed_patients: 175 | total_patients: 199 | completed_method_runs: 374 | updated_at: 2026-09-25 21:52:13 | stage: patient complete | original_patient_number: 177 | patient_id: 100176 | evaluation_position: 176 | errors: 129
status: running | pass_number: 2 | method: Direct search over all chunks | completed_patients: 175 | total_patients: 199 | completed_method_runs: 374 | updated_at: 2026-09-25 21:52:13 | stage: patient complete | original_patient_number: 177 | patient_id: 100177 | evaluation_position: 176 | errors: 129
status: running | pass_number: 2 | method: Direct search over all chunks | completed_patients: 175 | total_patients: 199 | completed_method_runs: 374 | updated_at: 2026-09-25 21:52:13 | stage: patient | original_patient_number: 177 | patient_id: 100177 | evaluation_position: 176 | errors: 129
status: running | pass_number: 2 | method: Direct search over all chunks | completed_patients: 175 | total_patients: 199 | completed_method_runs: 374 | updated_at: 2026-09-25 21:52:13 | stage: bounds | original_patient_number: 177 | patient_id: 100177 | evaluation_position: 176 | errors: 129
status: running | pass_number: 2 | method: Direct search over all chunks | completed_patients: 175 | total_patients: 199 | completed_method_runs: 374 | updated_at: 2026-09-25 21:52:13 | stage: retrieval | original_patient_number: 177 | patient_id: 100177 | evaluation_position: 176 | errors: 129
status: running | pass_number: 2 | method: Direct search over all chunks | completed_patients: 175 | total_patients: 199 | completed_method_runs: 374 | updated_at: 2026-09-25 21:52:13 | stage: bounds | original_patient_number: 177 | patient_id: 100177 | evaluation_position: 176 | errors: 129
status: running | pass_number: 2 | method: Direct search over all chunks | completed_patients: 175 | total_patients: 199 | completed_method_runs: 374 | updated_at: 2026-09-25 21:52:19 | stage: proof | original_patient_number: 177 | patient_id: 100177 | evaluation_position: 176 | errors: 129
status: running | pass_number: 2 | method: Direct search over all chunks | completed_patients: 175 | total_patients: 199 | completed_method_runs: 374 | updated_at: 2026-09-25 21:52:19 | stage: decision | original_patient_number: 177 | patient_id: 100177 | evaluation_position: 176 | errors: 129
status: running | pass_number: 2 | method: Direct search over all chunks | completed_patients: 176 | total_patients: 199 | completed_method_runs: 375 | updated_at: 2026-09-25 21:52:19 | stage: patient complete | original_patient_number: 177 | patient_id: 100177 | evaluation_position: 176 | errors: 129
status: running | pass_number: 2 | method: Direct search over all chunks | completed_patients: 176 | total_patients: 199 | completed_method_runs: 375 | updated_at: 2026-09-25 21:52:19 | stage: patient complete | original_patient_number: 178 | patient_id: 100177 | evaluation_position: 177 | errors: 129
status: running | pass_number: 2 | method: Direct search over all chunks | completed_patients: 176 | total_patients: 199 | completed_method_runs: 375 | updated_at: 2026-09-25 21:52:19 | stage: patient complete | original_patient_number: 178 | patient_id: 100178 | evaluation_position: 177 | errors: 129
status: running | pass_number: 2 | method: Direct search over all chunks | completed_patients: 176 | total_patients: 199 | completed_method_runs: 375 | updated_at: 2026-09-25 21:52:19 | stage: patient | original_patient_number: 178 | patient_id: 100178 | evaluation_position: 177 | errors: 129
status: running | pass_number: 2 | method: Direct search over all chunks | completed_patients: 176 | total_patients: 199 | completed_method_runs: 375 | updated_at: 2026-09-25 21:52:19 | stage: bounds | original_patient_number: 178 | patient_id: 100178 | evaluation_position: 177 | errors: 129
status: running | pass_number: 2 | method: Direct search over all chunks | completed_patients: 176 | total_patients: 199 | completed_method_runs: 375 | updated_at: 2026-09-25 21:52:19 | stage: retrieval | original_patient_number: 178 | patient_id: 100178 | evaluation_position: 177 | errors: 129
status: running | pass_number: 2 | method: Direct search over all chunks | completed_patients: 176 | total_patients: 199 | completed_method_runs: 375 | updated_at: 2026-09-25 21:52:20 | stage: bounds | original_patient_number: 178 | patient_id: 100178 | evaluation_position: 177 | errors: 129
status: running | pass_number: 2 | method: Direct search over all chunks | completed_patients: 176 | total_patients: 199 | completed_method_runs: 375 | updated_at: 2026-09-25 21:52:35 | stage: proof | original_patient_number: 178 | patient_id: 100178 | evaluation_position: 177 | errors: 129
status: running | pass_number: 2 | method: Direct search over all chunks | completed_patients: 176 | total_patients: 199 | completed_method_runs: 375 | updated_at: 2026-09-25 21:52:35 | stage: decision | original_patient_number: 178 | patient_id: 100178 | evaluation_position: 177 | errors: 129
status: running | pass_number: 2 | method: Direct search over all chunks | completed_patients: 177 | total_patients: 199 | completed_method_runs: 376 | updated_at: 2026-09-25 21:52:35 | stage: patient complete | original_patient_number: 178 | patient_id: 100178 | evaluation_position: 177 | errors: 129
status: running | pass_number: 2 | method: Direct search over all chunks | completed_patients: 177 | total_patients: 199 | completed_method_runs: 376 | updated_at: 2026-09-25 21:52:35 | stage: patient complete | original_patient_number: 179 | patient_id: 100178 | evaluation_position: 178 | errors: 129
status: running | pass_number: 2 | method: Direct search over all chunks | completed_patients: 177 | total_patients: 199 | completed_method_runs: 376 | updated_at: 2026-09-25 21:52:35 | stage: patient complete | original_patient_number: 179 | patient_id: 100179 | evaluation_position: 178 | errors: 129
status: running | pass_number: 2 | method: Direct search over all chunks | completed_patients: 177 | total_patients: 199 | completed_method_runs: 376 | updated_at: 2026-09-25 21:52:35 | stage: patient | original_patient_number: 179 | patient_id: 100179 | evaluation_position: 178 | errors: 129
status: running | pass_number: 2 | method: Direct search over all chunks | completed_patients: 177 | total_patients: 199 | completed_method_runs: 376 | updated_at: 2026-09-25 21:52:35 | stage: bounds | original_patient_number: 179 | patient_id: 100179 | evaluation_position: 178 | errors: 129
status: running | pass_number: 2 | method: Direct search over all chunks | completed_patients: 177 | total_patients: 199 | completed_method_runs: 376 | updated_at: 2026-09-25 21:52:35 | stage: retrieval | original_patient_number: 179 | patient_id: 100179 | evaluation_position: 178 | errors: 129
status: running | pass_number: 2 | method: Direct search over all chunks | completed_patients: 177 | total_patients: 199 | completed_method_runs: 376 | updated_at: 2026-09-25 21:52:35 | stage: bounds | original_patient_number: 179 | patient_id: 100179 | evaluation_position: 178 | errors: 129
status: running | pass_number: 2 | method: Direct search over all chunks | completed_patients: 178 | total_patients: 199 | completed_method_runs: 377 | updated_at: 2026-09-25 21:52:48 | stage: patient complete | original_patient_number: 179 | patient_id: 100179 | evaluation_position: 178 | errors: 130
status: running | pass_number: 2 | method: Direct search over all chunks | completed_patients: 178 | total_patients: 199 | completed_method_runs: 377 | updated_at: 2026-09-25 21:52:48 | stage: patient complete | original_patient_number: 180 | patient_id: 100179 | evaluation_position: 179 | errors: 130
status: running | pass_number: 2 | method: Direct search over all chunks | completed_patients: 178 | total_patients: 199 | completed_method_runs: 377 | updated_at: 2026-09-25 21:52:48 | stage: patient complete | original_patient_number: 180 | patient_id: 100180 | evaluation_position: 179 | errors: 130
status: running | pass_number: 2 | method: Direct search over all chunks | completed_patients: 178 | total_patients: 199 | completed_method_runs: 377 | updated_at: 2026-09-25 21:52:48 | stage: patient | original_patient_number: 180 | patient_id: 100180 | evaluation_position: 179 | errors: 130
status: running | pass_number: 2 | method: Direct search over all chunks | completed_patients: 178 | total_patients: 199 | completed_method_runs: 377 | updated_at: 2026-09-25 21:52:48 | stage: bounds | original_patient_number: 180 | patient_id: 100180 | evaluation_position: 179 | errors: 130
status: running | pass_number: 2 | method: Direct search over all chunks | completed_patients: 178 | total_patients: 199 | completed_method_runs: 377 | updated_at: 2026-09-25 21:52:48 | stage: retrieval | original_patient_number: 180 | patient_id: 100180 | evaluation_position: 179 | errors: 130
status: running | pass_number: 2 | method: Direct search over all chunks | completed_patients: 178 | total_patients: 199 | completed_method_runs: 377 | updated_at: 2026-09-25 21:52:49 | stage: bounds | original_patient_number: 180 | patient_id: 100180 | evaluation_position: 179 | errors: 130
status: running | pass_number: 2 | method: Direct search over all chunks | completed_patients: 178 | total_patients: 199 | completed_method_runs: 377 | updated_at: 2026-09-25 21:53:01 | stage: proof | original_patient_number: 180 | patient_id: 100180 | evaluation_position: 179 | errors: 130
status: running | pass_number: 2 | method: Direct search over all chunks | completed_patients: 178 | total_patients: 199 | completed_method_runs: 377 | updated_at: 2026-09-25 21:53:01 | stage: decision | original_patient_number: 180 | patient_id: 100180 | evaluation_position: 179 | errors: 130
status: running | pass_number: 2 | method: Direct search over all chunks | completed_patients: 179 | total_patients: 199 | completed_method_runs: 378 | updated_at: 2026-09-25 21:53:01 | stage: patient complete | original_patient_number: 180 | patient_id: 100180 | evaluation_position: 179 | errors: 130
status: running | pass_number: 2 | method: Direct search over all chunks | completed_patients: 179 | total_patients: 199 | completed_method_runs: 378 | updated_at: 2026-09-25 21:53:01 | stage: patient complete | original_patient_number: 181 | patient_id: 100180 | evaluation_position: 180 | errors: 130
status: running | pass_number: 2 | method: Direct search over all chunks | completed_patients: 179 | total_patients: 199 | completed_method_runs: 378 | updated_at: 2026-09-25 21:53:01 | stage: patient complete | original_patient_number: 181 | patient_id: 100181 | evaluation_position: 180 | errors: 130
status: running | pass_number: 2 | method: Direct search over all chunks | completed_patients: 179 | total_patients: 199 | completed_method_runs: 378 | updated_at: 2026-09-25 21:53:01 | stage: patient | original_patient_number: 181 | patient_id: 100181 | evaluation_position: 180 | errors: 130
status: running | pass_number: 2 | method: Direct search over all chunks | completed_patients: 179 | total_patients: 199 | completed_method_runs: 378 | updated_at: 2026-09-25 21:53:01 | stage: bounds | original_patient_number: 181 | patient_id: 100181 | evaluation_position: 180 | errors: 130
status: running | pass_number: 2 | method: Direct search over all chunks | completed_patients: 179 | total_patients: 199 | completed_method_runs: 378 | updated_at: 2026-09-25 21:53:01 | stage: retrieval | original_patient_number: 181 | patient_id: 100181 | evaluation_position: 180 | errors: 130
status: running | pass_number: 2 | method: Direct search over all chunks | completed_patients: 179 | total_patients: 199 | completed_method_runs: 378 | updated_at: 2026-09-25 21:53:01 | stage: bounds | original_patient_number: 181 | patient_id: 100181 | evaluation_position: 180 | errors: 130
status: running | pass_number: 2 | method: Direct search over all chunks | completed_patients: 179 | total_patients: 199 | completed_method_runs: 378 | updated_at: 2026-09-25 21:53:14 | stage: proof | original_patient_number: 181 | patient_id: 100181 | evaluation_position: 180 | errors: 130
status: running | pass_number: 2 | method: Direct search over all chunks | completed_patients: 179 | total_patients: 199 | completed_method_runs: 378 | updated_at: 2026-09-25 21:53:14 | stage: decision | original_patient_number: 181 | patient_id: 100181 | evaluation_position: 180 | errors: 130
status: running | pass_number: 2 | method: Direct search over all chunks | completed_patients: 180 | total_patients: 199 | completed_method_runs: 379 | updated_at: 2026-09-25 21:53:14 | stage: patient complete | original_patient_number: 181 | patient_id: 100181 | evaluation_position: 180 | errors: 130
status: running | pass_number: 2 | method: Direct search over all chunks | completed_patients: 180 | total_patients: 199 | completed_method_runs: 379 | updated_at: 2026-09-25 21:53:14 | stage: patient complete | original_patient_number: 182 | patient_id: 100181 | evaluation_position: 181 | errors: 130
status: running | pass_number: 2 | method: Direct search over all chunks | completed_patients: 180 | total_patients: 199 | completed_method_runs: 379 | updated_at: 2026-09-25 21:53:14 | stage: patient complete | original_patient_number: 182 | patient_id: 100182 | evaluation_position: 181 | errors: 130
status: running | pass_number: 2 | method: Direct search over all chunks | completed_patients: 180 | total_patients: 199 | completed_method_runs: 379 | updated_at: 2026-09-25 21:53:14 | stage: patient | original_patient_number: 182 | patient_id: 100182 | evaluation_position: 181 | errors: 130
status: running | pass_number: 2 | method: Direct search over all chunks | completed_patients: 180 | total_patients: 199 | completed_method_runs: 379 | updated_at: 2026-09-25 21:53:14 | stage: bounds | original_patient_number: 182 | patient_id: 100182 | evaluation_position: 181 | errors: 130
status: running | pass_number: 2 | method: Direct search over all chunks | completed_patients: 180 | total_patients: 199 | completed_method_runs: 379 | updated_at: 2026-09-25 21:53:14 | stage: retrieval | original_patient_number: 182 | patient_id: 100182 | evaluation_position: 181 | errors: 130
status: running | pass_number: 2 | method: Direct search over all chunks | completed_patients: 180 | total_patients: 199 | completed_method_runs: 379 | updated_at: 2026-09-25 21:53:14 | stage: bounds | original_patient_number: 182 | patient_id: 100182 | evaluation_position: 181 | errors: 130
status: running | pass_number: 2 | method: Direct search over all chunks | completed_patients: 180 | total_patients: 199 | completed_method_runs: 379 | updated_at: 2026-09-25 21:53:29 | stage: proof | original_patient_number: 182 | patient_id: 100182 | evaluation_position: 181 | errors: 130
status: running | pass_number: 2 | method: Direct search over all chunks | completed_patients: 180 | total_patients: 199 | completed_method_runs: 379 | updated_at: 2026-09-25 21:53:29 | stage: decision | original_patient_number: 182 | patient_id: 100182 | evaluation_position: 181 | errors: 130
status: running | pass_number: 2 | method: Direct search over all chunks | completed_patients: 181 | total_patients: 199 | completed_method_runs: 380 | updated_at: 2026-09-25 21:53:29 | stage: patient complete | original_patient_number: 182 | patient_id: 100182 | evaluation_position: 181 | errors: 130
status: running | pass_number: 2 | method: Direct search over all chunks | completed_patients: 181 | total_patients: 199 | completed_method_runs: 380 | updated_at: 2026-09-25 21:53:29 | stage: patient complete | original_patient_number: 183 | patient_id: 100182 | evaluation_position: 182 | errors: 130
status: running | pass_number: 2 | method: Direct search over all chunks | completed_patients: 181 | total_patients: 199 | completed_method_runs: 380 | updated_at: 2026-09-25 21:53:29 | stage: patient complete | original_patient_number: 183 | patient_id: 100183 | evaluation_position: 182 | errors: 130
status: running | pass_number: 2 | method: Direct search over all chunks | completed_patients: 181 | total_patients: 199 | completed_method_runs: 380 | updated_at: 2026-09-25 21:53:29 | stage: patient | original_patient_number: 183 | patient_id: 100183 | evaluation_position: 182 | errors: 130
status: running | pass_number: 2 | method: Direct search over all chunks | completed_patients: 181 | total_patients: 199 | completed_method_runs: 380 | updated_at: 2026-09-25 21:53:29 | stage: bounds | original_patient_number: 183 | patient_id: 100183 | evaluation_position: 182 | errors: 130
status: running | pass_number: 2 | method: Direct search over all chunks | completed_patients: 181 | total_patients: 199 | completed_method_runs: 380 | updated_at: 2026-09-25 21:53:29 | stage: retrieval | original_patient_number: 183 | patient_id: 100183 | evaluation_position: 182 | errors: 130
status: running | pass_number: 2 | method: Direct search over all chunks | completed_patients: 181 | total_patients: 199 | completed_method_runs: 380 | updated_at: 2026-09-25 21:53:29 | stage: bounds | original_patient_number: 183 | patient_id: 100183 | evaluation_position: 182 | errors: 130
status: running | pass_number: 2 | method: Direct search over all chunks | completed_patients: 182 | total_patients: 199 | completed_method_runs: 381 | updated_at: 2026-09-25 21:53:43 | stage: patient complete | original_patient_number: 183 | patient_id: 100183 | evaluation_position: 182 | errors: 131
status: running | pass_number: 2 | method: Direct search over all chunks | completed_patients: 182 | total_patients: 199 | completed_method_runs: 381 | updated_at: 2026-09-25 21:53:43 | stage: patient complete | original_patient_number: 184 | patient_id: 100183 | evaluation_position: 183 | errors: 131
status: running | pass_number: 2 | method: Direct search over all chunks | completed_patients: 182 | total_patients: 199 | completed_method_runs: 381 | updated_at: 2026-09-25 21:53:43 | stage: patient complete | original_patient_number: 184 | patient_id: 100184 | evaluation_position: 183 | errors: 131
status: running | pass_number: 2 | method: Direct search over all chunks | completed_patients: 182 | total_patients: 199 | completed_method_runs: 381 | updated_at: 2026-09-25 21:53:43 | stage: patient | original_patient_number: 184 | patient_id: 100184 | evaluation_position: 183 | errors: 131
status: running | pass_number: 2 | method: Direct search over all chunks | completed_patients: 182 | total_patients: 199 | completed_method_runs: 381 | updated_at: 2026-09-25 21:53:43 | stage: bounds | original_patient_number: 184 | patient_id: 100184 | evaluation_position: 183 | errors: 131
status: running | pass_number: 2 | method: Direct search over all chunks | completed_patients: 182 | total_patients: 199 | completed_method_runs: 381 | updated_at: 2026-09-25 21:53:43 | stage: retrieval | original_patient_number: 184 | patient_id: 100184 | evaluation_position: 183 | errors: 131
status: running | pass_number: 2 | method: Direct search over all chunks | completed_patients: 182 | total_patients: 199 | completed_method_runs: 381 | updated_at: 2026-09-25 21:53:43 | stage: bounds | original_patient_number: 184 | patient_id: 100184 | evaluation_position: 183 | errors: 131
status: running | pass_number: 2 | method: Direct search over all chunks | completed_patients: 182 | total_patients: 199 | completed_method_runs: 381 | updated_at: 2026-09-25 21:53:57 | stage: proof | original_patient_number: 184 | patient_id: 100184 | evaluation_position: 183 | errors: 131
status: running | pass_number: 2 | method: Direct search over all chunks | completed_patients: 182 | total_patients: 199 | completed_method_runs: 381 | updated_at: 2026-09-25 21:53:57 | stage: decision | original_patient_number: 184 | patient_id: 100184 | evaluation_position: 183 | errors: 131
status: running | pass_number: 2 | method: Direct search over all chunks | completed_patients: 183 | total_patients: 199 | completed_method_runs: 382 | updated_at: 2026-09-25 21:53:57 | stage: patient complete | original_patient_number: 184 | patient_id: 100184 | evaluation_position: 183 | errors: 131
status: running | pass_number: 2 | method: Direct search over all chunks | completed_patients: 183 | total_patients: 199 | completed_method_runs: 382 | updated_at: 2026-09-25 21:53:57 | stage: patient complete | original_patient_number: 185 | patient_id: 100184 | evaluation_position: 184 | errors: 131
status: running | pass_number: 2 | method: Direct search over all chunks | completed_patients: 183 | total_patients: 199 | completed_method_runs: 382 | updated_at: 2026-09-25 21:53:57 | stage: patient complete | original_patient_number: 185 | patient_id: 100185 | evaluation_position: 184 | errors: 131
status: running | pass_number: 2 | method: Direct search over all chunks | completed_patients: 183 | total_patients: 199 | completed_method_runs: 382 | updated_at: 2026-09-25 21:53:57 | stage: patient | original_patient_number: 185 | patient_id: 100185 | evaluation_position: 184 | errors: 131
status: running | pass_number: 2 | method: Direct search over all chunks | completed_patients: 183 | total_patients: 199 | completed_method_runs: 382 | updated_at: 2026-09-25 21:53:57 | stage: bounds | original_patient_number: 185 | patient_id: 100185 | evaluation_position: 184 | errors: 131
status: running | pass_number: 2 | method: Direct search over all chunks | completed_patients: 183 | total_patients: 199 | completed_method_runs: 382 | updated_at: 2026-09-25 21:53:57 | stage: retrieval | original_patient_number: 185 | patient_id: 100185 | evaluation_position: 184 | errors: 131
status: running | pass_number: 2 | method: Direct search over all chunks | completed_patients: 183 | total_patients: 199 | completed_method_runs: 382 | updated_at: 2026-09-25 21:53:57 | stage: bounds | original_patient_number: 185 | patient_id: 100185 | evaluation_position: 184 | errors: 131
status: running | pass_number: 2 | method: Direct search over all chunks | completed_patients: 184 | total_patients: 199 | completed_method_runs: 383 | updated_at: 2026-09-25 21:54:09 | stage: patient complete | original_patient_number: 185 | patient_id: 100185 | evaluation_position: 184 | errors: 132
status: running | pass_number: 2 | method: Direct search over all chunks | completed_patients: 184 | total_patients: 199 | completed_method_runs: 383 | updated_at: 2026-09-25 21:54:09 | stage: patient complete | original_patient_number: 186 | patient_id: 100185 | evaluation_position: 185 | errors: 132
status: running | pass_number: 2 | method: Direct search over all chunks | completed_patients: 184 | total_patients: 199 | completed_method_runs: 383 | updated_at: 2026-09-25 21:54:09 | stage: patient complete | original_patient_number: 186 | patient_id: 100186 | evaluation_position: 185 | errors: 132
status: running | pass_number: 2 | method: Direct search over all chunks | completed_patients: 184 | total_patients: 199 | completed_method_runs: 383 | updated_at: 2026-09-25 21:54:09 | stage: patient | original_patient_number: 186 | patient_id: 100186 | evaluation_position: 185 | errors: 132
status: running | pass_number: 2 | method: Direct search over all chunks | completed_patients: 184 | total_patients: 199 | completed_method_runs: 383 | updated_at: 2026-09-25 21:54:09 | stage: bounds | original_patient_number: 186 | patient_id: 100186 | evaluation_position: 185 | errors: 132
status: running | pass_number: 2 | method: Direct search over all chunks | completed_patients: 184 | total_patients: 199 | completed_method_runs: 383 | updated_at: 2026-09-25 21:54:09 | stage: retrieval | original_patient_number: 186 | patient_id: 100186 | evaluation_position: 185 | errors: 132
status: running | pass_number: 2 | method: Direct search over all chunks | completed_patients: 184 | total_patients: 199 | completed_method_runs: 383 | updated_at: 2026-09-25 21:54:09 | stage: bounds | original_patient_number: 186 | patient_id: 100186 | evaluation_position: 185 | errors: 132
status: running | pass_number: 2 | method: Direct search over all chunks | completed_patients: 184 | total_patients: 199 | completed_method_runs: 383 | updated_at: 2026-09-25 21:54:24 | stage: proof | original_patient_number: 186 | patient_id: 100186 | evaluation_position: 185 | errors: 132
status: running | pass_number: 2 | method: Direct search over all chunks | completed_patients: 184 | total_patients: 199 | completed_method_runs: 383 | updated_at: 2026-09-25 21:54:24 | stage: decision | original_patient_number: 186 | patient_id: 100186 | evaluation_position: 185 | errors: 132
status: running | pass_number: 2 | method: Direct search over all chunks | completed_patients: 185 | total_patients: 199 | completed_method_runs: 384 | updated_at: 2026-09-25 21:54:24 | stage: patient complete | original_patient_number: 186 | patient_id: 100186 | evaluation_position: 185 | errors: 132
status: running | pass_number: 2 | method: Direct search over all chunks | completed_patients: 185 | total_patients: 199 | completed_method_runs: 384 | updated_at: 2026-09-25 21:54:24 | stage: patient complete | original_patient_number: 187 | patient_id: 100186 | evaluation_position: 186 | errors: 132
status: running | pass_number: 2 | method: Direct search over all chunks | completed_patients: 185 | total_patients: 199 | completed_method_runs: 384 | updated_at: 2026-09-25 21:54:24 | stage: patient complete | original_patient_number: 187 | patient_id: 100187 | evaluation_position: 186 | errors: 132
status: running | pass_number: 2 | method: Direct search over all chunks | completed_patients: 185 | total_patients: 199 | completed_method_runs: 384 | updated_at: 2026-09-25 21:54:24 | stage: patient | original_patient_number: 187 | patient_id: 100187 | evaluation_position: 186 | errors: 132
status: running | pass_number: 2 | method: Direct search over all chunks | completed_patients: 185 | total_patients: 199 | completed_method_runs: 384 | updated_at: 2026-09-25 21:54:25 | stage: bounds | original_patient_number: 187 | patient_id: 100187 | evaluation_position: 186 | errors: 132
status: running | pass_number: 2 | method: Direct search over all chunks | completed_patients: 185 | total_patients: 199 | completed_method_runs: 384 | updated_at: 2026-09-25 21:54:25 | stage: retrieval | original_patient_number: 187 | patient_id: 100187 | evaluation_position: 186 | errors: 132
status: running | pass_number: 2 | method: Direct search over all chunks | completed_patients: 185 | total_patients: 199 | completed_method_runs: 384 | updated_at: 2026-09-25 21:54:25 | stage: bounds | original_patient_number: 187 | patient_id: 100187 | evaluation_position: 186 | errors: 132
status: running | pass_number: 2 | method: Direct search over all chunks | completed_patients: 185 | total_patients: 199 | completed_method_runs: 384 | updated_at: 2026-09-25 21:54:38 | stage: proof | original_patient_number: 187 | patient_id: 100187 | evaluation_position: 186 | errors: 132
status: running | pass_number: 2 | method: Direct search over all chunks | completed_patients: 185 | total_patients: 199 | completed_method_runs: 384 | updated_at: 2026-09-25 21:54:38 | stage: decision | original_patient_number: 187 | patient_id: 100187 | evaluation_position: 186 | errors: 132
status: running | pass_number: 2 | method: Direct search over all chunks | completed_patients: 186 | total_patients: 199 | completed_method_runs: 385 | updated_at: 2026-09-25 21:54:38 | stage: patient complete | original_patient_number: 187 | patient_id: 100187 | evaluation_position: 186 | errors: 132
status: running | pass_number: 2 | method: Direct search over all chunks | completed_patients: 186 | total_patients: 199 | completed_method_runs: 385 | updated_at: 2026-09-25 21:54:38 | stage: patient complete | original_patient_number: 188 | patient_id: 100187 | evaluation_position: 187 | errors: 132
status: running | pass_number: 2 | method: Direct search over all chunks | completed_patients: 186 | total_patients: 199 | completed_method_runs: 385 | updated_at: 2026-09-25 21:54:38 | stage: patient complete | original_patient_number: 188 | patient_id: 100188 | evaluation_position: 187 | errors: 132
status: running | pass_number: 2 | method: Direct search over all chunks | completed_patients: 186 | total_patients: 199 | completed_method_runs: 385 | updated_at: 2026-09-25 21:54:38 | stage: patient | original_patient_number: 188 | patient_id: 100188 | evaluation_position: 187 | errors: 132
status: running | pass_number: 2 | method: Direct search over all chunks | completed_patients: 186 | total_patients: 199 | completed_method_runs: 385 | updated_at: 2026-09-25 21:54:38 | stage: bounds | original_patient_number: 188 | patient_id: 100188 | evaluation_position: 187 | errors: 132
status: running | pass_number: 2 | method: Direct search over all chunks | completed_patients: 186 | total_patients: 199 | completed_method_runs: 385 | updated_at: 2026-09-25 21:54:38 | stage: retrieval | original_patient_number: 188 | patient_id: 100188 | evaluation_position: 187 | errors: 132
status: running | pass_number: 2 | method: Direct search over all chunks | completed_patients: 186 | total_patients: 199 | completed_method_runs: 385 | updated_at: 2026-09-25 21:54:39 | stage: bounds | original_patient_number: 188 | patient_id: 100188 | evaluation_position: 187 | errors: 132
status: running | pass_number: 2 | method: Direct search over all chunks | completed_patients: 186 | total_patients: 199 | completed_method_runs: 385 | updated_at: 2026-09-25 21:54:53 | stage: proof | original_patient_number: 188 | patient_id: 100188 | evaluation_position: 187 | errors: 132
status: running | pass_number: 2 | method: Direct search over all chunks | completed_patients: 186 | total_patients: 199 | completed_method_runs: 385 | updated_at: 2026-09-25 21:54:53 | stage: decision | original_patient_number: 188 | patient_id: 100188 | evaluation_position: 187 | errors: 132
status: running | pass_number: 2 | method: Direct search over all chunks | completed_patients: 187 | total_patients: 199 | completed_method_runs: 386 | updated_at: 2026-09-25 21:54:53 | stage: patient complete | original_patient_number: 188 | patient_id: 100188 | evaluation_position: 187 | errors: 132
status: running | pass_number: 2 | method: Direct search over all chunks | completed_patients: 187 | total_patients: 199 | completed_method_runs: 386 | updated_at: 2026-09-25 21:54:53 | stage: patient complete | original_patient_number: 189 | patient_id: 100188 | evaluation_position: 188 | errors: 132
status: running | pass_number: 2 | method: Direct search over all chunks | completed_patients: 187 | total_patients: 199 | completed_method_runs: 386 | updated_at: 2026-09-25 21:54:53 | stage: patient complete | original_patient_number: 189 | patient_id: 100189 | evaluation_position: 188 | errors: 132
status: running | pass_number: 2 | method: Direct search over all chunks | completed_patients: 187 | total_patients: 199 | completed_method_runs: 386 | updated_at: 2026-09-25 21:54:53 | stage: patient | original_patient_number: 189 | patient_id: 100189 | evaluation_position: 188 | errors: 132
status: running | pass_number: 2 | method: Direct search over all chunks | completed_patients: 187 | total_patients: 199 | completed_method_runs: 386 | updated_at: 2026-09-25 21:54:53 | stage: bounds | original_patient_number: 189 | patient_id: 100189 | evaluation_position: 188 | errors: 132
status: running | pass_number: 2 | method: Direct search over all chunks | completed_patients: 187 | total_patients: 199 | completed_method_runs: 386 | updated_at: 2026-09-25 21:54:53 | stage: retrieval | original_patient_number: 189 | patient_id: 100189 | evaluation_position: 188 | errors: 132
status: running | pass_number: 2 | method: Direct search over all chunks | completed_patients: 187 | total_patients: 199 | completed_method_runs: 386 | updated_at: 2026-09-25 21:54:53 | stage: bounds | original_patient_number: 189 | patient_id: 100189 | evaluation_position: 188 | errors: 132
status: running | pass_number: 2 | method: Direct search over all chunks | completed_patients: 188 | total_patients: 199 | completed_method_runs: 387 | updated_at: 2026-09-25 21:55:07 | stage: patient complete | original_patient_number: 189 | patient_id: 100189 | evaluation_position: 188 | errors: 133
status: running | pass_number: 2 | method: Direct search over all chunks | completed_patients: 188 | total_patients: 199 | completed_method_runs: 387 | updated_at: 2026-09-25 21:55:07 | stage: patient complete | original_patient_number: 190 | patient_id: 100189 | evaluation_position: 189 | errors: 133
status: running | pass_number: 2 | method: Direct search over all chunks | completed_patients: 188 | total_patients: 199 | completed_method_runs: 387 | updated_at: 2026-09-25 21:55:07 | stage: patient complete | original_patient_number: 190 | patient_id: 100190 | evaluation_position: 189 | errors: 133
status: running | pass_number: 2 | method: Direct search over all chunks | completed_patients: 188 | total_patients: 199 | completed_method_runs: 387 | updated_at: 2026-09-25 21:55:07 | stage: patient | original_patient_number: 190 | patient_id: 100190 | evaluation_position: 189 | errors: 133
status: running | pass_number: 2 | method: Direct search over all chunks | completed_patients: 188 | total_patients: 199 | completed_method_runs: 387 | updated_at: 2026-09-25 21:55:07 | stage: bounds | original_patient_number: 190 | patient_id: 100190 | evaluation_position: 189 | errors: 133
status: running | pass_number: 2 | method: Direct search over all chunks | completed_patients: 188 | total_patients: 199 | completed_method_runs: 387 | updated_at: 2026-09-25 21:55:07 | stage: retrieval | original_patient_number: 190 | patient_id: 100190 | evaluation_position: 189 | errors: 133
status: running | pass_number: 2 | method: Direct search over all chunks | completed_patients: 188 | total_patients: 199 | completed_method_runs: 387 | updated_at: 2026-09-25 21:55:07 | stage: bounds | original_patient_number: 190 | patient_id: 100190 | evaluation_position: 189 | errors: 133
status: running | pass_number: 2 | method: Direct search over all chunks | completed_patients: 188 | total_patients: 199 | completed_method_runs: 387 | updated_at: 2026-09-25 21:55:20 | stage: proof | original_patient_number: 190 | patient_id: 100190 | evaluation_position: 189 | errors: 133
status: running | pass_number: 2 | method: Direct search over all chunks | completed_patients: 188 | total_patients: 199 | completed_method_runs: 387 | updated_at: 2026-09-25 21:55:20 | stage: decision | original_patient_number: 190 | patient_id: 100190 | evaluation_position: 189 | errors: 133
status: running | pass_number: 2 | method: Direct search over all chunks | completed_patients: 189 | total_patients: 199 | completed_method_runs: 388 | updated_at: 2026-09-25 21:55:20 | stage: patient complete | original_patient_number: 190 | patient_id: 100190 | evaluation_position: 189 | errors: 133
status: running | pass_number: 2 | method: Direct search over all chunks | completed_patients: 189 | total_patients: 199 | completed_method_runs: 388 | updated_at: 2026-09-25 21:55:20 | stage: patient complete | original_patient_number: 191 | patient_id: 100190 | evaluation_position: 190 | errors: 133
status: running | pass_number: 2 | method: Direct search over all chunks | completed_patients: 189 | total_patients: 199 | completed_method_runs: 388 | updated_at: 2026-09-25 21:55:20 | stage: patient complete | original_patient_number: 191 | patient_id: 100191 | evaluation_position: 190 | errors: 133
status: running | pass_number: 2 | method: Direct search over all chunks | completed_patients: 189 | total_patients: 199 | completed_method_runs: 388 | updated_at: 2026-09-25 21:55:21 | stage: patient | original_patient_number: 191 | patient_id: 100191 | evaluation_position: 190 | errors: 133
status: running | pass_number: 2 | method: Direct search over all chunks | completed_patients: 189 | total_patients: 199 | completed_method_runs: 388 | updated_at: 2026-09-25 21:55:21 | stage: bounds | original_patient_number: 191 | patient_id: 100191 | evaluation_position: 190 | errors: 133
status: running | pass_number: 2 | method: Direct search over all chunks | completed_patients: 189 | total_patients: 199 | completed_method_runs: 388 | updated_at: 2026-09-25 21:55:21 | stage: retrieval | original_patient_number: 191 | patient_id: 100191 | evaluation_position: 190 | errors: 133
status: running | pass_number: 2 | method: Direct search over all chunks | completed_patients: 189 | total_patients: 199 | completed_method_runs: 388 | updated_at: 2026-09-25 21:55:21 | stage: bounds | original_patient_number: 191 | patient_id: 100191 | evaluation_position: 190 | errors: 133
status: running | pass_number: 2 | method: Direct search over all chunks | completed_patients: 189 | total_patients: 199 | completed_method_runs: 388 | updated_at: 2026-09-25 21:55:35 | stage: proof | original_patient_number: 191 | patient_id: 100191 | evaluation_position: 190 | errors: 133
status: running | pass_number: 2 | method: Direct search over all chunks | completed_patients: 189 | total_patients: 199 | completed_method_runs: 388 | updated_at: 2026-09-25 21:55:35 | stage: decision | original_patient_number: 191 | patient_id: 100191 | evaluation_position: 190 | errors: 133
status: running | pass_number: 2 | method: Direct search over all chunks | completed_patients: 190 | total_patients: 199 | completed_method_runs: 389 | updated_at: 2026-09-25 21:55:35 | stage: patient complete | original_patient_number: 191 | patient_id: 100191 | evaluation_position: 190 | errors: 133
status: running | pass_number: 2 | method: Direct search over all chunks | completed_patients: 190 | total_patients: 199 | completed_method_runs: 389 | updated_at: 2026-09-25 21:55:35 | stage: patient complete | original_patient_number: 192 | patient_id: 100191 | evaluation_position: 191 | errors: 133
status: running | pass_number: 2 | method: Direct search over all chunks | completed_patients: 190 | total_patients: 199 | completed_method_runs: 389 | updated_at: 2026-09-25 21:55:35 | stage: patient complete | original_patient_number: 192 | patient_id: 100192 | evaluation_position: 191 | errors: 133
status: running | pass_number: 2 | method: Direct search over all chunks | completed_patients: 190 | total_patients: 199 | completed_method_runs: 389 | updated_at: 2026-09-25 21:55:35 | stage: patient | original_patient_number: 192 | patient_id: 100192 | evaluation_position: 191 | errors: 133
status: running | pass_number: 2 | method: Direct search over all chunks | completed_patients: 190 | total_patients: 199 | completed_method_runs: 389 | updated_at: 2026-09-25 21:55:35 | stage: bounds | original_patient_number: 192 | patient_id: 100192 | evaluation_position: 191 | errors: 133
status: running | pass_number: 2 | method: Direct search over all chunks | completed_patients: 190 | total_patients: 199 | completed_method_runs: 389 | updated_at: 2026-09-25 21:55:35 | stage: retrieval | original_patient_number: 192 | patient_id: 100192 | evaluation_position: 191 | errors: 133
status: running | pass_number: 2 | method: Direct search over all chunks | completed_patients: 190 | total_patients: 199 | completed_method_runs: 389 | updated_at: 2026-09-25 21:55:35 | stage: bounds | original_patient_number: 192 | patient_id: 100192 | evaluation_position: 191 | errors: 133
status: running | pass_number: 2 | method: Direct search over all chunks | completed_patients: 190 | total_patients: 199 | completed_method_runs: 389 | updated_at: 2026-09-25 21:55:49 | stage: proof | original_patient_number: 192 | patient_id: 100192 | evaluation_position: 191 | errors: 133
status: running | pass_number: 2 | method: Direct search over all chunks | completed_patients: 190 | total_patients: 199 | completed_method_runs: 389 | updated_at: 2026-09-25 21:55:49 | stage: decision | original_patient_number: 192 | patient_id: 100192 | evaluation_position: 191 | errors: 133
status: running | pass_number: 2 | method: Direct search over all chunks | completed_patients: 191 | total_patients: 199 | completed_method_runs: 390 | updated_at: 2026-09-25 21:55:49 | stage: patient complete | original_patient_number: 192 | patient_id: 100192 | evaluation_position: 191 | errors: 133
status: running | pass_number: 2 | method: Direct search over all chunks | completed_patients: 191 | total_patients: 199 | completed_method_runs: 390 | updated_at: 2026-09-25 21:55:49 | stage: patient complete | original_patient_number: 193 | patient_id: 100192 | evaluation_position: 192 | errors: 133
status: running | pass_number: 2 | method: Direct search over all chunks | completed_patients: 191 | total_patients: 199 | completed_method_runs: 390 | updated_at: 2026-09-25 21:55:49 | stage: patient complete | original_patient_number: 193 | patient_id: 100193 | evaluation_position: 192 | errors: 133
status: running | pass_number: 2 | method: Direct search over all chunks | completed_patients: 191 | total_patients: 199 | completed_method_runs: 390 | updated_at: 2026-09-25 21:55:49 | stage: patient | original_patient_number: 193 | patient_id: 100193 | evaluation_position: 192 | errors: 133
status: running | pass_number: 2 | method: Direct search over all chunks | completed_patients: 191 | total_patients: 199 | completed_method_runs: 390 | updated_at: 2026-09-25 21:55:49 | stage: bounds | original_patient_number: 193 | patient_id: 100193 | evaluation_position: 192 | errors: 133
status: running | pass_number: 2 | method: Direct search over all chunks | completed_patients: 191 | total_patients: 199 | completed_method_runs: 390 | updated_at: 2026-09-25 21:55:49 | stage: retrieval | original_patient_number: 193 | patient_id: 100193 | evaluation_position: 192 | errors: 133
status: running | pass_number: 2 | method: Direct search over all chunks | completed_patients: 191 | total_patients: 199 | completed_method_runs: 390 | updated_at: 2026-09-25 21:55:49 | stage: bounds | original_patient_number: 193 | patient_id: 100193 | evaluation_position: 192 | errors: 133
status: running | pass_number: 2 | method: Direct search over all chunks | completed_patients: 192 | total_patients: 199 | completed_method_runs: 391 | updated_at: 2026-09-25 21:56:01 | stage: patient complete | original_patient_number: 193 | patient_id: 100193 | evaluation_position: 192 | errors: 134
status: running | pass_number: 2 | method: Direct search over all chunks | completed_patients: 192 | total_patients: 199 | completed_method_runs: 391 | updated_at: 2026-09-25 21:56:01 | stage: patient complete | original_patient_number: 194 | patient_id: 100193 | evaluation_position: 193 | errors: 134
status: running | pass_number: 2 | method: Direct search over all chunks | completed_patients: 192 | total_patients: 199 | completed_method_runs: 391 | updated_at: 2026-09-25 21:56:01 | stage: patient complete | original_patient_number: 194 | patient_id: 100194 | evaluation_position: 193 | errors: 134
status: running | pass_number: 2 | method: Direct search over all chunks | completed_patients: 192 | total_patients: 199 | completed_method_runs: 391 | updated_at: 2026-09-25 21:56:01 | stage: patient | original_patient_number: 194 | patient_id: 100194 | evaluation_position: 193 | errors: 134
status: running | pass_number: 2 | method: Direct search over all chunks | completed_patients: 192 | total_patients: 199 | completed_method_runs: 391 | updated_at: 2026-09-25 21:56:01 | stage: bounds | original_patient_number: 194 | patient_id: 100194 | evaluation_position: 193 | errors: 134
status: running | pass_number: 2 | method: Direct search over all chunks | completed_patients: 192 | total_patients: 199 | completed_method_runs: 391 | updated_at: 2026-09-25 21:56:01 | stage: retrieval | original_patient_number: 194 | patient_id: 100194 | evaluation_position: 193 | errors: 134
status: running | pass_number: 2 | method: Direct search over all chunks | completed_patients: 192 | total_patients: 199 | completed_method_runs: 391 | updated_at: 2026-09-25 21:56:01 | stage: bounds | original_patient_number: 194 | patient_id: 100194 | evaluation_position: 193 | errors: 134
status: running | pass_number: 2 | method: Direct search over all chunks | completed_patients: 192 | total_patients: 199 | completed_method_runs: 391 | updated_at: 2026-09-25 21:56:15 | stage: proof | original_patient_number: 194 | patient_id: 100194 | evaluation_position: 193 | errors: 134
status: running | pass_number: 2 | method: Direct search over all chunks | completed_patients: 192 | total_patients: 199 | completed_method_runs: 391 | updated_at: 2026-09-25 21:56:15 | stage: decision | original_patient_number: 194 | patient_id: 100194 | evaluation_position: 193 | errors: 134
status: running | pass_number: 2 | method: Direct search over all chunks | completed_patients: 193 | total_patients: 199 | completed_method_runs: 392 | updated_at: 2026-09-25 21:56:15 | stage: patient complete | original_patient_number: 194 | patient_id: 100194 | evaluation_position: 193 | errors: 134
status: running | pass_number: 2 | method: Direct search over all chunks | completed_patients: 193 | total_patients: 199 | completed_method_runs: 392 | updated_at: 2026-09-25 21:56:15 | stage: patient complete | original_patient_number: 195 | patient_id: 100194 | evaluation_position: 194 | errors: 134
status: running | pass_number: 2 | method: Direct search over all chunks | completed_patients: 193 | total_patients: 199 | completed_method_runs: 392 | updated_at: 2026-09-25 21:56:15 | stage: patient complete | original_patient_number: 195 | patient_id: 100195 | evaluation_position: 194 | errors: 134
status: running | pass_number: 2 | method: Direct search over all chunks | completed_patients: 193 | total_patients: 199 | completed_method_runs: 392 | updated_at: 2026-09-25 21:56:15 | stage: patient | original_patient_number: 195 | patient_id: 100195 | evaluation_position: 194 | errors: 134
status: running | pass_number: 2 | method: Direct search over all chunks | completed_patients: 193 | total_patients: 199 | completed_method_runs: 392 | updated_at: 2026-09-25 21:56:15 | stage: bounds | original_patient_number: 195 | patient_id: 100195 | evaluation_position: 194 | errors: 134
status: running | pass_number: 2 | method: Direct search over all chunks | completed_patients: 193 | total_patients: 199 | completed_method_runs: 392 | updated_at: 2026-09-25 21:56:15 | stage: retrieval | original_patient_number: 195 | patient_id: 100195 | evaluation_position: 194 | errors: 134
status: running | pass_number: 2 | method: Direct search over all chunks | completed_patients: 193 | total_patients: 199 | completed_method_runs: 392 | updated_at: 2026-09-25 21:56:15 | stage: bounds | original_patient_number: 195 | patient_id: 100195 | evaluation_position: 194 | errors: 134
status: running | pass_number: 2 | method: Direct search over all chunks | completed_patients: 193 | total_patients: 199 | completed_method_runs: 392 | updated_at: 2026-09-25 21:56:29 | stage: proof | original_patient_number: 195 | patient_id: 100195 | evaluation_position: 194 | errors: 134
status: running | pass_number: 2 | method: Direct search over all chunks | completed_patients: 193 | total_patients: 199 | completed_method_runs: 392 | updated_at: 2026-09-25 21:56:29 | stage: decision | original_patient_number: 195 | patient_id: 100195 | evaluation_position: 194 | errors: 134
status: running | pass_number: 2 | method: Direct search over all chunks | completed_patients: 194 | total_patients: 199 | completed_method_runs: 393 | updated_at: 2026-09-25 21:56:29 | stage: patient complete | original_patient_number: 195 | patient_id: 100195 | evaluation_position: 194 | errors: 134
status: running | pass_number: 2 | method: Direct search over all chunks | completed_patients: 194 | total_patients: 199 | completed_method_runs: 393 | updated_at: 2026-09-25 21:56:29 | stage: patient complete | original_patient_number: 196 | patient_id: 100195 | evaluation_position: 195 | errors: 134
status: running | pass_number: 2 | method: Direct search over all chunks | completed_patients: 194 | total_patients: 199 | completed_method_runs: 393 | updated_at: 2026-09-25 21:56:29 | stage: patient complete | original_patient_number: 196 | patient_id: 100196 | evaluation_position: 195 | errors: 134
status: running | pass_number: 2 | method: Direct search over all chunks | completed_patients: 194 | total_patients: 199 | completed_method_runs: 393 | updated_at: 2026-09-25 21:56:29 | stage: patient | original_patient_number: 196 | patient_id: 100196 | evaluation_position: 195 | errors: 134
status: running | pass_number: 2 | method: Direct search over all chunks | completed_patients: 194 | total_patients: 199 | completed_method_runs: 393 | updated_at: 2026-09-25 21:56:29 | stage: bounds | original_patient_number: 196 | patient_id: 100196 | evaluation_position: 195 | errors: 134
status: running | pass_number: 2 | method: Direct search over all chunks | completed_patients: 194 | total_patients: 199 | completed_method_runs: 393 | updated_at: 2026-09-25 21:56:29 | stage: retrieval | original_patient_number: 196 | patient_id: 100196 | evaluation_position: 195 | errors: 134
status: running | pass_number: 2 | method: Direct search over all chunks | completed_patients: 194 | total_patients: 199 | completed_method_runs: 393 | updated_at: 2026-09-25 21:56:30 | stage: bounds | original_patient_number: 196 | patient_id: 100196 | evaluation_position: 195 | errors: 134
status: running | pass_number: 2 | method: Direct search over all chunks | completed_patients: 194 | total_patients: 199 | completed_method_runs: 393 | updated_at: 2026-09-25 21:56:42 | stage: proof | original_patient_number: 196 | patient_id: 100196 | evaluation_position: 195 | errors: 134
status: running | pass_number: 2 | method: Direct search over all chunks | completed_patients: 194 | total_patients: 199 | completed_method_runs: 393 | updated_at: 2026-09-25 21:56:42 | stage: decision | original_patient_number: 196 | patient_id: 100196 | evaluation_position: 195 | errors: 134
status: running | pass_number: 2 | method: Direct search over all chunks | completed_patients: 195 | total_patients: 199 | completed_method_runs: 394 | updated_at: 2026-09-25 21:56:42 | stage: patient complete | original_patient_number: 196 | patient_id: 100196 | evaluation_position: 195 | errors: 134
status: running | pass_number: 2 | method: Direct search over all chunks | completed_patients: 195 | total_patients: 199 | completed_method_runs: 394 | updated_at: 2026-09-25 21:56:42 | stage: patient complete | original_patient_number: 197 | patient_id: 100196 | evaluation_position: 196 | errors: 134
status: running | pass_number: 2 | method: Direct search over all chunks | completed_patients: 195 | total_patients: 199 | completed_method_runs: 394 | updated_at: 2026-09-25 21:56:42 | stage: patient complete | original_patient_number: 197 | patient_id: 100197 | evaluation_position: 196 | errors: 134
status: running | pass_number: 2 | method: Direct search over all chunks | completed_patients: 195 | total_patients: 199 | completed_method_runs: 394 | updated_at: 2026-09-25 21:56:42 | stage: patient | original_patient_number: 197 | patient_id: 100197 | evaluation_position: 196 | errors: 134
status: running | pass_number: 2 | method: Direct search over all chunks | completed_patients: 195 | total_patients: 199 | completed_method_runs: 394 | updated_at: 2026-09-25 21:56:42 | stage: bounds | original_patient_number: 197 | patient_id: 100197 | evaluation_position: 196 | errors: 134
status: running | pass_number: 2 | method: Direct search over all chunks | completed_patients: 195 | total_patients: 199 | completed_method_runs: 394 | updated_at: 2026-09-25 21:56:42 | stage: retrieval | original_patient_number: 197 | patient_id: 100197 | evaluation_position: 196 | errors: 134
status: running | pass_number: 2 | method: Direct search over all chunks | completed_patients: 195 | total_patients: 199 | completed_method_runs: 394 | updated_at: 2026-09-25 21:56:42 | stage: bounds | original_patient_number: 197 | patient_id: 100197 | evaluation_position: 196 | errors: 134
status: running | pass_number: 2 | method: Direct search over all chunks | completed_patients: 195 | total_patients: 199 | completed_method_runs: 394 | updated_at: 2026-09-25 21:56:56 | stage: proof | original_patient_number: 197 | patient_id: 100197 | evaluation_position: 196 | errors: 134
status: running | pass_number: 2 | method: Direct search over all chunks | completed_patients: 195 | total_patients: 199 | completed_method_runs: 394 | updated_at: 2026-09-25 21:56:56 | stage: decision | original_patient_number: 197 | patient_id: 100197 | evaluation_position: 196 | errors: 134
status: running | pass_number: 2 | method: Direct search over all chunks | completed_patients: 196 | total_patients: 199 | completed_method_runs: 395 | updated_at: 2026-09-25 21:56:56 | stage: patient complete | original_patient_number: 197 | patient_id: 100197 | evaluation_position: 196 | errors: 134
status: running | pass_number: 2 | method: Direct search over all chunks | completed_patients: 196 | total_patients: 199 | completed_method_runs: 395 | updated_at: 2026-09-25 21:56:56 | stage: patient complete | original_patient_number: 198 | patient_id: 100197 | evaluation_position: 197 | errors: 134
status: running | pass_number: 2 | method: Direct search over all chunks | completed_patients: 196 | total_patients: 199 | completed_method_runs: 395 | updated_at: 2026-09-25 21:56:56 | stage: patient complete | original_patient_number: 198 | patient_id: 100198 | evaluation_position: 197 | errors: 134
status: running | pass_number: 2 | method: Direct search over all chunks | completed_patients: 196 | total_patients: 199 | completed_method_runs: 395 | updated_at: 2026-09-25 21:56:56 | stage: patient | original_patient_number: 198 | patient_id: 100198 | evaluation_position: 197 | errors: 134
status: running | pass_number: 2 | method: Direct search over all chunks | completed_patients: 196 | total_patients: 199 | completed_method_runs: 395 | updated_at: 2026-09-25 21:56:56 | stage: bounds | original_patient_number: 198 | patient_id: 100198 | evaluation_position: 197 | errors: 134
status: running | pass_number: 2 | method: Direct search over all chunks | completed_patients: 196 | total_patients: 199 | completed_method_runs: 395 | updated_at: 2026-09-25 21:56:56 | stage: retrieval | original_patient_number: 198 | patient_id: 100198 | evaluation_position: 197 | errors: 134
status: running | pass_number: 2 | method: Direct search over all chunks | completed_patients: 196 | total_patients: 199 | completed_method_runs: 395 | updated_at: 2026-09-25 21:56:56 | stage: bounds | original_patient_number: 198 | patient_id: 100198 | evaluation_position: 197 | errors: 134
status: running | pass_number: 2 | method: Direct search over all chunks | completed_patients: 196 | total_patients: 199 | completed_method_runs: 395 | updated_at: 2026-09-25 21:57:09 | stage: proof | original_patient_number: 198 | patient_id: 100198 | evaluation_position: 197 | errors: 134
status: running | pass_number: 2 | method: Direct search over all chunks | completed_patients: 196 | total_patients: 199 | completed_method_runs: 395 | updated_at: 2026-09-25 21:57:09 | stage: decision | original_patient_number: 198 | patient_id: 100198 | evaluation_position: 197 | errors: 134
status: running | pass_number: 2 | method: Direct search over all chunks | completed_patients: 197 | total_patients: 199 | completed_method_runs: 396 | updated_at: 2026-09-25 21:57:09 | stage: patient complete | original_patient_number: 198 | patient_id: 100198 | evaluation_position: 197 | errors: 134
status: running | pass_number: 2 | method: Direct search over all chunks | completed_patients: 197 | total_patients: 199 | completed_method_runs: 396 | updated_at: 2026-09-25 21:57:09 | stage: patient complete | original_patient_number: 199 | patient_id: 100198 | evaluation_position: 198 | errors: 134
status: running | pass_number: 2 | method: Direct search over all chunks | completed_patients: 197 | total_patients: 199 | completed_method_runs: 396 | updated_at: 2026-09-25 21:57:09 | stage: patient complete | original_patient_number: 199 | patient_id: 100199 | evaluation_position: 198 | errors: 134
status: running | pass_number: 2 | method: Direct search over all chunks | completed_patients: 197 | total_patients: 199 | completed_method_runs: 396 | updated_at: 2026-09-25 21:57:09 | stage: patient | original_patient_number: 199 | patient_id: 100199 | evaluation_position: 198 | errors: 134
status: running | pass_number: 2 | method: Direct search over all chunks | completed_patients: 197 | total_patients: 199 | completed_method_runs: 396 | updated_at: 2026-09-25 21:57:09 | stage: bounds | original_patient_number: 199 | patient_id: 100199 | evaluation_position: 198 | errors: 134
status: running | pass_number: 2 | method: Direct search over all chunks | completed_patients: 197 | total_patients: 199 | completed_method_runs: 396 | updated_at: 2026-09-25 21:57:09 | stage: retrieval | original_patient_number: 199 | patient_id: 100199 | evaluation_position: 198 | errors: 134
status: running | pass_number: 2 | method: Direct search over all chunks | completed_patients: 197 | total_patients: 199 | completed_method_runs: 396 | updated_at: 2026-09-25 21:57:10 | stage: bounds | original_patient_number: 199 | patient_id: 100199 | evaluation_position: 198 | errors: 134
status: running | pass_number: 2 | method: Direct search over all chunks | completed_patients: 197 | total_patients: 199 | completed_method_runs: 396 | updated_at: 2026-09-25 21:57:25 | stage: proof | original_patient_number: 199 | patient_id: 100199 | evaluation_position: 198 | errors: 134
status: running | pass_number: 2 | method: Direct search over all chunks | completed_patients: 197 | total_patients: 199 | completed_method_runs: 396 | updated_at: 2026-09-25 21:57:25 | stage: decision | original_patient_number: 199 | patient_id: 100199 | evaluation_position: 198 | errors: 134
status: running | pass_number: 2 | method: Direct search over all chunks | completed_patients: 198 | total_patients: 199 | completed_method_runs: 397 | updated_at: 2026-09-25 21:57:25 | stage: patient complete | original_patient_number: 199 | patient_id: 100199 | evaluation_position: 198 | errors: 134
status: running | pass_number: 2 | method: Direct search over all chunks | completed_patients: 198 | total_patients: 199 | completed_method_runs: 397 | updated_at: 2026-09-25 21:57:25 | stage: patient complete | original_patient_number: 200 | patient_id: 100199 | evaluation_position: 199 | errors: 134
status: running | pass_number: 2 | method: Direct search over all chunks | completed_patients: 198 | total_patients: 199 | completed_method_runs: 397 | updated_at: 2026-09-25 21:57:25 | stage: patient complete | original_patient_number: 200 | patient_id: 100200 | evaluation_position: 199 | errors: 134
status: running | pass_number: 2 | method: Direct search over all chunks | completed_patients: 198 | total_patients: 199 | completed_method_runs: 397 | updated_at: 2026-09-25 21:57:25 | stage: patient | original_patient_number: 200 | patient_id: 100200 | evaluation_position: 199 | errors: 134
status: running | pass_number: 2 | method: Direct search over all chunks | completed_patients: 198 | total_patients: 199 | completed_method_runs: 397 | updated_at: 2026-09-25 21:57:25 | stage: bounds | original_patient_number: 200 | patient_id: 100200 | evaluation_position: 199 | errors: 134
status: running | pass_number: 2 | method: Direct search over all chunks | completed_patients: 198 | total_patients: 199 | completed_method_runs: 397 | updated_at: 2026-09-25 21:57:25 | stage: retrieval | original_patient_number: 200 | patient_id: 100200 | evaluation_position: 199 | errors: 134
status: running | pass_number: 2 | method: Direct search over all chunks | completed_patients: 198 | total_patients: 199 | completed_method_runs: 397 | updated_at: 2026-09-25 21:57:25 | stage: bounds | original_patient_number: 200 | patient_id: 100200 | evaluation_position: 199 | errors: 134
status: running | pass_number: 2 | method: Direct search over all chunks | completed_patients: 198 | total_patients: 199 | completed_method_runs: 397 | updated_at: 2026-09-25 21:57:38 | stage: proof | original_patient_number: 200 | patient_id: 100200 | evaluation_position: 199 | errors: 134
status: running | pass_number: 2 | method: Direct search over all chunks | completed_patients: 198 | total_patients: 199 | completed_method_runs: 397 | updated_at: 2026-09-25 21:57:38 | stage: decision | original_patient_number: 200 | patient_id: 100200 | evaluation_position: 199 | errors: 134
status: running | pass_number: 2 | method: Direct search over all chunks | completed_patients: 199 | total_patients: 199 | completed_method_runs: 398 | updated_at: 2026-09-25 21:57:38 | stage: patient complete | original_patient_number: 200 | patient_id: 100200 | evaluation_position: 199 | errors: 134
status: complete | pass_number: 2 | method: Direct search over all chunks | completed_patients: 199 | total_patients: 199 | completed_method_runs: 398 | updated_at: 2026-09-25 21:57:40 | stage: outputs saved | original_patient_number: 200 | patient_id: 100200 | evaluation_position: 199 | errors: 134
