patient_id,order,identical_bounds_within_tolerance,identical_decisions,chroma_retrieval_s,chroma_bound_generation_s,chroma_proof_s,chroma_total_workflow_s,chroma_sources,chroma_bounds,chroma_proof_verified,chroma_proof,chroma_final_decision,chroma_error,chroma_error_stage,direct_retrieval_s,direct_bound_generation_s,direct_proof_s,direct_total_workflow_s,direct_sources,direct_bounds,direct_proof_verified,direct_proof,direct_final_decision,direct_error,direct_error_stage
100001,1,True,True,0.06597690000126022,5.808665099997597,0.025653200000306242,5.910043500000029,"[[""Hypertension guideline.pdf"", ""Hypertension guideline.pdf"", ""Hypertension guideline.pdf""]]","[{""parameter"": ""systolic_bp"", ""min"": 120, ""max"": 130}]",False,"{""status"": ""ALERT"", ""verified"": false, ""proof_type"": ""Bulletproofs"", ""public_bounds"": {""min"": 120, ""max"": 130, ""parameter"": ""systolic_bp""}, ""reason"": ""device reports reading outside range; no range proof was produced""}","{""status"": ""OUT_OF_RANGE"", ""message"": ""Device reported a reading outside the selected range; clinical review is needed.""}",,,0.0810853999992105,5.778124300000854,0.03185709999888786,5.900188600000547,"[[""Hypertension guideline.pdf"", ""Hypertension guideline.pdf"", ""Hypertension guideline.pdf""]]","[{""parameter"": ""systolic_bp"", ""min"": 120, ""max"": 130}]",False,"{""status"": ""ALERT"", ""verified"": false, ""proof_type"": ""Bulletproofs"", ""public_bounds"": {""min"": 120, ""max"": 130, ""parameter"": ""systolic_bp""}, ""reason"": ""device reports reading outside range; no range proof was produced""}","{""status"": ""OUT_OF_RANGE"", ""message"": ""Device reported a reading outside the selected range; clinical review is needed.""}",,
100002,2,True,True,0.1937803000000713,5.918055899999672,0.02641620000031253,6.146348000000216,"[[""Hypertension guideline.pdf"", ""Hypertension guideline.pdf"", ""Hypertension guideline.pdf""]]","[{""parameter"": ""systolic_bp"", ""min"": 120, ""max"": 140}]",False,"{""status"": ""ALERT"", ""verified"": false, ""proof_type"": ""Bulletproofs"", ""public_bounds"": {""min"": 120, ""max"": 140, ""parameter"": ""systolic_bp""}, ""reason"": ""device reports reading outside range; no range proof was produced""}","{""status"": ""OUT_OF_RANGE"", ""message"": ""Device reported a reading outside the selected range; clinical review is needed.""}",,,0.07368000000133179,13.126485499999035,0.02646420000019134,13.236616199999844,"[[""Hypertension guideline.pdf"", ""Hypertension guideline.pdf"", ""Hypertension guideline.pdf""]]","[{""parameter"": ""systolic_bp"", ""min"": 120, ""max"": 140}]",False,"{""status"": ""ALERT"", ""verified"": false, ""proof_type"": ""Bulletproofs"", ""public_bounds"": {""min"": 120, ""max"": 140, ""parameter"": ""systolic_bp""}, ""reason"": ""device reports reading outside range; no range proof was produced""}","{""status"": ""OUT_OF_RANGE"", ""message"": ""Device reported a reading outside the selected range; clinical review is needed.""}",,
100003,3,True,True,0.23644229999990785,12.06790220000039,0.05052419999992708,12.366296300000613,"[[""Hypertension guideline.pdf"", ""Hypertension guideline.pdf"", ""Hypertension guideline.pdf""]]","[{""parameter"": ""systolic_bp"", ""min"": 130, ""max"": 139}]",False,"{""status"": ""ALERT"", ""verified"": false, ""proof_type"": ""Bulletproofs"", ""public_bounds"": {""min"": 130, ""max"": 139, ""parameter"": ""systolic_bp""}, ""reason"": ""device reports reading outside range; no range proof was produced""}","{""status"": ""OUT_OF_RANGE"", ""message"": ""Device reported a reading outside the selected range; clinical review is needed.""}",,,0.06916249999994761,6.178771900000356,0.046999899999718764,6.302593500000512,"[[""Hypertension guideline.pdf"", ""Hypertension guideline.pdf"", ""Hypertension guideline.pdf""]]","[{""parameter"": ""systolic_bp"", ""min"": 130, ""max"": 139}]",False,"{""status"": ""ALERT"", ""verified"": false, ""proof_type"": ""Bulletproofs"", ""public_bounds"": {""min"": 130, ""max"": 139, ""parameter"": ""systolic_bp""}, ""reason"": ""device reports reading outside range; no range proof was produced""}","{""status"": ""OUT_OF_RANGE"", ""message"": ""Device reported a reading outside the selected range; clinical review is needed.""}",,
100004,4,,,0.20222210000065388,5.737900699999955,,5.95210810000026,"[[""Heart Failure guideline.pdf"", ""Heart Failure guideline.pdf"", ""Heart Failure guideline.pdf""]]",,,,,ValueError: Unsupported model parameter: 'atrial_fibrillation_rate',bounds,0.11239759999989474,17.508016300000236,0.048066600000311155,17.67893659999936,"[[""Heart Failure guideline.pdf"", ""Heart Failure guideline.pdf"", ""Heart Failure guideline.pdf""]]","[{""parameter"": ""heart_rate"", ""min"": 60, ""max"": 100}]",False,"{""status"": ""ALERT"", ""verified"": false, ""proof_type"": ""Bulletproofs"", ""public_bounds"": {""min"": 60, ""max"": 100, ""parameter"": ""heart_rate""}, ""reason"": ""device reports reading outside range; no range proof was produced""}","{""status"": ""OUT_OF_RANGE"", ""message"": ""Device reported a reading outside the selected range; clinical review is needed.""}",,
100005,5,,,0.08976289999918663,14.11913579999964,,14.21795259999999,"[[""Hypertension guideline.pdf"", ""Heart Failure guideline.pdf"", ""Hypertension guideline.pdf""]]",,,,,ValueError: Unsupported model parameter: 'blood_pressure',bounds,0.08613320000040403,5.467716199998904,,5.588963000000149,"[[""Hypertension guideline.pdf"", ""Heart Failure guideline.pdf"", ""Hypertension guideline.pdf""]]",,,,,ValueError: Unsupported model parameter: 'blood_pressure',bounds
100006,6,True,True,0.12961249999898428,6.885922900002697,0.02739320000000589,7.05327860000034,"[[""Hypertension guideline.pdf"", ""Hypertension guideline.pdf"", ""Hypertension guideline.pdf""]]","[{""parameter"": ""systolic_bp"", ""min"": 120, ""max"": 140}]",False,"{""status"": ""ALERT"", ""verified"": false, ""proof_type"": ""Bulletproofs"", ""public_bounds"": {""min"": 120, ""max"": 140, ""parameter"": ""systolic_bp""}, ""reason"": ""device reports reading outside range; no range proof was produced""}","{""status"": ""OUT_OF_RANGE"", ""message"": ""Device reported a reading outside the selected range; clinical review is needed.""}",,,0.15870619999986957,15.385346199998821,0.09286999999858381,15.65539440000066,"[[""Hypertension guideline.pdf"", ""Hypertension guideline.pdf"", ""Hypertension guideline.pdf""]]","[{""parameter"": ""systolic_bp"", ""min"": 120, ""max"": 140}]",False,"{""status"": ""ALERT"", ""verified"": false, ""proof_type"": ""Bulletproofs"", ""public_bounds"": {""min"": 120, ""max"": 140, ""parameter"": ""systolic_bp""}, ""reason"": ""device reports reading outside range; no range proof was produced""}","{""status"": ""OUT_OF_RANGE"", ""message"": ""Device reported a reading outside the selected range; clinical review is needed.""}",,
100007,7,True,True,0.18806039999981294,16.038410600000134,0.028159800000139512,16.26373220000096,"[[""Hypertension guideline.pdf"", ""Heart Failure guideline.pdf"", ""Hypertension guideline.pdf""]]","[{""parameter"": ""systolic_bp"", ""min"": 120, ""max"": 130}]",False,"{""status"": ""ALERT"", ""verified"": false, ""proof_type"": ""Bulletproofs"", ""public_bounds"": {""min"": 120, ""max"": 130, ""parameter"": ""systolic_bp""}, ""reason"": ""device reports reading outside range; no range proof was produced""}","{""status"": ""OUT_OF_RANGE"", ""message"": ""Device reported a reading outside the selected range; clinical review is needed.""}",,,0.08598539999911736,6.417135499999858,0.025149899998723413,6.5415806000000885,"[[""Hypertension guideline.pdf"", ""Heart Failure guideline.pdf"", ""Hypertension guideline.pdf""]]","[{""parameter"": ""systolic_bp"", ""min"": 120, ""max"": 130}]",False,"{""status"": ""ALERT"", ""verified"": false, ""proof_type"": ""Bulletproofs"", ""public_bounds"": {""min"": 120, ""max"": 130, ""parameter"": ""systolic_bp""}, ""reason"": ""device reports reading outside range; no range proof was produced""}","{""status"": ""OUT_OF_RANGE"", ""message"": ""Device reported a reading outside the selected range; clinical review is needed.""}",,
100008,8,True,True,0.08625109999957203,7.113313000001654,0.02783139999883133,7.2364398000008805,"[[""Hypertension guideline.pdf"", ""Hypertension guideline.pdf"", ""Hypertension guideline.pdf""]]","[{""parameter"": ""systolic_bp"", ""min"": 130, ""max"": 139}]",False,"{""status"": ""ALERT"", ""verified"": false, ""proof_type"": ""Bulletproofs"", ""public_bounds"": {""min"": 130, ""max"": 139, ""parameter"": ""systolic_bp""}, ""reason"": ""device reports reading outside range; no range proof was produced""}","{""status"": ""OUT_OF_RANGE"", ""message"": ""Device reported a reading outside the selected range; clinical review is needed.""}",,,0.07531679999920016,14.092178900000363,0.02757220000057714,14.27055029999974,"[[""Hypertension guideline.pdf"", ""Hypertension guideline.pdf"", ""Hypertension guideline.pdf""]]","[{""parameter"": ""systolic_bp"", ""min"": 130, ""max"": 139}]",False,"{""status"": ""ALERT"", ""verified"": false, ""proof_type"": ""Bulletproofs"", ""public_bounds"": {""min"": 130, ""max"": 139, ""parameter"": ""systolic_bp""}, ""reason"": ""device reports reading outside range; no range proof was produced""}","{""status"": ""OUT_OF_RANGE"", ""message"": ""Device reported a reading outside the selected range; clinical review is needed.""}",,
100009,9,,,0.2755073000007542,14.542933900000207,,14.831728699999076,"[[""Diabetes guideline.pdf"", ""Diabetes guideline.pdf"", ""Diabetes guideline.pdf""]]",,,,,ValueError: Unsupported model parameter: 'BMI',bounds,0.07872800000041025,6.94650719999845,,7.038504900001499,"[[""Diabetes guideline.pdf"", ""Diabetes guideline.pdf"", ""Diabetes guideline.pdf""]]",,,,,ValueError: Unsupported model parameter: 'BMI',bounds
100010,10,True,True,0.08079840000027616,6.952708299999358,0.03375689999847964,7.07780509999975,"[[""Hypertension guideline.pdf"", ""Heart Failure guideline.pdf"", ""Hypertension guideline.pdf""]]","[{""parameter"": ""systolic_bp"", ""min"": 120, ""max"": 130}]",False,"{""status"": ""ALERT"", ""verified"": false, ""proof_type"": ""Bulletproofs"", ""public_bounds"": {""min"": 120, ""max"": 130, ""parameter"": ""systolic_bp""}, ""reason"": ""device reports reading outside range; no range proof was produced""}","{""status"": ""OUT_OF_RANGE"", ""message"": ""Device reported a reading outside the selected range; clinical review is needed.""}",,,0.08385349999844038,16.046447700002318,0.024580800001785974,16.165426899999147,"[[""Hypertension guideline.pdf"", ""Heart Failure guideline.pdf"", ""Hypertension guideline.pdf""]]","[{""parameter"": ""systolic_bp"", ""min"": 120, ""max"": 130}]",False,"{""status"": ""ALERT"", ""verified"": false, ""proof_type"": ""Bulletproofs"", ""public_bounds"": {""min"": 120, ""max"": 130, ""parameter"": ""systolic_bp""}, ""reason"": ""device reports reading outside range; no range proof was produced""}","{""status"": ""OUT_OF_RANGE"", ""message"": ""Device reported a reading outside the selected range; clinical review is needed.""}",,
100011,11,True,True,0.19469329999992624,16.193562200000088,0.08141270000123768,16.47928580000007,"[[""Heart Failure guideline.pdf"", ""Heart Failure guideline.pdf"", ""Heart Failure guideline.pdf""]]","[{""parameter"": ""systolic_bp"", ""min"": 90, ""max"": 120}]",False,"{""status"": ""ALERT"", ""verified"": false, ""proof_type"": ""Bulletproofs"", ""public_bounds"": {""min"": 90, ""max"": 120, ""parameter"": ""systolic_bp""}, ""reason"": ""device reports reading outside range; no range proof was produced""}","{""status"": ""OUT_OF_RANGE"", ""message"": ""Device reported a reading outside the selected range; clinical review is needed.""}",,,0.07970550000027288,7.470331000000442,0.03127359999962209,7.590217300001314,"[[""Heart Failure guideline.pdf"", ""Heart Failure guideline.pdf"", ""Heart Failure guideline.pdf""]]","[{""parameter"": ""systolic_bp"", ""min"": 90, ""max"": 120}]",False,"{""status"": ""ALERT"", ""verified"": false, ""proof_type"": ""Bulletproofs"", ""public_bounds"": {""min"": 90, ""max"": 120, ""parameter"": ""systolic_bp""}, ""reason"": ""device reports reading outside range; no range proof was produced""}","{""status"": ""OUT_OF_RANGE"", ""message"": ""Device reported a reading outside the selected range; clinical review is needed.""}",,
100012,12,,,0.11721489999945334,5.710567800000717,,5.83780619999925,"[[""Diabetes guideline.pdf"", ""Hypertension guideline.pdf"", ""Hypertension guideline.pdf""]]",,,,,ValueError: Unsupported model parameter: 'peak_flow',bounds,0.09868500000084168,14.566144199998234,,14.676661800000147,"[[""Diabetes guideline.pdf"", ""Hypertension guideline.pdf"", ""Hypertension guideline.pdf""]]",,,,,ValueError: Unsupported model parameter: 'peak_flow',bounds
100013,13,True,True,0.08999450000010256,14.300909800000227,0.03939339999851654,14.442094500000167,"[[""Hypertension guideline.pdf"", ""Hypertension guideline.pdf"", ""Hypertension guideline.pdf""]]","[{""parameter"": ""systolic_bp"", ""min"": 120, ""max"": 130}]",False,"{""status"": ""ALERT"", ""verified"": false, ""proof_type"": ""Bulletproofs"", ""public_bounds"": {""min"": 120, ""max"": 130, ""parameter"": ""systolic_bp""}, ""reason"": ""device reports reading outside range; no range proof was produced""}","{""status"": ""OUT_OF_RANGE"", ""message"": ""Device reported a reading outside the selected range; clinical review is needed.""}",,,0.08343260000037844,6.769875399999364,0.028433299999960582,6.891500300000189,"[[""Hypertension guideline.pdf"", ""Hypertension guideline.pdf"", ""Hypertension guideline.pdf""]]","[{""parameter"": ""systolic_bp"", ""min"": 120, ""max"": 130}]",False,"{""status"": ""ALERT"", ""verified"": false, ""proof_type"": ""Bulletproofs"", ""public_bounds"": {""min"": 120, ""max"": 130, ""parameter"": ""systolic_bp""}, ""reason"": ""device reports reading outside range; no range proof was produced""}","{""status"": ""OUT_OF_RANGE"", ""message"": ""Device reported a reading outside the selected range; clinical review is needed.""}",,
100014,14,,,0.07961959999920509,5.451835400001073,,5.5400196999999025,"[[""Hypertension guideline.pdf"", ""Heart Failure guideline.pdf"", ""Hypertension guideline.pdf""]]",,,,,ValueError: Unsupported model parameter: 'blood_pressure',bounds,0.08911950000037905,13.541583300000639,,13.64134120000017,"[[""Hypertension guideline.pdf"", ""Heart Failure guideline.pdf"", ""Hypertension guideline.pdf""]]",,,,,ValueError: Unsupported model parameter: 'blood_pressure',bounds
100015,15,,,0.08651470000040717,13.738519299999098,,13.835703300001114,"[[""Hypertension guideline.pdf"", ""Heart Failure guideline.pdf"", ""Hypertension guideline.pdf""]]",,,,,ValueError: Unsupported model parameter: 'blood_pressure',bounds,0.07770150000033027,5.679531400000997,,5.76713060000111,"[[""Hypertension guideline.pdf"", ""Heart Failure guideline.pdf"", ""Hypertension guideline.pdf""]]",,,,,ValueError: Unsupported model parameter: 'blood_pressure',bounds
100016,16,True,True,0.10257620000083989,6.77637969999887,0.02982960000008461,6.92079300000114,"[[""Hypertension guideline.pdf"", ""Hypertension guideline.pdf"", ""Hypertension guideline.pdf""]]","[{""parameter"": ""systolic_bp"", ""min"": 120, ""max"": 140}]",False,"{""status"": ""ALERT"", ""verified"": false, ""proof_type"": ""Bulletproofs"", ""public_bounds"": {""min"": 120, ""max"": 140, ""parameter"": ""systolic_bp""}, ""reason"": ""device reports reading outside range; no range proof was produced""}","{""status"": ""OUT_OF_RANGE"", ""message"": ""Device reported a reading outside the selected range; clinical review is needed.""}",,,0.12641590000021097,16.657106000000567,0.04304980000051728,16.845403100000112,"[[""Hypertension guideline.pdf"", ""Hypertension guideline.pdf"", ""Hypertension guideline.pdf""]]","[{""parameter"": ""systolic_bp"", ""min"": 120, ""max"": 140}]",False,"{""status"": ""ALERT"", ""verified"": false, ""proof_type"": ""Bulletproofs"", ""public_bounds"": {""min"": 120, ""max"": 140, ""parameter"": ""systolic_bp""}, ""reason"": ""device reports reading outside range; no range proof was produced""}","{""status"": ""OUT_OF_RANGE"", ""message"": ""Device reported a reading outside the selected range; clinical review is needed.""}",,
100017,17,,,0.0856482999988657,13.600369600000704,,13.695527899999433,"[[""Hypertension guideline.pdf"", ""Heart Failure guideline.pdf"", ""Hypertension guideline.pdf""]]",,,,,ValueError: Unsupported model parameter: 'blood_pressure',bounds,0.18391949999931967,5.3969071000010445,,5.592021399999794,"[[""Hypertension guideline.pdf"", ""Heart Failure guideline.pdf"", ""Hypertension guideline.pdf""]]",,,,,ValueError: Unsupported model parameter: 'blood_pressure',bounds
100018,18,False,True,0.08176220000132162,5.550869699998657,0.027465099999972153,5.6691482000005635,"[[""Heart Failure guideline.pdf"", ""Heart Failure guideline.pdf"", ""Heart Failure guideline.pdf""]]","[{""parameter"": ""hemoglobin"", ""min"": 12, ""max"": 15}]",False,"{""status"": ""ALERT"", ""verified"": false, ""proof_type"": ""Bulletproofs"", ""public_bounds"": {""min"": 12, ""max"": 15, ""parameter"": ""hemoglobin""}, ""reason"": ""device reports reading outside range; no range proof was produced""}","{""status"": ""OUT_OF_RANGE"", ""message"": ""Device reported a reading outside the selected range; clinical review is needed.""}",,,0.0900911000007909,17.336067000000185,0.02293189999909373,17.46060849999958,"[[""Heart Failure guideline.pdf"", ""Heart Failure guideline.pdf"", ""Heart Failure guideline.pdf""]]","[{""parameter"": ""systolic_bp"", ""min"": 120, ""max"": 130}]",False,"{""status"": ""ALERT"", ""verified"": false, ""proof_type"": ""Bulletproofs"", ""public_bounds"": {""min"": 120, ""max"": 130, ""parameter"": ""systolic_bp""}, ""reason"": ""device reports reading outside range; no range proof was produced""}","{""status"": ""OUT_OF_RANGE"", ""message"": ""Device reported a reading outside the selected range; clinical review is needed.""}",,
100019,19,True,True,0.08185780000167142,18.810266099997534,0.026063100000101258,18.928533599999355,"[[""Heart Failure guideline.pdf"", ""Heart Failure guideline.pdf"", ""Heart Failure guideline.pdf""]]","[{""parameter"": ""heart_rate"", ""min"": 60, ""max"": 100}]",False,"{""status"": ""ALERT"", ""verified"": false, ""proof_type"": ""Bulletproofs"", ""public_bounds"": {""min"": 60, ""max"": 100, ""parameter"": ""heart_rate""}, ""reason"": ""device reports reading outside range; no range proof was produced""}","{""status"": ""OUT_OF_RANGE"", ""message"": ""Device reported a reading outside the selected range; clinical review is needed.""}",,,0.07686910000120406,5.499555999998847,0.02723890000015672,5.614478699999381,"[[""Heart Failure guideline.pdf"", ""Heart Failure guideline.pdf"", ""Heart Failure guideline.pdf""]]","[{""parameter"": ""heart_rate"", ""min"": 60, ""max"": 100}]",False,"{""status"": ""ALERT"", ""verified"": false, ""proof_type"": ""Bulletproofs"", ""public_bounds"": {""min"": 60, ""max"": 100, ""parameter"": ""heart_rate""}, ""reason"": ""device reports reading outside range; no range proof was produced""}","{""status"": ""OUT_OF_RANGE"", ""message"": ""Device reported a reading outside the selected range; clinical review is needed.""}",,
100020,20,True,True,0.09456880000107049,6.740640299998631,0.024624300000141375,6.869093600000269,"[[""Hypertension guideline.pdf"", ""Hypertension guideline.pdf"", ""Hypertension guideline.pdf""]]","[{""parameter"": ""systolic_bp"", ""min"": 90, ""max"": 120}]",False,"{""status"": ""ALERT"", ""verified"": false, ""proof_type"": ""Bulletproofs"", ""public_bounds"": {""min"": 90, ""max"": 120, ""parameter"": ""systolic_bp""}, ""reason"": ""device reports reading outside range; no range proof was produced""}","{""status"": ""OUT_OF_RANGE"", ""message"": ""Device reported a reading outside the selected range; clinical review is needed.""}",,,0.08499339999980293,16.014437899999393,0.03230410000105621,16.142999199999394,"[[""Hypertension guideline.pdf"", ""Hypertension guideline.pdf"", ""Hypertension guideline.pdf""]]","[{""parameter"": ""systolic_bp"", ""min"": 90, ""max"": 120}]",False,"{""status"": ""ALERT"", ""verified"": false, ""proof_type"": ""Bulletproofs"", ""public_bounds"": {""min"": 90, ""max"": 120, ""parameter"": ""systolic_bp""}, ""reason"": ""device reports reading outside range; no range proof was produced""}","{""status"": ""OUT_OF_RANGE"", ""message"": ""Device reported a reading outside the selected range; clinical review is needed.""}",,
100021,21,True,True,0.07986529999834602,15.476731000000655,0.19073480000042764,15.754759900000863,"[[""Hypertension guideline.pdf"", ""Hypertension guideline.pdf"", ""Hypertension guideline.pdf""]]","[{""parameter"": ""systolic_bp"", ""min"": 120, ""max"": 140}]",True,"{""status"": ""NORMAL"", ""verified"": true, ""proof_type"": ""Bulletproofs"", ""public_bounds"": {""min"": 120, ""max"": 140, ""parameter"": ""systolic_bp""}, ""proof_size_bytes"": 800, ""prove_ms"": 45.762, ""verify_ms"": 3.74, ""zkp_process_ms"": 186.22379999942495, ""zkp_prove_ms"": 45.762, ""zkp_verify_ms"": 3.74}","{""status"": ""IN_RANGE"", ""message"": ""Verified reading(s) are within the selected range(s).""}",,,0.06896389999928942,6.722555500002272,0.10911669999950391,6.9083806999988155,"[[""Hypertension guideline.pdf"", ""Hypertension guideline.pdf"", ""Hypertension guideline.pdf""]]","[{""parameter"": ""systolic_bp"", ""min"": 120, ""max"": 140}]",True,"{""status"": ""NORMAL"", ""verified"": true, ""proof_type"": ""Bulletproofs"", ""public_bounds"": {""min"": 120, ""max"": 140, ""parameter"": ""systolic_bp""}, ""proof_size_bytes"": 800, ""prove_ms"": 42.14, ""verify_ms"": 7.058, ""zkp_process_ms"": 103.42839999975695, ""zkp_prove_ms"": 42.14, ""zkp_verify_ms"": 7.058}","{""status"": ""IN_RANGE"", ""message"": ""Verified reading(s) are within the selected range(s).""}",,
100022,22,,,0.09375949999957811,6.954486600001474,,7.060905899999852,"[[""Diabetes guideline.pdf"", ""Diabetes guideline.pdf"", ""Diabetes guideline.pdf""]]",,,,,ValueError: Unsupported model parameter: 'BMI',bounds,0.07511730000078387,14.816139399999884,,14.899323300000106,"[[""Diabetes guideline.pdf"", ""Diabetes guideline.pdf"", ""Diabetes guideline.pdf""]]",,,,,ValueError: Unsupported model parameter: 'BMI',bounds
100023,23,True,True,0.07914140000139014,14.920721499998763,0.03511639999851468,15.044748499998605,"[[""Hypertension guideline.pdf"", ""Hypertension guideline.pdf"", ""Hypertension guideline.pdf""]]","[{""parameter"": ""systolic_bp"", ""min"": 120, ""max"": 130}]",False,"{""status"": ""ALERT"", ""verified"": false, ""proof_type"": ""Bulletproofs"", ""public_bounds"": {""min"": 120, ""max"": 130, ""parameter"": ""systolic_bp""}, ""reason"": ""device reports reading outside range; no range proof was produced""}","{""status"": ""OUT_OF_RANGE"", ""message"": ""Device reported a reading outside the selected range; clinical review is needed.""}",,,0.08644829999866488,6.792829800000618,0.030614100000093458,6.92111819999991,"[[""Hypertension guideline.pdf"", ""Hypertension guideline.pdf"", ""Hypertension guideline.pdf""]]","[{""parameter"": ""systolic_bp"", ""min"": 120, ""max"": 130}]",False,"{""status"": ""ALERT"", ""verified"": false, ""proof_type"": ""Bulletproofs"", ""public_bounds"": {""min"": 120, ""max"": 130, ""parameter"": ""systolic_bp""}, ""reason"": ""device reports reading outside range; no range proof was produced""}","{""status"": ""OUT_OF_RANGE"", ""message"": ""Device reported a reading outside the selected range; clinical review is needed.""}",,
100024,24,True,True,0.08772119999957795,6.791530000000421,0.02674250000018219,6.917708400000265,"[[""Hypertension guideline.pdf"", ""Heart Failure guideline.pdf"", ""Hypertension guideline.pdf""]]","[{""parameter"": ""systolic_bp"", ""min"": 120, ""max"": 130}]",False,"{""status"": ""ALERT"", ""verified"": false, ""proof_type"": ""Bulletproofs"", ""public_bounds"": {""min"": 120, ""max"": 130, ""parameter"": ""systolic_bp""}, ""reason"": ""device reports reading outside range; no range proof was produced""}","{""status"": ""OUT_OF_RANGE"", ""message"": ""Device reported a reading outside the selected range; clinical review is needed.""}",,,0.09477530000003753,16.36665240000002,0.028023599999869475,16.499655699999494,"[[""Hypertension guideline.pdf"", ""Heart Failure guideline.pdf"", ""Hypertension guideline.pdf""]]","[{""parameter"": ""systolic_bp"", ""min"": 120, ""max"": 130}]",False,"{""status"": ""ALERT"", ""verified"": false, ""proof_type"": ""Bulletproofs"", ""public_bounds"": {""min"": 120, ""max"": 130, ""parameter"": ""systolic_bp""}, ""reason"": ""device reports reading outside range; no range proof was produced""}","{""status"": ""OUT_OF_RANGE"", ""message"": ""Device reported a reading outside the selected range; clinical review is needed.""}",,
100025,25,,,0.08024380000097153,13.572180999999546,,13.663271400000667,"[[""Hypertension guideline.pdf"", ""Heart Failure guideline.pdf"", ""Hypertension guideline.pdf""]]",,,,,ValueError: Unsupported model parameter: 'blood_pressure',bounds,0.08458249999966938,5.530796700000792,,5.628032200000234,"[[""Hypertension guideline.pdf"", ""Heart Failure guideline.pdf"", ""Hypertension guideline.pdf""]]",,,,,ValueError: Unsupported model parameter: 'blood_pressure',bounds
100026,26,,,0.09911420000025828,6.883469500000501,,6.993120300001465,"[[""Diabetes guideline.pdf"", ""Diabetes guideline.pdf"", ""Diabetes guideline.pdf""]]",,,,,ValueError: Unsupported model parameter: 'blood_glucose_level',bounds,0.08029700000042794,14.969897700000729,,15.06907019999926,"[[""Diabetes guideline.pdf"", ""Diabetes guideline.pdf"", ""Diabetes guideline.pdf""]]",,,,,ValueError: Unsupported model parameter: 'blood_glucose_level',bounds
100027,27,True,True,0.0965479000005871,15.393450199999279,0.03509170000143058,15.538629999999102,"[[""Hypertension guideline.pdf"", ""Hypertension guideline.pdf"", ""Hypertension guideline.pdf""]]","[{""parameter"": ""systolic_bp"", ""min"": 120, ""max"": 140}]",False,"{""status"": ""ALERT"", ""verified"": false, ""proof_type"": ""Bulletproofs"", ""public_bounds"": {""min"": 120, ""max"": 140, ""parameter"": ""systolic_bp""}, ""reason"": ""device reports reading outside range; no range proof was produced""}","{""status"": ""OUT_OF_RANGE"", ""message"": ""Device reported a reading outside the selected range; clinical review is needed.""}",,,0.08655799999905867,7.091185300001598,0.028067299999747775,7.217264799999612,"[[""Hypertension guideline.pdf"", ""Hypertension guideline.pdf"", ""Hypertension guideline.pdf""]]","[{""parameter"": ""systolic_bp"", ""min"": 120, ""max"": 140}]",False,"{""status"": ""ALERT"", ""verified"": false, ""proof_type"": ""Bulletproofs"", ""public_bounds"": {""min"": 120, ""max"": 140, ""parameter"": ""systolic_bp""}, ""reason"": ""device reports reading outside range; no range proof was produced""}","{""status"": ""OUT_OF_RANGE"", ""message"": ""Device reported a reading outside the selected range; clinical review is needed.""}",,
100028,28,True,True,0.0800598000005266,7.176352299999053,0.050546499998745276,7.315104700001029,"[[""Hypertension guideline.pdf"", ""Hypertension guideline.pdf"", ""Hypertension guideline.pdf""]]","[{""parameter"": ""systolic_bp"", ""min"": 130, ""max"": 139}]",False,"{""status"": ""ALERT"", ""verified"": false, ""proof_type"": ""Bulletproofs"", ""public_bounds"": {""min"": 130, ""max"": 139, ""parameter"": ""systolic_bp""}, ""reason"": ""device reports reading outside range; no range proof was produced""}","{""status"": ""OUT_OF_RANGE"", ""message"": ""Device reported a reading outside the selected range; clinical review is needed.""}",,,0.09120500000062748,13.994887699998799,0.03417720000106783,14.129982599999494,"[[""Hypertension guideline.pdf"", ""Hypertension guideline.pdf"", ""Hypertension guideline.pdf""]]","[{""parameter"": ""systolic_bp"", ""min"": 130, ""max"": 139}]",False,"{""status"": ""ALERT"", ""verified"": false, ""proof_type"": ""Bulletproofs"", ""public_bounds"": {""min"": 130, ""max"": 139, ""parameter"": ""systolic_bp""}, ""reason"": ""device reports reading outside range; no range proof was produced""}","{""status"": ""OUT_OF_RANGE"", ""message"": ""Device reported a reading outside the selected range; clinical review is needed.""}",,
100029,29,True,True,0.11301629999979923,17.051628699999128,0.19870629999968514,17.378975499999797,"[[""Heart Failure guideline.pdf"", ""Heart Failure guideline.pdf"", ""Heart Failure guideline.pdf""]]","[{""parameter"": ""systolic_bp"", ""min"": 90, ""max"": 120}]",True,"{""status"": ""NORMAL"", ""verified"": true, ""proof_type"": ""Bulletproofs"", ""public_bounds"": {""min"": 90, ""max"": 120, ""parameter"": ""systolic_bp""}, ""proof_size_bytes"": 800, ""prove_ms"": 108.023, ""verify_ms"": 9.392, ""zkp_process_ms"": 191.51199999942037, ""zkp_prove_ms"": 108.023, ""zkp_verify_ms"": 9.392}","{""status"": ""IN_RANGE"", ""message"": ""Verified reading(s) are within the selected range(s).""}",,,0.10462420000112616,6.71735819999958,0.3367934999987483,7.175777700000253,"[[""Heart Failure guideline.pdf"", ""Heart Failure guideline.pdf"", ""Heart Failure guideline.pdf""]]","[{""parameter"": ""systolic_bp"", ""min"": 90, ""max"": 120}]",True,"{""status"": ""NORMAL"", ""verified"": true, ""proof_type"": ""Bulletproofs"", ""public_bounds"": {""min"": 90, ""max"": 120, ""parameter"": ""systolic_bp""}, ""proof_size_bytes"": 800, ""prove_ms"": 88.885, ""verify_ms"": 8.84, ""zkp_process_ms"": 280.4047999998147, ""zkp_prove_ms"": 88.885, ""zkp_verify_ms"": 8.84}","{""status"": ""IN_RANGE"", ""message"": ""Verified reading(s) are within the selected range(s).""}",,
100030,30,True,True,0.16042639999977837,11.550365400000373,0.03086500000063097,11.76128609999978,"[[""Heart Failure guideline.pdf"", ""Heart Failure guideline.pdf"", ""Heart Failure guideline.pdf""]]","[{""parameter"": ""hemoglobin"", ""min"": 12, ""max"": 15}]",False,"{""status"": ""ALERT"", ""verified"": false, ""proof_type"": ""Bulletproofs"", ""public_bounds"": {""min"": 12, ""max"": 15, ""parameter"": ""hemoglobin""}, ""reason"": ""device reports reading outside range; no range proof was produced""}","{""status"": ""OUT_OF_RANGE"", ""message"": ""Device reported a reading outside the selected range; clinical review is needed.""}",,,0.12765859999854,31.950896600001215,0.056232199998703436,32.15408560000105,"[[""Heart Failure guideline.pdf"", ""Heart Failure guideline.pdf"", ""Heart Failure guideline.pdf""]]","[{""parameter"": ""hemoglobin"", ""min"": 12, ""max"": 15}]",False,"{""status"": ""ALERT"", ""verified"": false, ""proof_type"": ""Bulletproofs"", ""public_bounds"": {""min"": 12, ""max"": 15, ""parameter"": ""hemoglobin""}, ""reason"": ""device reports reading outside range; no range proof was produced""}","{""status"": ""OUT_OF_RANGE"", ""message"": ""Device reported a reading outside the selected range; clinical review is needed.""}",,
100031,31,,,0.32035150000046997,29.378438199999437,,29.70949280000059,"[[""Heart Failure guideline.pdf"", ""Heart Failure guideline.pdf"", ""Heart Failure guideline.pdf""]]",,,,,ValueError: Unsupported model parameter: 'atrial_fibrillation_rate',bounds,0.3212884999993548,8.30134900000121,,8.637256900001375,"[[""Heart Failure guideline.pdf"", ""Heart Failure guideline.pdf"", ""Heart Failure guideline.pdf""]]",,,,,ValueError: Unsupported model parameter: 'atrial_fibrillation_rate',bounds
100032,32,True,True,0.09072900000137452,7.0319248999985575,0.02625860000080138,7.1619339999997464,"[[""Heart Failure guideline.pdf"", ""Heart Failure guideline.pdf"", ""Heart Failure guideline.pdf""]]","[{""parameter"": ""systolic_bp"", ""min"": 90, ""max"": 120}]",False,"{""status"": ""ALERT"", ""verified"": false, ""proof_type"": ""Bulletproofs"", ""public_bounds"": {""min"": 90, ""max"": 120, ""parameter"": ""systolic_bp""}, ""reason"": ""device reports reading outside range; no range proof was produced""}","{""status"": ""OUT_OF_RANGE"", ""message"": ""Device reported a reading outside the selected range; clinical review is needed.""}",,,0.11757880000004661,21.354876100000183,0.035037999999985914,21.524729099999604,"[[""Heart Failure guideline.pdf"", ""Heart Failure guideline.pdf"", ""Heart Failure guideline.pdf""]]","[{""parameter"": ""systolic_bp"", ""min"": 90, ""max"": 120}]",False,"{""status"": ""ALERT"", ""verified"": false, ""proof_type"": ""Bulletproofs"", ""public_bounds"": {""min"": 90, ""max"": 120, ""parameter"": ""systolic_bp""}, ""reason"": ""device reports reading outside range; no range proof was produced""}","{""status"": ""OUT_OF_RANGE"", ""message"": ""Device reported a reading outside the selected range; clinical review is needed.""}",,
100033,33,True,True,0.0857030000006489,14.287306099999114,0.0260987000001478,14.40866509999978,"[[""Hypertension guideline.pdf"", ""Hypertension guideline.pdf"", ""Hypertension guideline.pdf""]]","[{""parameter"": ""systolic_bp"", ""min"": 120, ""max"": 130}]",False,"{""status"": ""ALERT"", ""verified"": false, ""proof_type"": ""Bulletproofs"", ""public_bounds"": {""min"": 120, ""max"": 130, ""parameter"": ""systolic_bp""}, ""reason"": ""device reports reading outside range; no range proof was produced""}","{""status"": ""OUT_OF_RANGE"", ""message"": ""Device reported a reading outside the selected range; clinical review is needed.""}",,,0.0817194000010204,6.444345399999293,0.03951099999903818,6.576210799999899,"[[""Hypertension guideline.pdf"", ""Hypertension guideline.pdf"", ""Hypertension guideline.pdf""]]","[{""parameter"": ""systolic_bp"", ""min"": 120, ""max"": 130}]",False,"{""status"": ""ALERT"", ""verified"": false, ""proof_type"": ""Bulletproofs"", ""public_bounds"": {""min"": 120, ""max"": 130, ""parameter"": ""systolic_bp""}, ""reason"": ""device reports reading outside range; no range proof was produced""}","{""status"": ""OUT_OF_RANGE"", ""message"": ""Device reported a reading outside the selected range; clinical review is needed.""}",,
100034,34,True,True,0.09016650000012305,5.895493599999099,0.024096799999824725,6.019395199999053,"[[""Heart Failure guideline.pdf"", ""Heart Failure guideline.pdf"", ""Heart Failure guideline.pdf""]]","[{""parameter"": ""systolic_bp"", ""min"": 90, ""max"": 120}]",False,"{""status"": ""ALERT"", ""verified"": false, ""proof_type"": ""Bulletproofs"", ""public_bounds"": {""min"": 90, ""max"": 120, ""parameter"": ""systolic_bp""}, ""reason"": ""device reports reading outside range; no range proof was produced""}","{""status"": ""OUT_OF_RANGE"", ""message"": ""Device reported a reading outside the selected range; clinical review is needed.""}",,,0.07070139999996172,15.901059399999212,0.024428900000202702,16.007539700000052,"[[""Heart Failure guideline.pdf"", ""Heart Failure guideline.pdf"", ""Heart Failure guideline.pdf""]]","[{""parameter"": ""systolic_bp"", ""min"": 90, ""max"": 120}]",False,"{""status"": ""ALERT"", ""verified"": false, ""proof_type"": ""Bulletproofs"", ""public_bounds"": {""min"": 90, ""max"": 120, ""parameter"": ""systolic_bp""}, ""reason"": ""device reports reading outside range; no range proof was produced""}","{""status"": ""OUT_OF_RANGE"", ""message"": ""Device reported a reading outside the selected range; clinical review is needed.""}",,
100035,35,True,True,0.08611589999964053,13.570812600000863,0.031243699999322416,13.696180999999342,"[[""Hypertension guideline.pdf"", ""Hypertension guideline.pdf"", ""Hypertension guideline.pdf""]]","[{""parameter"": ""systolic_bp"", ""min"": 130, ""max"": 139}]",False,"{""status"": ""ALERT"", ""verified"": false, ""proof_type"": ""Bulletproofs"", ""public_bounds"": {""min"": 130, ""max"": 139, ""parameter"": ""systolic_bp""}, ""reason"": ""device reports reading outside range; no range proof was produced""}","{""status"": ""OUT_OF_RANGE"", ""message"": ""Device reported a reading outside the selected range; clinical review is needed.""}",,,0.08392789999925299,6.844247799999721,0.024718100001337007,6.966039099999762,"[[""Hypertension guideline.pdf"", ""Hypertension guideline.pdf"", ""Hypertension guideline.pdf""]]","[{""parameter"": ""systolic_bp"", ""min"": 130, ""max"": 139}]",False,"{""status"": ""ALERT"", ""verified"": false, ""proof_type"": ""Bulletproofs"", ""public_bounds"": {""min"": 130, ""max"": 139, ""parameter"": ""systolic_bp""}, ""reason"": ""device reports reading outside range; no range proof was produced""}","{""status"": ""OUT_OF_RANGE"", ""message"": ""Device reported a reading outside the selected range; clinical review is needed.""}",,
100036,36,True,True,0.07424490000084916,5.870025800000803,0.026581000000078348,5.980340599999181,"[[""Heart Failure guideline.pdf"", ""Heart Failure guideline.pdf"", ""Heart Failure guideline.pdf""]]","[{""parameter"": ""systolic_bp"", ""min"": 90, ""max"": 120}]",False,"{""status"": ""ALERT"", ""verified"": false, ""proof_type"": ""Bulletproofs"", ""public_bounds"": {""min"": 90, ""max"": 120, ""parameter"": ""systolic_bp""}, ""reason"": ""device reports reading outside range; no range proof was produced""}","{""status"": ""OUT_OF_RANGE"", ""message"": ""Device reported a reading outside the selected range; clinical review is needed.""}",,,0.08598390000042855,15.653425299999071,0.027378400000088732,15.775748899999599,"[[""Heart Failure guideline.pdf"", ""Heart Failure guideline.pdf"", ""Heart Failure guideline.pdf""]]","[{""parameter"": ""systolic_bp"", ""min"": 90, ""max"": 120}]",False,"{""status"": ""ALERT"", ""verified"": false, ""proof_type"": ""Bulletproofs"", ""public_bounds"": {""min"": 90, ""max"": 120, ""parameter"": ""systolic_bp""}, ""reason"": ""device reports reading outside range; no range proof was produced""}","{""status"": ""OUT_OF_RANGE"", ""message"": ""Device reported a reading outside the selected range; clinical review is needed.""}",,
100037,37,,,0.23887159999867436,13.643907300000137,,13.892831099999967,"[[""Diabetes guideline.pdf"", ""Hypertension guideline.pdf"", ""Hypertension guideline.pdf""]]",,,,,ValueError: Unsupported model parameter: 'peak_flow',bounds,0.07177439999941271,5.182053300000916,,5.264313199999378,"[[""Diabetes guideline.pdf"", ""Hypertension guideline.pdf"", ""Hypertension guideline.pdf""]]",,,,,ValueError: Unsupported model parameter: 'peak_flow',bounds
100038,38,True,True,0.1618231000011292,6.373709899999085,0.027012299999114475,6.574865400001727,"[[""Hypertension guideline.pdf"", ""Hypertension guideline.pdf"", ""Hypertension guideline.pdf""]]","[{""parameter"": ""systolic_bp"", ""min"": 130, ""max"": 139}]",False,"{""status"": ""ALERT"", ""verified"": false, ""proof_type"": ""Bulletproofs"", ""public_bounds"": {""min"": 130, ""max"": 139, ""parameter"": ""systolic_bp""}, ""reason"": ""device reports reading outside range; no range proof was produced""}","{""status"": ""OUT_OF_RANGE"", ""message"": ""Device reported a reading outside the selected range; clinical review is needed.""}",,,0.07599499999923864,13.485671300000831,0.028855800001110765,13.60068659999888,"[[""Hypertension guideline.pdf"", ""Hypertension guideline.pdf"", ""Hypertension guideline.pdf""]]","[{""parameter"": ""systolic_bp"", ""min"": 130, ""max"": 139}]",False,"{""status"": ""ALERT"", ""verified"": false, ""proof_type"": ""Bulletproofs"", ""public_bounds"": {""min"": 130, ""max"": 139, ""parameter"": ""systolic_bp""}, ""reason"": ""device reports reading outside range; no range proof was produced""}","{""status"": ""OUT_OF_RANGE"", ""message"": ""Device reported a reading outside the selected range; clinical review is needed.""}",,
100039,39,True,True,0.0794664000004559,17.214567999999417,0.043512800000826246,17.348754999999073,"[[""Heart Failure guideline.pdf"", ""Heart Failure guideline.pdf"", ""Heart Failure guideline.pdf""]]","[{""parameter"": ""systolic_bp"", ""min"": 90, ""max"": 120}]",False,"{""status"": ""ALERT"", ""verified"": false, ""proof_type"": ""Bulletproofs"", ""public_bounds"": {""min"": 90, ""max"": 120, ""parameter"": ""systolic_bp""}, ""reason"": ""device reports reading outside range; no range proof was produced""}","{""status"": ""OUT_OF_RANGE"", ""message"": ""Device reported a reading outside the selected range; clinical review is needed.""}",,,0.07732389999910083,6.575218500001938,0.025134899999102345,6.684811999999511,"[[""Heart Failure guideline.pdf"", ""Heart Failure guideline.pdf"", ""Heart Failure guideline.pdf""]]","[{""parameter"": ""systolic_bp"", ""min"": 90, ""max"": 120}]",False,"{""status"": ""ALERT"", ""verified"": false, ""proof_type"": ""Bulletproofs"", ""public_bounds"": {""min"": 90, ""max"": 120, ""parameter"": ""systolic_bp""}, ""reason"": ""device reports reading outside range; no range proof was produced""}","{""status"": ""OUT_OF_RANGE"", ""message"": ""Device reported a reading outside the selected range; clinical review is needed.""}",,
100040,40,,,0.09353960000044026,5.803748299998915,,5.9083558000002085,"[[""Diabetes guideline.pdf"", ""Diabetes guideline.pdf"", ""Diabetes guideline.pdf""]]",,,,,ValueError: Unsupported model parameter: 'BMI',bounds,0.080360699999801,12.664314000001468,,12.756360699999277,"[[""Diabetes guideline.pdf"", ""Diabetes guideline.pdf"", ""Diabetes guideline.pdf""]]",,,,,ValueError: Unsupported model parameter: 'BMI',bounds
100041,41,True,True,0.08173790000000736,14.99654290000035,0.02466450000065379,15.113154999999097,"[[""Hypertension guideline.pdf"", ""Hypertension guideline.pdf"", ""Hypertension guideline.pdf""]]","[{""parameter"": ""systolic_bp"", ""min"": 120, ""max"": 140}]",False,"{""status"": ""ALERT"", ""verified"": false, ""proof_type"": ""Bulletproofs"", ""public_bounds"": {""min"": 120, ""max"": 140, ""parameter"": ""systolic_bp""}, ""reason"": ""device reports reading outside range; no range proof was produced""}","{""status"": ""OUT_OF_RANGE"", ""message"": ""Device reported a reading outside the selected range; clinical review is needed.""}",,,0.0777538000002096,6.37844369999948,0.0250757000012527,6.491892399999415,"[[""Hypertension guideline.pdf"", ""Hypertension guideline.pdf"", ""Hypertension guideline.pdf""]]","[{""parameter"": ""systolic_bp"", ""min"": 120, ""max"": 140}]",False,"{""status"": ""ALERT"", ""verified"": false, ""proof_type"": ""Bulletproofs"", ""public_bounds"": {""min"": 120, ""max"": 140, ""parameter"": ""systolic_bp""}, ""reason"": ""device reports reading outside range; no range proof was produced""}","{""status"": ""OUT_OF_RANGE"", ""message"": ""Device reported a reading outside the selected range; clinical review is needed.""}",,
100042,42,True,True,0.07074040000043169,5.328434999999445,0.10787019999952463,5.517162500000268,"[[""Heart Failure guideline.pdf"", ""Heart Failure guideline.pdf"", ""Heart Failure guideline.pdf""]]","[{""parameter"": ""heart_rate"", ""min"": 60, ""max"": 100}]",True,"{""status"": ""NORMAL"", ""verified"": true, ""proof_type"": ""Bulletproofs"", ""public_bounds"": {""min"": 60, ""max"": 100, ""parameter"": ""heart_rate""}, ""proof_size_bytes"": 800, ""prove_ms"": 51.892, ""verify_ms"": 7.086, ""zkp_process_ms"": 102.02460000073188, ""zkp_prove_ms"": 51.892, ""zkp_verify_ms"": 7.086}","{""status"": ""IN_RANGE"", ""message"": ""Verified reading(s) are within the selected range(s).""}",,,0.09718310000062047,16.944023100000777,0.12715050000042538,17.179536599998755,"[[""Heart Failure guideline.pdf"", ""Heart Failure guideline.pdf"", ""Heart Failure guideline.pdf""]]","[{""parameter"": ""heart_rate"", ""min"": 60, ""max"": 100}]",True,"{""status"": ""NORMAL"", ""verified"": true, ""proof_type"": ""Bulletproofs"", ""public_bounds"": {""min"": 60, ""max"": 100, ""parameter"": ""heart_rate""}, ""proof_size_bytes"": 800, ""prove_ms"": 54.982, ""verify_ms"": 5.696, ""zkp_process_ms"": 122.62329999975918, ""zkp_prove_ms"": 54.982, ""zkp_verify_ms"": 5.696}","{""status"": ""IN_RANGE"", ""message"": ""Verified reading(s) are within the selected range(s).""}",,
100043,43,True,True,0.07079890000022715,15.388488799999323,0.023873999998613726,15.492976800000179,"[[""Heart Failure guideline.pdf"", ""Heart Failure guideline.pdf"", ""Heart Failure guideline.pdf""]]","[{""parameter"": ""systolic_bp"", ""min"": 90, ""max"": 120}]",False,"{""status"": ""ALERT"", ""verified"": false, ""proof_type"": ""Bulletproofs"", ""public_bounds"": {""min"": 90, ""max"": 120, ""parameter"": ""systolic_bp""}, ""reason"": ""device reports reading outside range; no range proof was produced""}","{""status"": ""OUT_OF_RANGE"", ""message"": ""Device reported a reading outside the selected range; clinical review is needed.""}",,,0.07455110000046261,5.758518999999069,0.024618900000859867,5.865302400001383,"[[""Heart Failure guideline.pdf"", ""Heart Failure guideline.pdf"", ""Heart Failure guideline.pdf""]]","[{""parameter"": ""systolic_bp"", ""min"": 90, ""max"": 120}]",False,"{""status"": ""ALERT"", ""verified"": false, ""proof_type"": ""Bulletproofs"", ""public_bounds"": {""min"": 90, ""max"": 120, ""parameter"": ""systolic_bp""}, ""reason"": ""device reports reading outside range; no range proof was produced""}","{""status"": ""OUT_OF_RANGE"", ""message"": ""Device reported a reading outside the selected range; clinical review is needed.""}",,
100044,44,True,True,0.07507059999988996,5.315931200000705,0.11254320000080043,5.512740100000883,"[[""Heart Failure guideline.pdf"", ""Heart Failure guideline.pdf"", ""Heart Failure guideline.pdf""]]","[{""parameter"": ""heart_rate"", ""min"": 60, ""max"": 100}]",True,"{""status"": ""NORMAL"", ""verified"": true, ""proof_type"": ""Bulletproofs"", ""public_bounds"": {""min"": 60, ""max"": 100, ""parameter"": ""heart_rate""}, ""proof_size_bytes"": 800, ""prove_ms"": 41.47, ""verify_ms"": 8.583, ""zkp_process_ms"": 107.09209999913583, ""zkp_prove_ms"": 41.47, ""zkp_verify_ms"": 8.583}","{""status"": ""IN_RANGE"", ""message"": ""Verified reading(s) are within the selected range(s).""}",,,0.09016499999961525,17.005711800000427,0.1171690999999555,17.225814100000207,"[[""Heart Failure guideline.pdf"", ""Heart Failure guideline.pdf"", ""Heart Failure guideline.pdf""]]","[{""parameter"": ""heart_rate"", ""min"": 60, ""max"": 100}]",True,"{""status"": ""NORMAL"", ""verified"": true, ""proof_type"": ""Bulletproofs"", ""public_bounds"": {""min"": 60, ""max"": 100, ""parameter"": ""heart_rate""}, ""proof_size_bytes"": 800, ""prove_ms"": 54.375, ""verify_ms"": 5.305, ""zkp_process_ms"": 112.39829999976791, ""zkp_prove_ms"": 54.375, ""zkp_verify_ms"": 5.305}","{""status"": ""IN_RANGE"", ""message"": ""Verified reading(s) are within the selected range(s).""}",,
100045,45,False,True,0.0852390000000014,15.706206900000325,0.031930799999827286,15.836814899999808,"[[""Heart Failure guideline.pdf"", ""Heart Failure guideline.pdf"", ""Heart Failure guideline.pdf""]]","[{""parameter"": ""hemoglobin"", ""min"": 12, ""max"": 15}]",False,"{""status"": ""ALERT"", ""verified"": false, ""proof_type"": ""Bulletproofs"", ""public_bounds"": {""min"": 12, ""max"": 15, ""parameter"": ""hemoglobin""}, ""reason"": ""device reports reading outside range; no range proof was produced""}","{""status"": ""OUT_OF_RANGE"", ""message"": ""Device reported a reading outside the selected range; clinical review is needed.""}",,,0.08456660000047123,5.767137899998488,0.02629019999949378,5.892685200000415,"[[""Heart Failure guideline.pdf"", ""Heart Failure guideline.pdf"", ""Heart Failure guideline.pdf""]]","[{""parameter"": ""systolic_bp"", ""min"": 120, ""max"": 130}]",False,"{""status"": ""ALERT"", ""verified"": false, ""proof_type"": ""Bulletproofs"", ""public_bounds"": {""min"": 120, ""max"": 130, ""parameter"": ""systolic_bp""}, ""reason"": ""device reports reading outside range; no range proof was produced""}","{""status"": ""OUT_OF_RANGE"", ""message"": ""Device reported a reading outside the selected range; clinical review is needed.""}",,
100046,46,,,0.08563549999962561,6.581905600000027,,6.682159899999533,"[[""Diabetes guideline.pdf"", ""Diabetes guideline.pdf"", ""Diabetes guideline.pdf""]]",,,,,ValueError: Unsupported model parameter: 'BMI',bounds,0.0801988999992318,13.88781740000013,,13.978188099999898,"[[""Diabetes guideline.pdf"", ""Diabetes guideline.pdf"", ""Diabetes guideline.pdf""]]",,,,,ValueError: Unsupported model parameter: 'BMI',bounds
100047,47,True,True,0.08695330000045942,16.943788100001257,0.027996200000416138,17.0717939999995,"[[""Heart Failure guideline.pdf"", ""Heart Failure guideline.pdf"", ""Heart Failure guideline.pdf""]]","[{""parameter"": ""heart_rate"", ""min"": 60, ""max"": 100}]",False,"{""status"": ""ALERT"", ""verified"": false, ""proof_type"": ""Bulletproofs"", ""public_bounds"": {""min"": 60, ""max"": 100, ""parameter"": ""heart_rate""}, ""reason"": ""device reports reading outside range; no range proof was produced""}","{""status"": ""OUT_OF_RANGE"", ""message"": ""Device reported a reading outside the selected range; clinical review is needed.""}",,,0.07512069999938831,5.346003900001961,0.022806499999205698,5.454068400000324,"[[""Heart Failure guideline.pdf"", ""Heart Failure guideline.pdf"", ""Heart Failure guideline.pdf""]]","[{""parameter"": ""heart_rate"", ""min"": 60, ""max"": 100}]",False,"{""status"": ""ALERT"", ""verified"": false, ""proof_type"": ""Bulletproofs"", ""public_bounds"": {""min"": 60, ""max"": 100, ""parameter"": ""heart_rate""}, ""reason"": ""device reports reading outside range; no range proof was produced""}","{""status"": ""OUT_OF_RANGE"", ""message"": ""Device reported a reading outside the selected range; clinical review is needed.""}",,
100048,48,True,True,0.0888598000001366,6.443415899999309,0.03618739999910758,6.5784332000002905,"[[""Hypertension guideline.pdf"", ""Hypertension guideline.pdf"", ""Hypertension guideline.pdf""]]","[{""parameter"": ""systolic_bp"", ""min"": 120, ""max"": 140}]",False,"{""status"": ""ALERT"", ""verified"": false, ""proof_type"": ""Bulletproofs"", ""public_bounds"": {""min"": 120, ""max"": 140, ""parameter"": ""systolic_bp""}, ""reason"": ""device reports reading outside range; no range proof was produced""}","{""status"": ""OUT_OF_RANGE"", ""message"": ""Device reported a reading outside the selected range; clinical review is needed.""}",,,0.07375299999876006,15.022035000001779,0.02798169999914535,15.134340799999336,"[[""Hypertension guideline.pdf"", ""Hypertension guideline.pdf"", ""Hypertension guideline.pdf""]]","[{""parameter"": ""systolic_bp"", ""min"": 120, ""max"": 140}]",False,"{""status"": ""ALERT"", ""verified"": false, ""proof_type"": ""Bulletproofs"", ""public_bounds"": {""min"": 120, ""max"": 140, ""parameter"": ""systolic_bp""}, ""reason"": ""device reports reading outside range; no range proof was produced""}","{""status"": ""OUT_OF_RANGE"", ""message"": ""Device reported a reading outside the selected range; clinical review is needed.""}",,
100049,49,True,True,0.10832510000000184,15.138475700001436,0.025585299999875133,15.285748500000409,"[[""Hypertension guideline.pdf"", ""Hypertension guideline.pdf"", ""Hypertension guideline.pdf""]]","[{""parameter"": ""systolic_bp"", ""min"": 120, ""max"": 140}]",False,"{""status"": ""ALERT"", ""verified"": false, ""proof_type"": ""Bulletproofs"", ""public_bounds"": {""min"": 120, ""max"": 140, ""parameter"": ""systolic_bp""}, ""reason"": ""device reports reading outside range; no range proof was produced""}","{""status"": ""OUT_OF_RANGE"", ""message"": ""Device reported a reading outside the selected range; clinical review is needed.""}",,,0.07623020000028191,6.315209200000027,0.023957000001246342,6.424972499999058,"[[""Hypertension guideline.pdf"", ""Hypertension guideline.pdf"", ""Hypertension guideline.pdf""]]","[{""parameter"": ""systolic_bp"", ""min"": 120, ""max"": 140}]",False,"{""status"": ""ALERT"", ""verified"": false, ""proof_type"": ""Bulletproofs"", ""public_bounds"": {""min"": 120, ""max"": 140, ""parameter"": ""systolic_bp""}, ""reason"": ""device reports reading outside range; no range proof was produced""}","{""status"": ""OUT_OF_RANGE"", ""message"": ""Device reported a reading outside the selected range; clinical review is needed.""}",,
100050,50,True,True,0.07836019999922428,6.386839800001326,0.027213499999561463,6.503236700000343,"[[""Hypertension guideline.pdf"", ""Hypertension guideline.pdf"", ""Hypertension guideline.pdf""]]","[{""parameter"": ""systolic_bp"", ""min"": 120, ""max"": 140}]",False,"{""status"": ""ALERT"", ""verified"": false, ""proof_type"": ""Bulletproofs"", ""public_bounds"": {""min"": 120, ""max"": 140, ""parameter"": ""systolic_bp""}, ""reason"": ""device reports reading outside range; no range proof was produced""}","{""status"": ""OUT_OF_RANGE"", ""message"": ""Device reported a reading outside the selected range; clinical review is needed.""}",,,0.07596430000012333,14.79668859999947,0.02302880000024743,14.921447799999441,"[[""Hypertension guideline.pdf"", ""Hypertension guideline.pdf"", ""Hypertension guideline.pdf""]]","[{""parameter"": ""systolic_bp"", ""min"": 120, ""max"": 140}]",False,"{""status"": ""ALERT"", ""verified"": false, ""proof_type"": ""Bulletproofs"", ""public_bounds"": {""min"": 120, ""max"": 140, ""parameter"": ""systolic_bp""}, ""reason"": ""device reports reading outside range; no range proof was produced""}","{""status"": ""OUT_OF_RANGE"", ""message"": ""Device reported a reading outside the selected range; clinical review is needed.""}",,
100051,51,True,True,0.0833769000000757,13.531293000000005,0.03448670000034326,13.660030099999858,"[[""Hypertension guideline.pdf"", ""Hypertension guideline.pdf"", ""Hypertension guideline.pdf""]]","[{""parameter"": ""systolic_bp"", ""min"": 120, ""max"": 130}]",False,"{""status"": ""ALERT"", ""verified"": false, ""proof_type"": ""Bulletproofs"", ""public_bounds"": {""min"": 120, ""max"": 130, ""parameter"": ""systolic_bp""}, ""reason"": ""device reports reading outside range; no range proof was produced""}","{""status"": ""OUT_OF_RANGE"", ""message"": ""Device reported a reading outside the selected range; clinical review is needed.""}",,,0.08729540000058478,6.464789599998767,0.027331599998433376,6.593104800000219,"[[""Hypertension guideline.pdf"", ""Hypertension guideline.pdf"", ""Hypertension guideline.pdf""]]","[{""parameter"": ""systolic_bp"", ""min"": 120, ""max"": 130}]",False,"{""status"": ""ALERT"", ""verified"": false, ""proof_type"": ""Bulletproofs"", ""public_bounds"": {""min"": 120, ""max"": 130, ""parameter"": ""systolic_bp""}, ""reason"": ""device reports reading outside range; no range proof was produced""}","{""status"": ""OUT_OF_RANGE"", ""message"": ""Device reported a reading outside the selected range; clinical review is needed.""}",,
100052,52,True,True,0.08005410000077973,6.304653099999996,0.026103000000148313,6.420354399999269,"[[""Hypertension guideline.pdf"", ""Hypertension guideline.pdf"", ""Hypertension guideline.pdf""]]","[{""parameter"": ""systolic_bp"", ""min"": 130, ""max"": 139}]",False,"{""status"": ""ALERT"", ""verified"": false, ""proof_type"": ""Bulletproofs"", ""public_bounds"": {""min"": 130, ""max"": 139, ""parameter"": ""systolic_bp""}, ""reason"": ""device reports reading outside range; no range proof was produced""}","{""status"": ""OUT_OF_RANGE"", ""message"": ""Device reported a reading outside the selected range; clinical review is needed.""}",,,0.08180970000103116,13.127867099998184,0.022899699999470613,13.240645699999732,"[[""Hypertension guideline.pdf"", ""Hypertension guideline.pdf"", ""Hypertension guideline.pdf""]]","[{""parameter"": ""systolic_bp"", ""min"": 130, ""max"": 139}]",False,"{""status"": ""ALERT"", ""verified"": false, ""proof_type"": ""Bulletproofs"", ""public_bounds"": {""min"": 130, ""max"": 139, ""parameter"": ""systolic_bp""}, ""reason"": ""device reports reading outside range; no range proof was produced""}","{""status"": ""OUT_OF_RANGE"", ""message"": ""Device reported a reading outside the selected range; clinical review is needed.""}",,
100053,53,True,True,0.0824572999990778,16.85527329999968,0.10078659999999218,17.04795980000017,"[[""Heart Failure guideline.pdf"", ""Heart Failure guideline.pdf"", ""Heart Failure guideline.pdf""]]","[{""parameter"": ""heart_rate"", ""min"": 60, ""max"": 100}]",True,"{""status"": ""NORMAL"", ""verified"": true, ""proof_type"": ""Bulletproofs"", ""public_bounds"": {""min"": 60, ""max"": 100, ""parameter"": ""heart_rate""}, ""proof_size_bytes"": 800, ""prove_ms"": 48.43, ""verify_ms"": 4.327, ""zkp_process_ms"": 96.62370000114606, ""zkp_prove_ms"": 48.43, ""zkp_verify_ms"": 4.327}","{""status"": ""IN_RANGE"", ""message"": ""Verified reading(s) are within the selected range(s).""}",,,0.07052909999947587,5.363220700000966,0.09995809999963967,5.542300400000386,"[[""Heart Failure guideline.pdf"", ""Heart Failure guideline.pdf"", ""Heart Failure guideline.pdf""]]","[{""parameter"": ""heart_rate"", ""min"": 60, ""max"": 100}]",True,"{""status"": ""NORMAL"", ""verified"": true, ""proof_type"": ""Bulletproofs"", ""public_bounds"": {""min"": 60, ""max"": 100, ""parameter"": ""heart_rate""}, ""proof_size_bytes"": 800, ""prove_ms"": 45.475, ""verify_ms"": 5.034, ""zkp_process_ms"": 94.46500000012747, ""zkp_prove_ms"": 45.475, ""zkp_verify_ms"": 5.034}","{""status"": ""IN_RANGE"", ""message"": ""Verified reading(s) are within the selected range(s).""}",,
100054,54,True,True,0.08110309999938181,5.784216000000015,0.026460799999767914,5.900630899999669,"[[""Heart Failure guideline.pdf"", ""Heart Failure guideline.pdf"", ""Heart Failure guideline.pdf""]]","[{""parameter"": ""systolic_bp"", ""min"": 90, ""max"": 120}]",False,"{""status"": ""ALERT"", ""verified"": false, ""proof_type"": ""Bulletproofs"", ""public_bounds"": {""min"": 90, ""max"": 120, ""parameter"": ""systolic_bp""}, ""reason"": ""device reports reading outside range; no range proof was produced""}","{""status"": ""OUT_OF_RANGE"", ""message"": ""Device reported a reading outside the selected range; clinical review is needed.""}",,,0.07333629999993718,15.640557799999442,0.02503660000002128,15.767771400000129,"[[""Heart Failure guideline.pdf"", ""Heart Failure guideline.pdf"", ""Heart Failure guideline.pdf""]]","[{""parameter"": ""systolic_bp"", ""min"": 90, ""max"": 120}]",False,"{""status"": ""ALERT"", ""verified"": false, ""proof_type"": ""Bulletproofs"", ""public_bounds"": {""min"": 90, ""max"": 120, ""parameter"": ""systolic_bp""}, ""reason"": ""device reports reading outside range; no range proof was produced""}","{""status"": ""OUT_OF_RANGE"", ""message"": ""Device reported a reading outside the selected range; clinical review is needed.""}",,
100055,55,True,True,0.08087979999982053,15.752469299999575,0.02582039999833796,15.867452000000412,"[[""Heart Failure guideline.pdf"", ""Heart Failure guideline.pdf"", ""Heart Failure guideline.pdf""]]","[{""parameter"": ""hemoglobin"", ""min"": 10, ""max"": 12}]",False,"{""status"": ""ALERT"", ""verified"": false, ""proof_type"": ""Bulletproofs"", ""public_bounds"": {""min"": 10, ""max"": 12, ""parameter"": ""hemoglobin""}, ""reason"": ""device reports reading outside range; no range proof was produced""}","{""status"": ""OUT_OF_RANGE"", ""message"": ""Device reported a reading outside the selected range; clinical review is needed.""}",,,0.0779234000001452,5.443583199999921,0.027401200000895187,5.556674100000237,"[[""Heart Failure guideline.pdf"", ""Heart Failure guideline.pdf"", ""Heart Failure guideline.pdf""]]","[{""parameter"": ""hemoglobin"", ""min"": 10, ""max"": 12}]",False,"{""status"": ""ALERT"", ""verified"": false, ""proof_type"": ""Bulletproofs"", ""public_bounds"": {""min"": 10, ""max"": 12, ""parameter"": ""hemoglobin""}, ""reason"": ""device reports reading outside range; no range proof was produced""}","{""status"": ""OUT_OF_RANGE"", ""message"": ""Device reported a reading outside the selected range; clinical review is needed.""}",,
100056,56,,,0.07554119999986142,6.707461399999374,,6.793600099999821,"[[""Diabetes guideline.pdf"", ""Diabetes guideline.pdf"", ""Diabetes guideline.pdf""]]",,,,,ValueError: Unsupported model parameter: 'blood_glucose_level',bounds,0.09039119999943068,13.346712300000945,,13.448324899998624,"[[""Diabetes guideline.pdf"", ""Diabetes guideline.pdf"", ""Diabetes guideline.pdf""]]",,,,,ValueError: Unsupported model parameter: 'blood_glucose_level',bounds
100057,57,True,True,0.07809339999948861,14.433203500000673,0.024002199999813456,14.544722399999955,"[[""Hypertension guideline.pdf"", ""Heart Failure guideline.pdf"", ""Hypertension guideline.pdf""]]","[{""parameter"": ""systolic_bp"", ""min"": 120, ""max"": 130}]",False,"{""status"": ""ALERT"", ""verified"": false, ""proof_type"": ""Bulletproofs"", ""public_bounds"": {""min"": 120, ""max"": 130, ""parameter"": ""systolic_bp""}, ""reason"": ""device reports reading outside range; no range proof was produced""}","{""status"": ""OUT_OF_RANGE"", ""message"": ""Device reported a reading outside the selected range; clinical review is needed.""}",,,0.08449339999970107,6.719149599999582,0.02908659999957308,6.842046500001743,"[[""Hypertension guideline.pdf"", ""Heart Failure guideline.pdf"", ""Hypertension guideline.pdf""]]","[{""parameter"": ""systolic_bp"", ""min"": 120, ""max"": 130}]",False,"{""status"": ""ALERT"", ""verified"": false, ""proof_type"": ""Bulletproofs"", ""public_bounds"": {""min"": 120, ""max"": 130, ""parameter"": ""systolic_bp""}, ""reason"": ""device reports reading outside range; no range proof was produced""}","{""status"": ""OUT_OF_RANGE"", ""message"": ""Device reported a reading outside the selected range; clinical review is needed.""}",,
100058,58,True,True,0.08280740000009246,5.306990199998836,0.02557619999970484,5.427002500000526,"[[""Heart Failure guideline.pdf"", ""Heart Failure guideline.pdf"", ""Heart Failure guideline.pdf""]]","[{""parameter"": ""heart_rate"", ""min"": 60, ""max"": 100}]",False,"{""status"": ""ALERT"", ""verified"": false, ""proof_type"": ""Bulletproofs"", ""public_bounds"": {""min"": 60, ""max"": 100, ""parameter"": ""heart_rate""}, ""reason"": ""device reports reading outside range; no range proof was produced""}","{""status"": ""OUT_OF_RANGE"", ""message"": ""Device reported a reading outside the selected range; clinical review is needed.""}",,,0.09639509999942675,17.004332700000305,0.024815000000671716,17.13717800000086,"[[""Heart Failure guideline.pdf"", ""Heart Failure guideline.pdf"", ""Heart Failure guideline.pdf""]]","[{""parameter"": ""heart_rate"", ""min"": 60, ""max"": 100}]",False,"{""status"": ""ALERT"", ""verified"": false, ""proof_type"": ""Bulletproofs"", ""public_bounds"": {""min"": 60, ""max"": 100, ""parameter"": ""heart_rate""}, ""reason"": ""device reports reading outside range; no range proof was produced""}","{""status"": ""OUT_OF_RANGE"", ""message"": ""Device reported a reading outside the selected range; clinical review is needed.""}",,
100059,59,False,True,0.09513390000029176,15.187474799999109,0.12123219999921275,15.414585499998793,"[[""Hypertension guideline.pdf"", ""Hypertension guideline.pdf"", ""Hypertension guideline.pdf""]]","[{""parameter"": ""systolic_bp"", ""min"": 120, ""max"": 140}]",True,"{""status"": ""NORMAL"", ""verified"": true, ""proof_type"": ""Bulletproofs"", ""public_bounds"": {""min"": 120, ""max"": 140, ""parameter"": ""systolic_bp""}, ""proof_size_bytes"": 800, ""prove_ms"": 56.327, ""verify_ms"": 6.726, ""zkp_process_ms"": 115.98249999951804, ""zkp_prove_ms"": 56.327, ""zkp_verify_ms"": 6.726}","{""status"": ""IN_RANGE"", ""message"": ""Verified reading(s) are within the selected range(s).""}",,,0.07449970000016037,6.473374799999874,0.09667310000077123,6.654356400000324,"[[""Hypertension guideline.pdf"", ""Hypertension guideline.pdf"", ""Hypertension guideline.pdf""]]","[{""parameter"": ""systolic_bp"", ""min"": 120, ""max"": 130}]",True,"{""status"": ""NORMAL"", ""verified"": true, ""proof_type"": ""Bulletproofs"", ""public_bounds"": {""min"": 120, ""max"": 130, ""parameter"": ""systolic_bp""}, ""proof_size_bytes"": 800, ""prove_ms"": 42.903, ""verify_ms"": 5.194, ""zkp_process_ms"": 92.12040000056732, ""zkp_prove_ms"": 42.903, ""zkp_verify_ms"": 5.194}","{""status"": ""IN_RANGE"", ""message"": ""Verified reading(s) are within the selected range(s).""}",,
100060,60,,,0.08029249999890453,7.163611200001469,,7.253802600000199,"[[""Diabetes guideline.pdf"", ""Hypertension guideline.pdf"", ""Hypertension guideline.pdf""]]",,,,,ValueError: Unsupported model parameter: 'peak_flow',bounds,0.07155159999820171,14.406312600001911,,14.487989199998992,"[[""Diabetes guideline.pdf"", ""Hypertension guideline.pdf"", ""Hypertension guideline.pdf""]]",,,,,ValueError: Unsupported model parameter: 'peak_flow',bounds
100061,61,,,0.11642230000143172,14.425799699998606,,14.554780500000561,"[[""Diabetes guideline.pdf"", ""Hypertension guideline.pdf"", ""Hypertension guideline.pdf""]]",,,,,ValueError: Unsupported model parameter: 'peak_flow',bounds,0.09141959999942628,6.006541900000229,,6.109763100001146,"[[""Diabetes guideline.pdf"", ""Hypertension guideline.pdf"", ""Hypertension guideline.pdf""]]",,,,,ValueError: Unsupported model parameter: 'peak_flow',bounds
100062,62,True,True,0.07454470000084257,6.697378899998512,0.1223599999993894,6.905507899999066,"[[""Hypertension guideline.pdf"", ""Hypertension guideline.pdf"", ""Hypertension guideline.pdf""]]","[{""parameter"": ""systolic_bp"", ""min"": 120, ""max"": 130}]",True,"{""status"": ""NORMAL"", ""verified"": true, ""proof_type"": ""Bulletproofs"", ""public_bounds"": {""min"": 120, ""max"": 130, ""parameter"": ""systolic_bp""}, ""proof_size_bytes"": 800, ""prove_ms"": 60.439, ""verify_ms"": 4.339, ""zkp_process_ms"": 117.42969999977504, ""zkp_prove_ms"": 60.439, ""zkp_verify_ms"": 4.339}","{""status"": ""IN_RANGE"", ""message"": ""Verified reading(s) are within the selected range(s).""}",,,0.07632969999940542,13.521297100000083,0.10343309999916528,13.711021800001618,"[[""Hypertension guideline.pdf"", ""Hypertension guideline.pdf"", ""Hypertension guideline.pdf""]]","[{""parameter"": ""systolic_bp"", ""min"": 120, ""max"": 130}]",True,"{""status"": ""NORMAL"", ""verified"": true, ""proof_type"": ""Bulletproofs"", ""public_bounds"": {""min"": 120, ""max"": 130, ""parameter"": ""systolic_bp""}, ""proof_size_bytes"": 800, ""prove_ms"": 48.592, ""verify_ms"": 6.599, ""zkp_process_ms"": 98.09150000000955, ""zkp_prove_ms"": 48.592, ""zkp_verify_ms"": 6.599}","{""status"": ""IN_RANGE"", ""message"": ""Verified reading(s) are within the selected range(s).""}",,
100063,63,True,True,0.07995279999886407,13.630607999999484,0.0282136999994691,13.749931499998638,"[[""Hypertension guideline.pdf"", ""Hypertension guideline.pdf"", ""Hypertension guideline.pdf""]]","[{""parameter"": ""systolic_bp"", ""min"": 120, ""max"": 130}]",False,"{""status"": ""ALERT"", ""verified"": false, ""proof_type"": ""Bulletproofs"", ""public_bounds"": {""min"": 120, ""max"": 130, ""parameter"": ""systolic_bp""}, ""reason"": ""device reports reading outside range; no range proof was produced""}","{""status"": ""OUT_OF_RANGE"", ""message"": ""Device reported a reading outside the selected range; clinical review is needed.""}",,,0.09590360000038345,6.622044800000367,0.03065960000094492,6.757386699999188,"[[""Hypertension guideline.pdf"", ""Hypertension guideline.pdf"", ""Hypertension guideline.pdf""]]","[{""parameter"": ""systolic_bp"", ""min"": 120, ""max"": 130}]",False,"{""status"": ""ALERT"", ""verified"": false, ""proof_type"": ""Bulletproofs"", ""public_bounds"": {""min"": 120, ""max"": 130, ""parameter"": ""systolic_bp""}, ""reason"": ""device reports reading outside range; no range proof was produced""}","{""status"": ""OUT_OF_RANGE"", ""message"": ""Device reported a reading outside the selected range; clinical review is needed.""}",,
100064,64,True,True,0.0836118000006536,6.412046800000098,0.023174500000095577,6.5295686999998,"[[""Hypertension guideline.pdf"", ""Hypertension guideline.pdf"", ""Hypertension guideline.pdf""]]","[{""parameter"": ""systolic_bp"", ""min"": 120, ""max"": 130}]",False,"{""status"": ""ALERT"", ""verified"": false, ""proof_type"": ""Bulletproofs"", ""public_bounds"": {""min"": 120, ""max"": 130, ""parameter"": ""systolic_bp""}, ""reason"": ""device reports reading outside range; no range proof was produced""}","{""status"": ""OUT_OF_RANGE"", ""message"": ""Device reported a reading outside the selected range; clinical review is needed.""}",,,0.08165740000004007,13.561206100001073,0.03228970000054687,13.686081800000466,"[[""Hypertension guideline.pdf"", ""Hypertension guideline.pdf"", ""Hypertension guideline.pdf""]]","[{""parameter"": ""systolic_bp"", ""min"": 120, ""max"": 130}]",False,"{""status"": ""ALERT"", ""verified"": false, ""proof_type"": ""Bulletproofs"", ""public_bounds"": {""min"": 120, ""max"": 130, ""parameter"": ""systolic_bp""}, ""reason"": ""device reports reading outside range; no range proof was produced""}","{""status"": ""OUT_OF_RANGE"", ""message"": ""Device reported a reading outside the selected range; clinical review is needed.""}",,
100065,65,,,0.0806972999998834,12.96448749999945,,13.055327800000669,"[[""Diabetes guideline.pdf"", ""Diabetes guideline.pdf"", ""Diabetes guideline.pdf""]]",,,,,ValueError: Unsupported model parameter: 'BMI',bounds,0.07270770000104676,6.197304099998291,,6.280635299999631,"[[""Diabetes guideline.pdf"", ""Diabetes guideline.pdf"", ""Diabetes guideline.pdf""]]",,,,,ValueError: Unsupported model parameter: 'BMI',bounds
100066,66,True,True,0.07414590000007593,5.515000200000941,0.02446360000067216,5.624166800000239,"[[""Heart Failure guideline.pdf"", ""Heart Failure guideline.pdf"", ""Heart Failure guideline.pdf""]]","[{""parameter"": ""heart_rate"", ""min"": 60, ""max"": 100}]",False,"{""status"": ""ALERT"", ""verified"": false, ""proof_type"": ""Bulletproofs"", ""public_bounds"": {""min"": 60, ""max"": 100, ""parameter"": ""heart_rate""}, ""reason"": ""device reports reading outside range; no range proof was produced""}","{""status"": ""OUT_OF_RANGE"", ""message"": ""Device reported a reading outside the selected range; clinical review is needed.""}",,,0.07717030000094383,17.80698569999913,0.03857799999968847,17.934354400000302,"[[""Heart Failure guideline.pdf"", ""Heart Failure guideline.pdf"", ""Heart Failure guideline.pdf""]]","[{""parameter"": ""heart_rate"", ""min"": 60, ""max"": 100}]",False,"{""status"": ""ALERT"", ""verified"": false, ""proof_type"": ""Bulletproofs"", ""public_bounds"": {""min"": 60, ""max"": 100, ""parameter"": ""heart_rate""}, ""reason"": ""device reports reading outside range; no range proof was produced""}","{""status"": ""OUT_OF_RANGE"", ""message"": ""Device reported a reading outside the selected range; clinical review is needed.""}",,
100067,67,True,True,0.08330260000002454,15.181703899999775,0.039252599999599624,15.313691999999719,"[[""Hypertension guideline.pdf"", ""Hypertension guideline.pdf"", ""Hypertension guideline.pdf""]]","[{""parameter"": ""systolic_bp"", ""min"": 120, ""max"": 130}]",False,"{""status"": ""ALERT"", ""verified"": false, ""proof_type"": ""Bulletproofs"", ""public_bounds"": {""min"": 120, ""max"": 130, ""parameter"": ""systolic_bp""}, ""reason"": ""device reports reading outside range; no range proof was produced""}","{""status"": ""OUT_OF_RANGE"", ""message"": ""Device reported a reading outside the selected range; clinical review is needed.""}",,,0.08781479999925068,6.6726332000016555,0.034294700000828016,6.8046615999992355,"[[""Hypertension guideline.pdf"", ""Hypertension guideline.pdf"", ""Hypertension guideline.pdf""]]","[{""parameter"": ""systolic_bp"", ""min"": 120, ""max"": 130}]",False,"{""status"": ""ALERT"", ""verified"": false, ""proof_type"": ""Bulletproofs"", ""public_bounds"": {""min"": 120, ""max"": 130, ""parameter"": ""systolic_bp""}, ""reason"": ""device reports reading outside range; no range proof was produced""}","{""status"": ""OUT_OF_RANGE"", ""message"": ""Device reported a reading outside the selected range; clinical review is needed.""}",,
100068,68,True,True,0.07341900000028545,5.733715899999879,0.03201959999933024,5.8506852999998955,"[[""Heart Failure guideline.pdf"", ""Heart Failure guideline.pdf"", ""Heart Failure guideline.pdf""]]","[{""parameter"": ""systolic_bp"", ""min"": 90, ""max"": 120}]",False,"{""status"": ""ALERT"", ""verified"": false, ""proof_type"": ""Bulletproofs"", ""public_bounds"": {""min"": 90, ""max"": 120, ""parameter"": ""systolic_bp""}, ""reason"": ""device reports reading outside range; no range proof was produced""}","{""status"": ""OUT_OF_RANGE"", ""message"": ""Device reported a reading outside the selected range; clinical review is needed.""}",,,0.07733019999977842,15.541070799999943,0.03595660000064527,15.664976899999601,"[[""Heart Failure guideline.pdf"", ""Heart Failure guideline.pdf"", ""Heart Failure guideline.pdf""]]","[{""parameter"": ""systolic_bp"", ""min"": 90, ""max"": 120}]",False,"{""status"": ""ALERT"", ""verified"": false, ""proof_type"": ""Bulletproofs"", ""public_bounds"": {""min"": 90, ""max"": 120, ""parameter"": ""systolic_bp""}, ""reason"": ""device reports reading outside range; no range proof was produced""}","{""status"": ""OUT_OF_RANGE"", ""message"": ""Device reported a reading outside the selected range; clinical review is needed.""}",,
100069,69,,,0.0833677999999054,12.998902799999996,,13.092207599998801,"[[""Diabetes guideline.pdf"", ""Diabetes guideline.pdf"", ""Diabetes guideline.pdf""]]",,,,,ValueError: Unsupported model parameter: 'BMI',bounds,0.08080730000074254,5.8823323999986314,,5.974673599999733,"[[""Diabetes guideline.pdf"", ""Diabetes guideline.pdf"", ""Diabetes guideline.pdf""]]",,,,,ValueError: Unsupported model parameter: 'BMI',bounds
100070,70,,,0.08048910000070464,5.930134599999292,,6.020286900000428,"[[""Diabetes guideline.pdf"", ""Diabetes guideline.pdf"", ""Diabetes guideline.pdf""]]",,,,,ValueError: Unsupported model parameter: 'BMI',bounds,0.0891327999997884,12.789925700000822,,12.89121729999897,"[[""Diabetes guideline.pdf"", ""Diabetes guideline.pdf"", ""Diabetes guideline.pdf""]]",,,,,ValueError: Unsupported model parameter: 'BMI',bounds
100071,71,,,0.08151610000095388,12.833457200000339,,12.926129700001184,"[[""Hypertension guideline.pdf"", ""Heart Failure guideline.pdf"", ""Hypertension guideline.pdf""]]",,,,,ValueError: Unsupported model parameter: 'blood_pressure',bounds,0.08281910000005155,5.4273036000013235,,5.521709900000133,"[[""Hypertension guideline.pdf"", ""Heart Failure guideline.pdf"", ""Hypertension guideline.pdf""]]",,,,,ValueError: Unsupported model parameter: 'blood_pressure',bounds
100072,72,,,0.0902310999990732,6.671132800000123,,6.771401899999546,"[[""Diabetes guideline.pdf"", ""Diabetes guideline.pdf"", ""Diabetes guideline.pdf""]]",,,,,ValueError: Unsupported model parameter: 'BMI',bounds,0.08598750000055588,13.694663999998738,,13.79397439999957,"[[""Diabetes guideline.pdf"", ""Diabetes guideline.pdf"", ""Diabetes guideline.pdf""]]",,,,,ValueError: Unsupported model parameter: 'BMI',bounds
100073,73,,,0.08341029999974126,13.577789199998733,,13.671622599998955,"[[""Diabetes guideline.pdf"", ""Hypertension guideline.pdf"", ""Hypertension guideline.pdf""]]",,,,,ValueError: Unsupported model parameter: 'peak_flow',bounds,0.0806336999994528,5.2876370000012685,,5.379434200000105,"[[""Diabetes guideline.pdf"", ""Hypertension guideline.pdf"", ""Hypertension guideline.pdf""]]",,,,,ValueError: Unsupported model parameter: 'peak_flow',bounds
100074,74,True,True,0.10819110000011278,5.6905588999998145,0.037104299999555224,5.85850709999977,"[[""Hypertension guideline.pdf"", ""Heart Failure guideline.pdf"", ""Hypertension guideline.pdf""]]","[{""parameter"": ""systolic_bp"", ""min"": 120, ""max"": 130}]",False,"{""status"": ""ALERT"", ""verified"": false, ""proof_type"": ""Bulletproofs"", ""public_bounds"": {""min"": 120, ""max"": 130, ""parameter"": ""systolic_bp""}, ""reason"": ""device reports reading outside range; no range proof was produced""}","{""status"": ""OUT_OF_RANGE"", ""message"": ""Device reported a reading outside the selected range; clinical review is needed.""}",,,0.0882168999996793,15.458839400000215,0.08526280000114639,15.643960200000947,"[[""Hypertension guideline.pdf"", ""Heart Failure guideline.pdf"", ""Hypertension guideline.pdf""]]","[{""parameter"": ""systolic_bp"", ""min"": 120, ""max"": 130}]",False,"{""status"": ""ALERT"", ""verified"": false, ""proof_type"": ""Bulletproofs"", ""public_bounds"": {""min"": 120, ""max"": 130, ""parameter"": ""systolic_bp""}, ""reason"": ""device reports reading outside range; no range proof was produced""}","{""status"": ""OUT_OF_RANGE"", ""message"": ""Device reported a reading outside the selected range; clinical review is needed.""}",,
100075,75,,,0.09245340000052238,13.453804500000842,,13.557605300000432,"[[""Diabetes guideline.pdf"", ""Diabetes guideline.pdf"", ""Diabetes guideline.pdf""]]",,,,,ValueError: Unsupported model parameter: 'BMI',bounds,0.08884439999928873,6.836319600000934,,6.936122199998863,"[[""Diabetes guideline.pdf"", ""Diabetes guideline.pdf"", ""Diabetes guideline.pdf""]]",,,,,ValueError: Unsupported model parameter: 'BMI',bounds
100076,76,False,True,0.07790879999993194,6.5898184000016045,0.038415699998950004,6.716707699999461,"[[""Hypertension guideline.pdf"", ""Hypertension guideline.pdf"", ""Hypertension guideline.pdf""]]","[{""parameter"": ""systolic_bp"", ""min"": 120, ""max"": 140}]",False,"{""status"": ""ALERT"", ""verified"": false, ""proof_type"": ""Bulletproofs"", ""public_bounds"": {""min"": 120, ""max"": 140, ""parameter"": ""systolic_bp""}, ""reason"": ""device reports reading outside range; no range proof was produced""}","{""status"": ""OUT_OF_RANGE"", ""message"": ""Device reported a reading outside the selected range; clinical review is needed.""}",,,0.07869550000032177,14.421047799998632,0.03019980000135547,14.543506599999091,"[[""Hypertension guideline.pdf"", ""Hypertension guideline.pdf"", ""Hypertension guideline.pdf""]]","[{""parameter"": ""systolic_bp"", ""min"": 120, ""max"": 130}]",False,"{""status"": ""ALERT"", ""verified"": false, ""proof_type"": ""Bulletproofs"", ""public_bounds"": {""min"": 120, ""max"": 130, ""parameter"": ""systolic_bp""}, ""reason"": ""device reports reading outside range; no range proof was produced""}","{""status"": ""OUT_OF_RANGE"", ""message"": ""Device reported a reading outside the selected range; clinical review is needed.""}",,
100077,77,True,True,0.08971179999934975,15.389771000001929,0.0354362999987643,15.526398300000437,"[[""Hypertension guideline.pdf"", ""Heart Failure guideline.pdf"", ""Hypertension guideline.pdf""]]","[{""parameter"": ""systolic_bp"", ""min"": 120, ""max"": 130}]",False,"{""status"": ""ALERT"", ""verified"": false, ""proof_type"": ""Bulletproofs"", ""public_bounds"": {""min"": 120, ""max"": 130, ""parameter"": ""systolic_bp""}, ""reason"": ""device reports reading outside range; no range proof was produced""}","{""status"": ""OUT_OF_RANGE"", ""message"": ""Device reported a reading outside the selected range; clinical review is needed.""}",,,0.07899329999963811,5.756725899998855,0.02667929999915941,5.872207899999921,"[[""Hypertension guideline.pdf"", ""Heart Failure guideline.pdf"", ""Hypertension guideline.pdf""]]","[{""parameter"": ""systolic_bp"", ""min"": 120, ""max"": 130}]",False,"{""status"": ""ALERT"", ""verified"": false, ""proof_type"": ""Bulletproofs"", ""public_bounds"": {""min"": 120, ""max"": 130, ""parameter"": ""systolic_bp""}, ""reason"": ""device reports reading outside range; no range proof was produced""}","{""status"": ""OUT_OF_RANGE"", ""message"": ""Device reported a reading outside the selected range; clinical review is needed.""}",,
100078,78,,,0.08144730000094569,5.830719499999759,,5.923815000000104,"[[""Diabetes guideline.pdf"", ""Diabetes guideline.pdf"", ""Diabetes guideline.pdf""]]",,,,,ValueError: Unsupported model parameter: 'BMI',bounds,0.08261209999909624,12.797701900000902,,12.891187200000786,"[[""Diabetes guideline.pdf"", ""Diabetes guideline.pdf"", ""Diabetes guideline.pdf""]]",,,,,ValueError: Unsupported model parameter: 'BMI',bounds
100079,79,True,True,0.08481820000088192,6.106172199997673,0.035693300000275485,6.237769400000616,"[[""Hypertension guideline.pdf"", ""Hypertension guideline.pdf"", ""Hypertension guideline.pdf""]]","[{""parameter"": ""systolic_bp"", ""min"": 120, ""max"": 140}]",False,"{""status"": ""ALERT"", ""verified"": false, ""proof_type"": ""Bulletproofs"", ""public_bounds"": {""min"": 120, ""max"": 140, ""parameter"": ""systolic_bp""}, ""reason"": ""device reports reading outside range; no range proof was produced""}","{""status"": ""OUT_OF_RANGE"", ""message"": ""Device reported a reading outside the selected range; clinical review is needed.""}",,,0.07654230000116513,6.4341957999986334,0.02974989999893296,6.5524117999993905,"[[""Hypertension guideline.pdf"", ""Hypertension guideline.pdf"", ""Hypertension guideline.pdf""]]","[{""parameter"": ""systolic_bp"", ""min"": 120, ""max"": 140}]",False,"{""status"": ""ALERT"", ""verified"": false, ""proof_type"": ""Bulletproofs"", ""public_bounds"": {""min"": 120, ""max"": 140, ""parameter"": ""systolic_bp""}, ""reason"": ""device reports reading outside range; no range proof was produced""}","{""status"": ""OUT_OF_RANGE"", ""message"": ""Device reported a reading outside the selected range; clinical review is needed.""}",,
100080,80,True,True,0.08033129999967059,6.532898400000704,0.029867600000216044,6.65235709999979,"[[""Hypertension guideline.pdf"", ""Hypertension guideline.pdf"", ""Hypertension guideline.pdf""]]","[{""parameter"": ""systolic_bp"", ""min"": 120, ""max"": 130}]",False,"{""status"": ""ALERT"", ""verified"": false, ""proof_type"": ""Bulletproofs"", ""public_bounds"": {""min"": 120, ""max"": 130, ""parameter"": ""systolic_bp""}, ""reason"": ""device reports reading outside range; no range proof was produced""}","{""status"": ""OUT_OF_RANGE"", ""message"": ""Device reported a reading outside the selected range; clinical review is needed.""}",,,0.07533619999958319,13.46704900000077,0.03393839999989723,13.588155200000983,"[[""Hypertension guideline.pdf"", ""Hypertension guideline.pdf"", ""Hypertension guideline.pdf""]]","[{""parameter"": ""systolic_bp"", ""min"": 120, ""max"": 130}]",False,"{""status"": ""ALERT"", ""verified"": false, ""proof_type"": ""Bulletproofs"", ""public_bounds"": {""min"": 120, ""max"": 130, ""parameter"": ""systolic_bp""}, ""reason"": ""device reports reading outside range; no range proof was produced""}","{""status"": ""OUT_OF_RANGE"", ""message"": ""Device reported a reading outside the selected range; clinical review is needed.""}",,
100081,81,True,True,0.08235640000020794,13.673442199999045,0.15247810000073514,13.918415699999969,"[[""Hypertension guideline.pdf"", ""Hypertension guideline.pdf"", ""Hypertension guideline.pdf""]]","[{""parameter"": ""systolic_bp"", ""min"": 130, ""max"": 139}]",True,"{""status"": ""NORMAL"", ""verified"": true, ""proof_type"": ""Bulletproofs"", ""public_bounds"": {""min"": 130, ""max"": 139, ""parameter"": ""systolic_bp""}, ""proof_size_bytes"": 800, ""prove_ms"": 63.302, ""verify_ms"": 4.39, ""zkp_process_ms"": 145.61940000021423, ""zkp_prove_ms"": 63.302, ""zkp_verify_ms"": 4.39}","{""status"": ""IN_RANGE"", ""message"": ""Verified reading(s) are within the selected range(s).""}",,,0.06295399999908113,6.2825565000002825,0.13254869999946095,6.487002600000778,"[[""Hypertension guideline.pdf"", ""Hypertension guideline.pdf"", ""Hypertension guideline.pdf""]]","[{""parameter"": ""systolic_bp"", ""min"": 130, ""max"": 139}]",True,"{""status"": ""NORMAL"", ""verified"": true, ""proof_type"": ""Bulletproofs"", ""public_bounds"": {""min"": 130, ""max"": 139, ""parameter"": ""systolic_bp""}, ""proof_size_bytes"": 800, ""prove_ms"": 55.571, ""verify_ms"": 6.409, ""zkp_process_ms"": 126.72659999952884, ""zkp_prove_ms"": 55.571, ""zkp_verify_ms"": 6.409}","{""status"": ""IN_RANGE"", ""message"": ""Verified reading(s) are within the selected range(s).""}",,
100082,82,True,True,0.15101599999979953,6.532257400000162,0.02905339999961143,6.720791499999905,"[[""Hypertension guideline.pdf"", ""Hypertension guideline.pdf"", ""Hypertension guideline.pdf""]]","[{""parameter"": ""systolic_bp"", ""min"": 120, ""max"": 130}]",False,"{""status"": ""ALERT"", ""verified"": false, ""proof_type"": ""Bulletproofs"", ""public_bounds"": {""min"": 120, ""max"": 130, ""parameter"": ""systolic_bp""}, ""reason"": ""device reports reading outside range; no range proof was produced""}","{""status"": ""OUT_OF_RANGE"", ""message"": ""Device reported a reading outside the selected range; clinical review is needed.""}",,,0.0848587000000407,13.591398199998366,0.031420299999808776,13.717519099998754,"[[""Hypertension guideline.pdf"", ""Hypertension guideline.pdf"", ""Hypertension guideline.pdf""]]","[{""parameter"": ""systolic_bp"", ""min"": 120, ""max"": 130}]",False,"{""status"": ""ALERT"", ""verified"": false, ""proof_type"": ""Bulletproofs"", ""public_bounds"": {""min"": 120, ""max"": 130, ""parameter"": ""systolic_bp""}, ""reason"": ""device reports reading outside range; no range proof was produced""}","{""status"": ""OUT_OF_RANGE"", ""message"": ""Device reported a reading outside the selected range; clinical review is needed.""}",,
100083,83,True,True,0.09589989999949466,14.635700200000429,0.12756479999916337,14.868456100000913,"[[""Hypertension guideline.pdf"", ""Hypertension guideline.pdf"", ""Hypertension guideline.pdf""]]","[{""parameter"": ""systolic_bp"", ""min"": 90, ""max"": 120}]",True,"{""status"": ""NORMAL"", ""verified"": true, ""proof_type"": ""Bulletproofs"", ""public_bounds"": {""min"": 90, ""max"": 120, ""parameter"": ""systolic_bp""}, ""proof_size_bytes"": 800, ""prove_ms"": 55.161, ""verify_ms"": 7.339, ""zkp_process_ms"": 120.67340000066906, ""zkp_prove_ms"": 55.161, ""zkp_verify_ms"": 7.339}","{""status"": ""IN_RANGE"", ""message"": ""Verified reading(s) are within the selected range(s).""}",,,0.06943319999845698,5.862265000001571,0.1329615000013291,6.077138000000559,"[[""Hypertension guideline.pdf"", ""Hypertension guideline.pdf"", ""Hypertension guideline.pdf""]]","[{""parameter"": ""systolic_bp"", ""min"": 90, ""max"": 120}]",True,"{""status"": ""NORMAL"", ""verified"": true, ""proof_type"": ""Bulletproofs"", ""public_bounds"": {""min"": 90, ""max"": 120, ""parameter"": ""systolic_bp""}, ""proof_size_bytes"": 800, ""prove_ms"": 59.221, ""verify_ms"": 7.053, ""zkp_process_ms"": 126.51630000073055, ""zkp_prove_ms"": 59.221, ""zkp_verify_ms"": 7.053}","{""status"": ""IN_RANGE"", ""message"": ""Verified reading(s) are within the selected range(s).""}",,
100084,84,True,True,0.09115829999973357,6.558504300001005,0.03459139999904437,6.695397000001321,"[[""Hypertension guideline.pdf"", ""Hypertension guideline.pdf"", ""Hypertension guideline.pdf""]]","[{""parameter"": ""systolic_bp"", ""min"": 90, ""max"": 120}]",False,"{""status"": ""ALERT"", ""verified"": false, ""proof_type"": ""Bulletproofs"", ""public_bounds"": {""min"": 90, ""max"": 120, ""parameter"": ""systolic_bp""}, ""reason"": ""device reports reading outside range; no range proof was produced""}","{""status"": ""OUT_OF_RANGE"", ""message"": ""Device reported a reading outside the selected range; clinical review is needed.""}",,,0.06179410000004282,14.538173000000825,0.04109169999901496,14.650774900001124,"[[""Hypertension guideline.pdf"", ""Hypertension guideline.pdf"", ""Hypertension guideline.pdf""]]","[{""parameter"": ""systolic_bp"", ""min"": 90, ""max"": 120}]",False,"{""status"": ""ALERT"", ""verified"": false, ""proof_type"": ""Bulletproofs"", ""public_bounds"": {""min"": 90, ""max"": 120, ""parameter"": ""systolic_bp""}, ""reason"": ""device reports reading outside range; no range proof was produced""}","{""status"": ""OUT_OF_RANGE"", ""message"": ""Device reported a reading outside the selected range; clinical review is needed.""}",,
100085,85,,,0.19555070000023989,14.495164299998578,,14.700511600000027,"[[""Diabetes guideline.pdf"", ""Hypertension guideline.pdf"", ""Hypertension guideline.pdf""]]",,,,,ValueError: Unsupported model parameter: 'peak_flow',bounds,0.07868179999968561,6.193724400000065,,6.283916800000952,"[[""Diabetes guideline.pdf"", ""Hypertension guideline.pdf"", ""Hypertension guideline.pdf""]]",,,,,ValueError: Unsupported model parameter: 'peak_flow',bounds
100086,86,True,True,0.07965950000107114,6.662496099997952,0.03381629999967117,6.78706880000027,"[[""Hypertension guideline.pdf"", ""Hypertension guideline.pdf"", ""Hypertension guideline.pdf""]]","[{""parameter"": ""systolic_bp"", ""min"": 120, ""max"": 130}]",False,"{""status"": ""ALERT"", ""verified"": false, ""proof_type"": ""Bulletproofs"", ""public_bounds"": {""min"": 120, ""max"": 130, ""parameter"": ""systolic_bp""}, ""reason"": ""device reports reading outside range; no range proof was produced""}","{""status"": ""OUT_OF_RANGE"", ""message"": ""Device reported a reading outside the selected range; clinical review is needed.""}",,,0.07820009999886679,13.559253200000967,0.030229799998778617,13.680133700001534,"[[""Hypertension guideline.pdf"", ""Hypertension guideline.pdf"", ""Hypertension guideline.pdf""]]","[{""parameter"": ""systolic_bp"", ""min"": 120, ""max"": 130}]",False,"{""status"": ""ALERT"", ""verified"": false, ""proof_type"": ""Bulletproofs"", ""public_bounds"": {""min"": 120, ""max"": 130, ""parameter"": ""systolic_bp""}, ""reason"": ""device reports reading outside range; no range proof was produced""}","{""status"": ""OUT_OF_RANGE"", ""message"": ""Device reported a reading outside the selected range; clinical review is needed.""}",,
100087,87,True,True,0.20009570000001986,18.32865429999947,0.16019860000051267,18.700082700001076,"[[""Heart Failure guideline.pdf"", ""Heart Failure guideline.pdf"", ""Heart Failure guideline.pdf""]]","[{""parameter"": ""heart_rate"", ""min"": 60, ""max"": 100}]",False,"{""status"": ""ALERT"", ""verified"": false, ""proof_type"": ""Bulletproofs"", ""public_bounds"": {""min"": 60, ""max"": 100, ""parameter"": ""heart_rate""}, ""reason"": ""device reports reading outside range; no range proof was produced""}","{""status"": ""OUT_OF_RANGE"", ""message"": ""Device reported a reading outside the selected range; clinical review is needed.""}",,,0.13144929999907617,5.497580200002631,0.026560199999948964,5.66528930000095,"[[""Heart Failure guideline.pdf"", ""Heart Failure guideline.pdf"", ""Heart Failure guideline.pdf""]]","[{""parameter"": ""heart_rate"", ""min"": 60, ""max"": 100}]",False,"{""status"": ""ALERT"", ""verified"": false, ""proof_type"": ""Bulletproofs"", ""public_bounds"": {""min"": 60, ""max"": 100, ""parameter"": ""heart_rate""}, ""reason"": ""device reports reading outside range; no range proof was produced""}","{""status"": ""OUT_OF_RANGE"", ""message"": ""Device reported a reading outside the selected range; clinical review is needed.""}",,
100088,88,True,True,0.0834751000002143,6.495191899999554,0.026671499999793014,6.615951000001587,"[[""Hypertension guideline.pdf"", ""Hypertension guideline.pdf"", ""Hypertension guideline.pdf""]]","[{""parameter"": ""systolic_bp"", ""min"": 120, ""max"": 130}]",False,"{""status"": ""ALERT"", ""verified"": false, ""proof_type"": ""Bulletproofs"", ""public_bounds"": {""min"": 120, ""max"": 130, ""parameter"": ""systolic_bp""}, ""reason"": ""device reports reading outside range; no range proof was produced""}","{""status"": ""OUT_OF_RANGE"", ""message"": ""Device reported a reading outside the selected range; clinical review is needed.""}",,,0.07144329999937327,13.818147700001646,0.02645219999976689,13.926625099999,"[[""Hypertension guideline.pdf"", ""Hypertension guideline.pdf"", ""Hypertension guideline.pdf""]]","[{""parameter"": ""systolic_bp"", ""min"": 120, ""max"": 130}]",False,"{""status"": ""ALERT"", ""verified"": false, ""proof_type"": ""Bulletproofs"", ""public_bounds"": {""min"": 120, ""max"": 130, ""parameter"": ""systolic_bp""}, ""reason"": ""device reports reading outside range; no range proof was produced""}","{""status"": ""OUT_OF_RANGE"", ""message"": ""Device reported a reading outside the selected range; clinical review is needed.""}",,
100089,89,,,0.08432119999997667,13.936684700000114,,14.029008299999987,"[[""Diabetes guideline.pdf"", ""Hypertension guideline.pdf"", ""Hypertension guideline.pdf""]]",,,,,ValueError: Unsupported model parameter: 'peak_flow',bounds,0.08843069999966247,5.6804186000008485,,5.783155299999635,"[[""Diabetes guideline.pdf"", ""Hypertension guideline.pdf"", ""Hypertension guideline.pdf""]]",,,,,ValueError: Unsupported model parameter: 'peak_flow',bounds
100090,90,True,True,0.087325200000123,5.217401100000643,0.10683520000020508,5.433305799999289,"[[""Heart Failure guideline.pdf"", ""Heart Failure guideline.pdf"", ""Heart Failure guideline.pdf""]]","[{""parameter"": ""hemoglobin"", ""min"": 10, ""max"": 12}]",True,"{""status"": ""NORMAL"", ""verified"": true, ""proof_type"": ""Bulletproofs"", ""public_bounds"": {""min"": 10, ""max"": 12, ""parameter"": ""hemoglobin""}, ""proof_size_bytes"": 800, ""prove_ms"": 49.055, ""verify_ms"": 5.883, ""zkp_process_ms"": 102.18069999973522, ""zkp_prove_ms"": 49.055, ""zkp_verify_ms"": 5.883}","{""status"": ""IN_RANGE"", ""message"": ""Verified reading(s) are within the selected range(s).""}",,,0.07684209999933955,5.640614700001606,0.18154970000068715,5.9096883999991405,"[[""Heart Failure guideline.pdf"", ""Heart Failure guideline.pdf"", ""Heart Failure guideline.pdf""]]","[{""parameter"": ""hemoglobin"", ""min"": 10, ""max"": 12}]",True,"{""status"": ""NORMAL"", ""verified"": true, ""proof_type"": ""Bulletproofs"", ""public_bounds"": {""min"": 10, ""max"": 12, ""parameter"": ""hemoglobin""}, ""proof_size_bytes"": 800, ""prove_ms"": 99.561, ""verify_ms"": 4.08, ""zkp_process_ms"": 176.94290000144974, ""zkp_prove_ms"": 99.561, ""zkp_verify_ms"": 4.08}","{""status"": ""IN_RANGE"", ""message"": ""Verified reading(s) are within the selected range(s).""}",,
100091,91,True,True,0.17773740000120597,15.452037400000336,0.027235300000029383,15.670757100000628,"[[""Heart Failure guideline.pdf"", ""Heart Failure guideline.pdf"", ""Heart Failure guideline.pdf""]]","[{""parameter"": ""systolic_bp"", ""min"": 90, ""max"": 120}]",False,"{""status"": ""ALERT"", ""verified"": false, ""proof_type"": ""Bulletproofs"", ""public_bounds"": {""min"": 90, ""max"": 120, ""parameter"": ""systolic_bp""}, ""reason"": ""device reports reading outside range; no range proof was produced""}","{""status"": ""OUT_OF_RANGE"", ""message"": ""Device reported a reading outside the selected range; clinical review is needed.""}",,,0.08514289999948232,6.587610499998846,0.03200939999987895,6.716241300000547,"[[""Heart Failure guideline.pdf"", ""Heart Failure guideline.pdf"", ""Heart Failure guideline.pdf""]]","[{""parameter"": ""systolic_bp"", ""min"": 90, ""max"": 120}]",False,"{""status"": ""ALERT"", ""verified"": false, ""proof_type"": ""Bulletproofs"", ""public_bounds"": {""min"": 90, ""max"": 120, ""parameter"": ""systolic_bp""}, ""reason"": ""device reports reading outside range; no range proof was produced""}","{""status"": ""OUT_OF_RANGE"", ""message"": ""Device reported a reading outside the selected range; clinical review is needed.""}",,
100092,92,True,True,0.08478900000045542,6.434143399999812,0.02572419999887643,6.554584999999861,"[[""Hypertension guideline.pdf"", ""Hypertension guideline.pdf"", ""Hypertension guideline.pdf""]]","[{""parameter"": ""systolic_bp"", ""min"": 120, ""max"": 130}]",False,"{""status"": ""ALERT"", ""verified"": false, ""proof_type"": ""Bulletproofs"", ""public_bounds"": {""min"": 120, ""max"": 130, ""parameter"": ""systolic_bp""}, ""reason"": ""device reports reading outside range; no range proof was produced""}","{""status"": ""OUT_OF_RANGE"", ""message"": ""Device reported a reading outside the selected range; clinical review is needed.""}",,,0.0812257999987196,13.437746600000537,0.025790199999391916,13.557160599999406,"[[""Hypertension guideline.pdf"", ""Hypertension guideline.pdf"", ""Hypertension guideline.pdf""]]","[{""parameter"": ""systolic_bp"", ""min"": 120, ""max"": 130}]",False,"{""status"": ""ALERT"", ""verified"": false, ""proof_type"": ""Bulletproofs"", ""public_bounds"": {""min"": 120, ""max"": 130, ""parameter"": ""systolic_bp""}, ""reason"": ""device reports reading outside range; no range proof was produced""}","{""status"": ""OUT_OF_RANGE"", ""message"": ""Device reported a reading outside the selected range; clinical review is needed.""}",,
100093,93,True,True,0.07802949999859266,14.456102800002554,0.03096480000021984,14.575184600000284,"[[""Hypertension guideline.pdf"", ""Hypertension guideline.pdf"", ""Hypertension guideline.pdf""]]","[{""parameter"": ""systolic_bp"", ""min"": 90, ""max"": 120}]",False,"{""status"": ""ALERT"", ""verified"": false, ""proof_type"": ""Bulletproofs"", ""public_bounds"": {""min"": 90, ""max"": 120, ""parameter"": ""systolic_bp""}, ""reason"": ""device reports reading outside range; no range proof was produced""}","{""status"": ""OUT_OF_RANGE"", ""message"": ""Device reported a reading outside the selected range; clinical review is needed.""}",,,0.092926899998929,6.402838600000905,0.028913800000736956,6.538840200000777,"[[""Hypertension guideline.pdf"", ""Hypertension guideline.pdf"", ""Hypertension guideline.pdf""]]","[{""parameter"": ""systolic_bp"", ""min"": 90, ""max"": 120}]",False,"{""status"": ""ALERT"", ""verified"": false, ""proof_type"": ""Bulletproofs"", ""public_bounds"": {""min"": 90, ""max"": 120, ""parameter"": ""systolic_bp""}, ""reason"": ""device reports reading outside range; no range proof was produced""}","{""status"": ""OUT_OF_RANGE"", ""message"": ""Device reported a reading outside the selected range; clinical review is needed.""}",,
100094,94,,,0.1956906000013987,5.881549699997777,,6.089377499998591,"[[""Diabetes guideline.pdf"", ""Diabetes guideline.pdf"", ""Diabetes guideline.pdf""]]",,,,,ValueError: Unsupported model parameter: 'blood_glucose_level',bounds,0.0931122999991203,13.918436199999633,,14.02238000000034,"[[""Diabetes guideline.pdf"", ""Diabetes guideline.pdf"", ""Diabetes guideline.pdf""]]",,,,,ValueError: Unsupported model parameter: 'blood_glucose_level',bounds
100095,95,True,True,0.0851542000000336,13.490907400000651,0.025199599998813937,13.611652499999764,"[[""Hypertension guideline.pdf"", ""Hypertension guideline.pdf"", ""Hypertension guideline.pdf""]]","[{""parameter"": ""systolic_bp"", ""min"": 130, ""max"": 139}]",False,"{""status"": ""ALERT"", ""verified"": false, ""proof_type"": ""Bulletproofs"", ""public_bounds"": {""min"": 130, ""max"": 139, ""parameter"": ""systolic_bp""}, ""reason"": ""device reports reading outside range; no range proof was produced""}","{""status"": ""OUT_OF_RANGE"", ""message"": ""Device reported a reading outside the selected range; clinical review is needed.""}",,,0.07536590000017895,6.469603900000948,0.02597580000110611,6.5816314999992755,"[[""Hypertension guideline.pdf"", ""Hypertension guideline.pdf"", ""Hypertension guideline.pdf""]]","[{""parameter"": ""systolic_bp"", ""min"": 130, ""max"": 139}]",False,"{""status"": ""ALERT"", ""verified"": false, ""proof_type"": ""Bulletproofs"", ""public_bounds"": {""min"": 130, ""max"": 139, ""parameter"": ""systolic_bp""}, ""reason"": ""device reports reading outside range; no range proof was produced""}","{""status"": ""OUT_OF_RANGE"", ""message"": ""Device reported a reading outside the selected range; clinical review is needed.""}",,
100096,96,,,0.29756929999894055,6.914776100000381,,7.5820318999994925,"[[""Diabetes guideline.pdf"", ""Diabetes guideline.pdf"", ""Diabetes guideline.pdf""]]",,,,,ValueError: Unsupported model parameter: 'BMI',bounds,0.08288880000145582,13.486106499998641,,13.578578299999208,"[[""Diabetes guideline.pdf"", ""Diabetes guideline.pdf"", ""Diabetes guideline.pdf""]]",,,,,ValueError: Unsupported model parameter: 'BMI',bounds
100097,97,,,0.10078229999999166,13.778426400000171,,13.890626700000212,"[[""Diabetes guideline.pdf"", ""Hypertension guideline.pdf"", ""Hypertension guideline.pdf""]]",,,,,ValueError: Unsupported model parameter: 'peak_flow',bounds,0.0756321000008029,5.222803499998918,,5.309048499999335,"[[""Diabetes guideline.pdf"", ""Hypertension guideline.pdf"", ""Hypertension guideline.pdf""]]",,,,,ValueError: Unsupported model parameter: 'peak_flow',bounds
100098,98,,,0.07951259999936156,6.032862300000488,,6.123154400000203,"[[""Diabetes guideline.pdf"", ""Hypertension guideline.pdf"", ""Hypertension guideline.pdf""]]",,,,,ValueError: Unsupported model parameter: 'peak_flow',bounds,0.08923180000056163,14.653697800000373,,14.754073500000231,"[[""Diabetes guideline.pdf"", ""Hypertension guideline.pdf"", ""Hypertension guideline.pdf""]]",,,,,ValueError: Unsupported model parameter: 'peak_flow',bounds
100099,99,True,True,0.179018000000724,15.499988799998391,0.03336450000097102,15.724805300000298,"[[""Hypertension guideline.pdf"", ""Heart Failure guideline.pdf"", ""Hypertension guideline.pdf""]]","[{""parameter"": ""systolic_bp"", ""min"": 120, ""max"": 130}]",False,"{""status"": ""ALERT"", ""verified"": false, ""proof_type"": ""Bulletproofs"", ""public_bounds"": {""min"": 120, ""max"": 130, ""parameter"": ""systolic_bp""}, ""reason"": ""device reports reading outside range; no range proof was produced""}","{""status"": ""OUT_OF_RANGE"", ""message"": ""Device reported a reading outside the selected range; clinical review is needed.""}",,,0.09800519999953394,6.9233827000007295,0.028040499999406165,7.062704899999517,"[[""Hypertension guideline.pdf"", ""Heart Failure guideline.pdf"", ""Hypertension guideline.pdf""]]","[{""parameter"": ""systolic_bp"", ""min"": 120, ""max"": 130}]",False,"{""status"": ""ALERT"", ""verified"": false, ""proof_type"": ""Bulletproofs"", ""public_bounds"": {""min"": 120, ""max"": 130, ""parameter"": ""systolic_bp""}, ""reason"": ""device reports reading outside range; no range proof was produced""}","{""status"": ""OUT_OF_RANGE"", ""message"": ""Device reported a reading outside the selected range; clinical review is needed.""}",,
100100,100,,,0.08076309999887599,5.858269300000757,,5.950046899999506,"[[""Diabetes guideline.pdf"", ""Diabetes guideline.pdf"", ""Diabetes guideline.pdf""]]",,,,,ValueError: Unsupported model parameter: 'BMI',bounds,0.07312869999987015,12.727894899999228,,12.810567999998966,"[[""Diabetes guideline.pdf"", ""Diabetes guideline.pdf"", ""Diabetes guideline.pdf""]]",,,,,ValueError: Unsupported model parameter: 'BMI',bounds
100101,101,,,0.07730980000087584,13.492346400000315,,13.580539300000964,"[[""Diabetes guideline.pdf"", ""Diabetes guideline.pdf"", ""Diabetes guideline.pdf""]]",,,,,ValueError: Unsupported model parameter: 'BMI',bounds,0.07573400000001129,6.744172499998967,,6.831209599999056,"[[""Diabetes guideline.pdf"", ""Diabetes guideline.pdf"", ""Diabetes guideline.pdf""]]",,,,,ValueError: Unsupported model parameter: 'BMI',bounds
100102,102,,,0.07867889999943145,6.169464600001447,,6.257951300000059,"[[""Diabetes guideline.pdf"", ""Diabetes guideline.pdf"", ""Diabetes guideline.pdf""]]",,,,,ValueError: Unsupported model parameter: 'BMI',bounds,0.07692309999947611,12.728328900000633,,12.815375300000596,"[[""Diabetes guideline.pdf"", ""Diabetes guideline.pdf"", ""Diabetes guideline.pdf""]]",,,,,ValueError: Unsupported model parameter: 'BMI',bounds
100103,103,True,True,0.08769470000152069,15.456547199997658,0.10670089999985066,15.66157590000148,"[[""Hypertension guideline.pdf"", ""Heart Failure guideline.pdf"", ""Hypertension guideline.pdf""]]","[{""parameter"": ""systolic_bp"", ""min"": 120, ""max"": 130}]",True,"{""status"": ""NORMAL"", ""verified"": true, ""proof_type"": ""Bulletproofs"", ""public_bounds"": {""min"": 120, ""max"": 130, ""parameter"": ""systolic_bp""}, ""proof_size_bytes"": 800, ""prove_ms"": 50.259, ""verify_ms"": 5.244, ""zkp_process_ms"": 101.49199999978009, ""zkp_prove_ms"": 50.259, ""zkp_verify_ms"": 5.244}","{""status"": ""IN_RANGE"", ""message"": ""Verified reading(s) are within the selected range(s).""}",,,0.07802380000066478,6.593656599998212,0.1094584999991639,6.7913478999998915,"[[""Hypertension guideline.pdf"", ""Heart Failure guideline.pdf"", ""Hypertension guideline.pdf""]]","[{""parameter"": ""systolic_bp"", ""min"": 120, ""max"": 130}]",True,"{""status"": ""NORMAL"", ""verified"": true, ""proof_type"": ""Bulletproofs"", ""public_bounds"": {""min"": 120, ""max"": 130, ""parameter"": ""systolic_bp""}, ""proof_size_bytes"": 800, ""prove_ms"": 51.25, ""verify_ms"": 7.065, ""zkp_process_ms"": 104.68810000020312, ""zkp_prove_ms"": 51.25, ""zkp_verify_ms"": 7.065}","{""status"": ""IN_RANGE"", ""message"": ""Verified reading(s) are within the selected range(s).""}",,
100104,104,,,0.08383519999915734,5.368883700000879,0.2167074999997567,5.6807767000009335,"[[""Heart Failure guideline.pdf"", ""Heart Failure guideline.pdf"", ""Heart Failure guideline.pdf""]]","[{""parameter"": ""heart_rate"", ""min"": 60, ""max"": 100}]",True,"{""status"": ""NORMAL"", ""verified"": true, ""proof_type"": ""Bulletproofs"", ""public_bounds"": {""min"": 60, ""max"": 100, ""parameter"": ""heart_rate""}, ""proof_size_bytes"": 800, ""prove_ms"": 32.829, ""verify_ms"": 4.179, ""zkp_process_ms"": 212.11120000043593, ""zkp_prove_ms"": 32.829, ""zkp_verify_ms"": 4.179}","{""status"": ""IN_RANGE"", ""message"": ""Verified reading(s) are within the selected range(s).""}",,,0.07407960000091407,17.81969299999946,,17.903663200000665,"[[""Heart Failure guideline.pdf"", ""Heart Failure guideline.pdf"", ""Heart Failure guideline.pdf""]]",,,,,ValueError: Unsupported model parameter: 'atrial_fibrillation_rate',bounds
100105,105,True,True,0.06737539999994624,16.37182279999979,0.2011017000004358,16.648089700000128,"[[""Heart Failure guideline.pdf"", ""Heart Failure guideline.pdf"", ""Heart Failure guideline.pdf""]]","[{""parameter"": ""hemoglobin"", ""min"": 12, ""max"": 15}]",True,"{""status"": ""NORMAL"", ""verified"": true, ""proof_type"": ""Bulletproofs"", ""public_bounds"": {""min"": 12, ""max"": 15, ""parameter"": ""hemoglobin""}, ""proof_size_bytes"": 800, ""prove_ms"": 45.266, ""verify_ms"": 5.621, ""zkp_process_ms"": 196.1807999996381, ""zkp_prove_ms"": 45.266, ""zkp_verify_ms"": 5.621}","{""status"": ""IN_RANGE"", ""message"": ""Verified reading(s) are within the selected range(s).""}",,,0.08088779999889084,5.013702600001125,0.18274560000099882,5.289092199998777,"[[""Heart Failure guideline.pdf"", ""Heart Failure guideline.pdf"", ""Heart Failure guideline.pdf""]]","[{""parameter"": ""hemoglobin"", ""min"": 12, ""max"": 15}]",True,"{""status"": ""NORMAL"", ""verified"": true, ""proof_type"": ""Bulletproofs"", ""public_bounds"": {""min"": 12, ""max"": 15, ""parameter"": ""hemoglobin""}, ""proof_size_bytes"": 800, ""prove_ms"": 72.563, ""verify_ms"": 5.838, ""zkp_process_ms"": 175.01140000058513, ""zkp_prove_ms"": 72.563, ""zkp_verify_ms"": 5.838}","{""status"": ""IN_RANGE"", ""message"": ""Verified reading(s) are within the selected range(s).""}",,
100106,106,,,0.24306969999997818,5.565927500001635,,5.82024199999978,"[[""Hypertension guideline.pdf"", ""Heart Failure guideline.pdf"", ""Hypertension guideline.pdf""]]",,,,,ValueError: Unsupported model parameter: 'blood_pressure',bounds,0.07415820000096573,12.85654439999962,,12.940770299999713,"[[""Hypertension guideline.pdf"", ""Heart Failure guideline.pdf"", ""Hypertension guideline.pdf""]]",,,,,ValueError: Unsupported model parameter: 'blood_pressure',bounds
100107,107,,,0.08322240000052261,13.629663899999287,,13.72252540000045,"[[""Diabetes guideline.pdf"", ""Diabetes guideline.pdf"", ""Diabetes guideline.pdf""]]",,,,,ValueError: Unsupported model parameter: 'BMI',bounds,0.07399450000048091,6.744830699999511,,6.829704799998581,"[[""Diabetes guideline.pdf"", ""Diabetes guideline.pdf"", ""Diabetes guideline.pdf""]]",,,,,ValueError: Unsupported model parameter: 'BMI',bounds
100108,108,,,0.081820899999002,6.757237500001793,,6.850412800000413,"[[""Diabetes guideline.pdf"", ""Diabetes guideline.pdf"", ""Diabetes guideline.pdf""]]",,,,,ValueError: Unsupported model parameter: 'BMI',bounds,0.07459139999991748,6.348964099999648,,6.433567599999151,"[[""Diabetes guideline.pdf"", ""Diabetes guideline.pdf"", ""Diabetes guideline.pdf""]]",,,,,ValueError: Unsupported model parameter: 'BMI',bounds
100109,109,True,True,0.12362949999987904,15.296388799999477,0.11175120000007155,15.544175099999848,"[[""Hypertension guideline.pdf"", ""Heart Failure guideline.pdf"", ""Hypertension guideline.pdf""]]","[{""parameter"": ""systolic_bp"", ""min"": 120, ""max"": 130}]",False,"{""status"": ""ALERT"", ""verified"": false, ""proof_type"": ""Bulletproofs"", ""public_bounds"": {""min"": 120, ""max"": 130, ""parameter"": ""systolic_bp""}, ""reason"": ""device reports reading outside range; no range proof was produced""}","{""status"": ""OUT_OF_RANGE"", ""message"": ""Device reported a reading outside the selected range; clinical review is needed.""}",,,0.07318540000051144,6.603533499997866,0.02571209999950952,6.711338799999794,"[[""Hypertension guideline.pdf"", ""Heart Failure guideline.pdf"", ""Hypertension guideline.pdf""]]","[{""parameter"": ""systolic_bp"", ""min"": 120, ""max"": 130}]",False,"{""status"": ""ALERT"", ""verified"": false, ""proof_type"": ""Bulletproofs"", ""public_bounds"": {""min"": 120, ""max"": 130, ""parameter"": ""systolic_bp""}, ""reason"": ""device reports reading outside range; no range proof was produced""}","{""status"": ""OUT_OF_RANGE"", ""message"": ""Device reported a reading outside the selected range; clinical review is needed.""}",,
100110,110,,,0.08000109999920824,5.819582800000717,,5.9111324999994395,"[[""Diabetes guideline.pdf"", ""Diabetes guideline.pdf"", ""Diabetes guideline.pdf""]]",,,,,ValueError: Unsupported model parameter: 'BMI',bounds,0.07933299999967858,12.755698700000721,,12.845989699999336,"[[""Diabetes guideline.pdf"", ""Diabetes guideline.pdf"", ""Diabetes guideline.pdf""]]",,,,,ValueError: Unsupported model parameter: 'BMI',bounds
100111,111,True,True,0.12963370000034047,15.238166000001002,0.12277870000070834,15.501228799999808,"[[""Hypertension guideline.pdf"", ""Hypertension guideline.pdf"", ""Hypertension guideline.pdf""]]","[{""parameter"": ""systolic_bp"", ""min"": 120, ""max"": 140}]",False,"{""status"": ""ALERT"", ""verified"": false, ""proof_type"": ""Bulletproofs"", ""public_bounds"": {""min"": 120, ""max"": 140, ""parameter"": ""systolic_bp""}, ""reason"": ""device reports reading outside range; no range proof was produced""}","{""status"": ""OUT_OF_RANGE"", ""message"": ""Device reported a reading outside the selected range; clinical review is needed.""}",,,0.06937239999933809,6.538058100000853,0.02734480000071926,6.644339200000104,"[[""Hypertension guideline.pdf"", ""Hypertension guideline.pdf"", ""Hypertension guideline.pdf""]]","[{""parameter"": ""systolic_bp"", ""min"": 120, ""max"": 140}]",False,"{""status"": ""ALERT"", ""verified"": false, ""proof_type"": ""Bulletproofs"", ""public_bounds"": {""min"": 120, ""max"": 140, ""parameter"": ""systolic_bp""}, ""reason"": ""device reports reading outside range; no range proof was produced""}","{""status"": ""OUT_OF_RANGE"", ""message"": ""Device reported a reading outside the selected range; clinical review is needed.""}",,
100112,112,True,True,0.07673780000004626,6.0734436999991885,0.026581100000839797,6.185214000000997,"[[""Hypertension guideline.pdf"", ""Hypertension guideline.pdf"", ""Hypertension guideline.pdf""]]","[{""parameter"": ""systolic_bp"", ""min"": 120, ""max"": 140}]",False,"{""status"": ""ALERT"", ""verified"": false, ""proof_type"": ""Bulletproofs"", ""public_bounds"": {""min"": 120, ""max"": 140, ""parameter"": ""systolic_bp""}, ""reason"": ""device reports reading outside range; no range proof was produced""}","{""status"": ""OUT_OF_RANGE"", ""message"": ""Device reported a reading outside the selected range; clinical review is needed.""}",,,0.08866130000023986,15.454435300000114,0.15382150000004913,15.70877289999953,"[[""Hypertension guideline.pdf"", ""Hypertension guideline.pdf"", ""Hypertension guideline.pdf""]]","[{""parameter"": ""systolic_bp"", ""min"": 120, ""max"": 140}]",False,"{""status"": ""ALERT"", ""verified"": false, ""proof_type"": ""Bulletproofs"", ""public_bounds"": {""min"": 120, ""max"": 140, ""parameter"": ""systolic_bp""}, ""reason"": ""device reports reading outside range; no range proof was produced""}","{""status"": ""OUT_OF_RANGE"", ""message"": ""Device reported a reading outside the selected range; clinical review is needed.""}",,
100113,113,True,True,0.07677259999945818,14.661949999999706,0.12471430000005057,14.873139100000117,"[[""Hypertension guideline.pdf"", ""Hypertension guideline.pdf"", ""Hypertension guideline.pdf""]]","[{""parameter"": ""systolic_bp"", ""min"": 120, ""max"": 140}]",False,"{""status"": ""ALERT"", ""verified"": false, ""proof_type"": ""Bulletproofs"", ""public_bounds"": {""min"": 120, ""max"": 140, ""parameter"": ""systolic_bp""}, ""reason"": ""device reports reading outside range; no range proof was produced""}","{""status"": ""OUT_OF_RANGE"", ""message"": ""Device reported a reading outside the selected range; clinical review is needed.""}",,,0.06827990000056161,6.167537899998933,0.03636290000031295,6.2824744999998074,"[[""Hypertension guideline.pdf"", ""Hypertension guideline.pdf"", ""Hypertension guideline.pdf""]]","[{""parameter"": ""systolic_bp"", ""min"": 120, ""max"": 140}]",False,"{""status"": ""ALERT"", ""verified"": false, ""proof_type"": ""Bulletproofs"", ""public_bounds"": {""min"": 120, ""max"": 140, ""parameter"": ""systolic_bp""}, ""reason"": ""device reports reading outside range; no range proof was produced""}","{""status"": ""OUT_OF_RANGE"", ""message"": ""Device reported a reading outside the selected range; clinical review is needed.""}",,
100114,114,,,0.08736239999961981,6.075717900001109,,6.1746427999987645,"[[""Diabetes guideline.pdf"", ""Hypertension guideline.pdf"", ""Hypertension guideline.pdf""]]",,,,,ValueError: Unsupported model parameter: 'peak_flow',bounds,0.07780370000000403,13.776078599999892,,13.864757800000007,"[[""Diabetes guideline.pdf"", ""Hypertension guideline.pdf"", ""Hypertension guideline.pdf""]]",,,,,ValueError: Unsupported model parameter: 'peak_flow',bounds
100115,115,,,0.07873469999867666,6.4666431000005105,,6.556108500000846,"[[""Diabetes guideline.pdf"", ""Diabetes guideline.pdf"", ""Diabetes guideline.pdf""]]",,,,,ValueError: Unsupported model parameter: 'blood_glucose_level',bounds,0.0703721999998379,6.594251200000144,,6.67432000000008,"[[""Diabetes guideline.pdf"", ""Diabetes guideline.pdf"", ""Diabetes guideline.pdf""]]",,,,,ValueError: Unsupported model parameter: 'blood_glucose_level',bounds
100116,116,True,True,0.07607139999890933,6.590082000000621,0.09261369999876479,6.769935899999837,"[[""Hypertension guideline.pdf"", ""Hypertension guideline.pdf"", ""Hypertension guideline.pdf""]]","[{""parameter"": ""systolic_bp"", ""min"": 130, ""max"": 139}]",False,"{""status"": ""ALERT"", ""verified"": false, ""proof_type"": ""Bulletproofs"", ""public_bounds"": {""min"": 130, ""max"": 139, ""parameter"": ""systolic_bp""}, ""reason"": ""device reports reading outside range; no range proof was produced""}","{""status"": ""OUT_OF_RANGE"", ""message"": ""Device reported a reading outside the selected range; clinical review is needed.""}",,,0.07880570000088483,13.43524939999952,0.1221317999988969,13.647908700000698,"[[""Hypertension guideline.pdf"", ""Hypertension guideline.pdf"", ""Hypertension guideline.pdf""]]","[{""parameter"": ""systolic_bp"", ""min"": 130, ""max"": 139}]",False,"{""status"": ""ALERT"", ""verified"": false, ""proof_type"": ""Bulletproofs"", ""public_bounds"": {""min"": 130, ""max"": 139, ""parameter"": ""systolic_bp""}, ""reason"": ""device reports reading outside range; no range proof was produced""}","{""status"": ""OUT_OF_RANGE"", ""message"": ""Device reported a reading outside the selected range; clinical review is needed.""}",,
100117,117,True,True,0.07385259999864502,13.503223600000638,0.11402470000030007,13.699490700000752,"[[""Hypertension guideline.pdf"", ""Hypertension guideline.pdf"", ""Hypertension guideline.pdf""]]","[{""parameter"": ""systolic_bp"", ""min"": 130, ""max"": 139}]",False,"{""status"": ""ALERT"", ""verified"": false, ""proof_type"": ""Bulletproofs"", ""public_bounds"": {""min"": 130, ""max"": 139, ""parameter"": ""systolic_bp""}, ""reason"": ""device reports reading outside range; no range proof was produced""}","{""status"": ""OUT_OF_RANGE"", ""message"": ""Device reported a reading outside the selected range; clinical review is needed.""}",,,0.06879359999948065,6.213245400000233,0.02818689999912749,6.319383400001243,"[[""Hypertension guideline.pdf"", ""Hypertension guideline.pdf"", ""Hypertension guideline.pdf""]]","[{""parameter"": ""systolic_bp"", ""min"": 130, ""max"": 139}]",False,"{""status"": ""ALERT"", ""verified"": false, ""proof_type"": ""Bulletproofs"", ""public_bounds"": {""min"": 130, ""max"": 139, ""parameter"": ""systolic_bp""}, ""reason"": ""device reports reading outside range; no range proof was produced""}","{""status"": ""OUT_OF_RANGE"", ""message"": ""Device reported a reading outside the selected range; clinical review is needed.""}",,
100118,118,True,True,0.0778597999997146,6.535864499999661,0.0250873999993928,6.647977500000707,"[[""Hypertension guideline.pdf"", ""Hypertension guideline.pdf"", ""Hypertension guideline.pdf""]]","[{""parameter"": ""systolic_bp"", ""min"": 130, ""max"": 139}]",False,"{""status"": ""ALERT"", ""verified"": false, ""proof_type"": ""Bulletproofs"", ""public_bounds"": {""min"": 130, ""max"": 139, ""parameter"": ""systolic_bp""}, ""reason"": ""device reports reading outside range; no range proof was produced""}","{""status"": ""OUT_OF_RANGE"", ""message"": ""Device reported a reading outside the selected range; clinical review is needed.""}",,,0.08216259999971953,13.58448320000025,0.12030630000117526,13.798001600000134,"[[""Hypertension guideline.pdf"", ""Hypertension guideline.pdf"", ""Hypertension guideline.pdf""]]","[{""parameter"": ""systolic_bp"", ""min"": 130, ""max"": 139}]",False,"{""status"": ""ALERT"", ""verified"": false, ""proof_type"": ""Bulletproofs"", ""public_bounds"": {""min"": 130, ""max"": 139, ""parameter"": ""systolic_bp""}, ""reason"": ""device reports reading outside range; no range proof was produced""}","{""status"": ""OUT_OF_RANGE"", ""message"": ""Device reported a reading outside the selected range; clinical review is needed.""}",,
100119,119,True,True,0.08314890000110609,13.595570799998313,0.05924410000079661,13.748529000000417,"[[""Hypertension guideline.pdf"", ""Hypertension guideline.pdf"", ""Hypertension guideline.pdf""]]","[{""parameter"": ""systolic_bp"", ""min"": 120, ""max"": 130}]",False,"{""status"": ""ALERT"", ""verified"": false, ""proof_type"": ""Bulletproofs"", ""public_bounds"": {""min"": 120, ""max"": 130, ""parameter"": ""systolic_bp""}, ""reason"": ""device reports reading outside range; no range proof was produced""}","{""status"": ""OUT_OF_RANGE"", ""message"": ""Device reported a reading outside the selected range; clinical review is needed.""}",,,0.07250589999966905,6.423601500000586,0.025052599999980885,6.53185780000058,"[[""Hypertension guideline.pdf"", ""Hypertension guideline.pdf"", ""Hypertension guideline.pdf""]]","[{""parameter"": ""systolic_bp"", ""min"": 120, ""max"": 130}]",False,"{""status"": ""ALERT"", ""verified"": false, ""proof_type"": ""Bulletproofs"", ""public_bounds"": {""min"": 120, ""max"": 130, ""parameter"": ""systolic_bp""}, ""reason"": ""device reports reading outside range; no range proof was produced""}","{""status"": ""OUT_OF_RANGE"", ""message"": ""Device reported a reading outside the selected range; clinical review is needed.""}",,
100120,120,,,0.08257660000163014,5.982474999998885,,6.077206199999637,"[[""Diabetes guideline.pdf"", ""Diabetes guideline.pdf"", ""Diabetes guideline.pdf""]]",,,,,ValueError: Unsupported model parameter: 'BMI',bounds,0.08686930000112625,12.877953699999125,,12.973979299998973,"[[""Diabetes guideline.pdf"", ""Diabetes guideline.pdf"", ""Diabetes guideline.pdf""]]",,,,,ValueError: Unsupported model parameter: 'BMI',bounds
100121,121,,,0.08468409999841242,12.987780500001463,,13.083614700000908,"[[""Hypertension guideline.pdf"", ""Heart Failure guideline.pdf"", ""Hypertension guideline.pdf""]]",,,,,ValueError: Unsupported model parameter: 'blood_pressure',bounds,0.07486590000007709,5.285092500000246,,5.373252199999115,"[[""Hypertension guideline.pdf"", ""Heart Failure guideline.pdf"", ""Hypertension guideline.pdf""]]",,,,,ValueError: Unsupported model parameter: 'blood_pressure',bounds
100122,122,,,0.12314669999977923,5.038386099999116,,5.171963499999038,"[[""Diabetes guideline.pdf"", ""Hypertension guideline.pdf"", ""Hypertension guideline.pdf""]]",,,,,ValueError: Unsupported model parameter: 'peak_flow',bounds,0.08281949999945937,14.264583400001356,,14.358206699998846,"[[""Diabetes guideline.pdf"", ""Hypertension guideline.pdf"", ""Hypertension guideline.pdf""]]",,,,,ValueError: Unsupported model parameter: 'peak_flow',bounds
100123,123,True,True,0.09698589999970864,13.452004300001136,0.05150770000000193,13.61388099999931,"[[""Hypertension guideline.pdf"", ""Hypertension guideline.pdf"", ""Hypertension guideline.pdf""]]","[{""parameter"": ""systolic_bp"", ""min"": 130, ""max"": 139}]",False,"{""status"": ""ALERT"", ""verified"": false, ""proof_type"": ""Bulletproofs"", ""public_bounds"": {""min"": 130, ""max"": 139, ""parameter"": ""systolic_bp""}, ""reason"": ""device reports reading outside range; no range proof was produced""}","{""status"": ""OUT_OF_RANGE"", ""message"": ""Device reported a reading outside the selected range; clinical review is needed.""}",,,0.0784523000002082,6.544631099999606,0.03152310000041325,6.665036700000201,"[[""Hypertension guideline.pdf"", ""Hypertension guideline.pdf"", ""Hypertension guideline.pdf""]]","[{""parameter"": ""systolic_bp"", ""min"": 130, ""max"": 139}]",False,"{""status"": ""ALERT"", ""verified"": false, ""proof_type"": ""Bulletproofs"", ""public_bounds"": {""min"": 130, ""max"": 139, ""parameter"": ""systolic_bp""}, ""reason"": ""device reports reading outside range; no range proof was produced""}","{""status"": ""OUT_OF_RANGE"", ""message"": ""Device reported a reading outside the selected range; clinical review is needed.""}",,
100124,124,True,True,0.06904469999972207,5.402395300001444,0.029236000000310014,5.508244300001024,"[[""Heart Failure guideline.pdf"", ""Heart Failure guideline.pdf"", ""Heart Failure guideline.pdf""]]","[{""parameter"": ""hemoglobin"", ""min"": 12, ""max"": 15}]",False,"{""status"": ""ALERT"", ""verified"": false, ""proof_type"": ""Bulletproofs"", ""public_bounds"": {""min"": 12, ""max"": 15, ""parameter"": ""hemoglobin""}, ""reason"": ""device reports reading outside range; no range proof was produced""}","{""status"": ""OUT_OF_RANGE"", ""message"": ""Device reported a reading outside the selected range; clinical review is needed.""}",,,0.08699760000126844,16.053951699997924,0.12326690000008966,16.274263600000268,"[[""Heart Failure guideline.pdf"", ""Heart Failure guideline.pdf"", ""Heart Failure guideline.pdf""]]","[{""parameter"": ""hemoglobin"", ""min"": 12, ""max"": 15}]",False,"{""status"": ""ALERT"", ""verified"": false, ""proof_type"": ""Bulletproofs"", ""public_bounds"": {""min"": 12, ""max"": 15, ""parameter"": ""hemoglobin""}, ""reason"": ""device reports reading outside range; no range proof was produced""}","{""status"": ""OUT_OF_RANGE"", ""message"": ""Device reported a reading outside the selected range; clinical review is needed.""}",,
100125,125,True,True,0.09626939999907336,15.868893700000626,0.12778719999914756,16.104487900000095,"[[""Hypertension guideline.pdf"", ""Heart Failure guideline.pdf"", ""Hypertension guideline.pdf""]]","[{""parameter"": ""systolic_bp"", ""min"": 120, ""max"": 130}]",False,"{""status"": ""ALERT"", ""verified"": false, ""proof_type"": ""Bulletproofs"", ""public_bounds"": {""min"": 120, ""max"": 130, ""parameter"": ""systolic_bp""}, ""reason"": ""device reports reading outside range; no range proof was produced""}","{""status"": ""OUT_OF_RANGE"", ""message"": ""Device reported a reading outside the selected range; clinical review is needed.""}",,,0.08146579999993264,6.7735197999991215,0.04427210000176274,6.9108078999997815,"[[""Hypertension guideline.pdf"", ""Heart Failure guideline.pdf"", ""Hypertension guideline.pdf""]]","[{""parameter"": ""systolic_bp"", ""min"": 120, ""max"": 130}]",False,"{""status"": ""ALERT"", ""verified"": false, ""proof_type"": ""Bulletproofs"", ""public_bounds"": {""min"": 120, ""max"": 130, ""parameter"": ""systolic_bp""}, ""reason"": ""device reports reading outside range; no range proof was produced""}","{""status"": ""OUT_OF_RANGE"", ""message"": ""Device reported a reading outside the selected range; clinical review is needed.""}",,
100126,126,True,True,0.07700529999965511,5.895361500000945,0.0595895999995264,6.039450299998862,"[[""Hypertension guideline.pdf"", ""Heart Failure guideline.pdf"", ""Hypertension guideline.pdf""]]","[{""parameter"": ""systolic_bp"", ""min"": 120, ""max"": 130}]",False,"{""status"": ""ALERT"", ""verified"": false, ""proof_type"": ""Bulletproofs"", ""public_bounds"": {""min"": 120, ""max"": 130, ""parameter"": ""systolic_bp""}, ""reason"": ""device reports reading outside range; no range proof was produced""}","{""status"": ""OUT_OF_RANGE"", ""message"": ""Device reported a reading outside the selected range; clinical review is needed.""}",,,0.08284830000047805,16.25516709999829,0.12135049999960756,16.467771799998445,"[[""Hypertension guideline.pdf"", ""Heart Failure guideline.pdf"", ""Hypertension guideline.pdf""]]","[{""parameter"": ""systolic_bp"", ""min"": 120, ""max"": 130}]",False,"{""status"": ""ALERT"", ""verified"": false, ""proof_type"": ""Bulletproofs"", ""public_bounds"": {""min"": 120, ""max"": 130, ""parameter"": ""systolic_bp""}, ""reason"": ""device reports reading outside range; no range proof was produced""}","{""status"": ""OUT_OF_RANGE"", ""message"": ""Device reported a reading outside the selected range; clinical review is needed.""}",,
100127,127,True,True,0.07673820000127307,18.166331899998113,0.11558069999955478,18.368414000000485,"[[""Heart Failure guideline.pdf"", ""Heart Failure guideline.pdf"", ""Heart Failure guideline.pdf""]]","[{""parameter"": ""heart_rate"", ""min"": 60, ""max"": 100}]",False,"{""status"": ""ALERT"", ""verified"": false, ""proof_type"": ""Bulletproofs"", ""public_bounds"": {""min"": 60, ""max"": 100, ""parameter"": ""heart_rate""}, ""reason"": ""device reports reading outside range; no range proof was produced""}","{""status"": ""OUT_OF_RANGE"", ""message"": ""Device reported a reading outside the selected range; clinical review is needed.""}",,,0.06855160000122851,5.506989199999225,0.03111899999930756,5.614438500000688,"[[""Heart Failure guideline.pdf"", ""Heart Failure guideline.pdf"", ""Heart Failure guideline.pdf""]]","[{""parameter"": ""heart_rate"", ""min"": 60, ""max"": 100}]",False,"{""status"": ""ALERT"", ""verified"": false, ""proof_type"": ""Bulletproofs"", ""public_bounds"": {""min"": 60, ""max"": 100, ""parameter"": ""heart_rate""}, ""reason"": ""device reports reading outside range; no range proof was produced""}","{""status"": ""OUT_OF_RANGE"", ""message"": ""Device reported a reading outside the selected range; clinical review is needed.""}",,
100128,128,,,0.07844719999957306,7.278377599999658,,7.367042300000321,"[[""Diabetes guideline.pdf"", ""Diabetes guideline.pdf"", ""Diabetes guideline.pdf""]]",,,,,ValueError: Unsupported model parameter: 'BMI',bounds,0.07517320000079053,14.158993099998042,,14.245980100000452,"[[""Diabetes guideline.pdf"", ""Diabetes guideline.pdf"", ""Diabetes guideline.pdf""]]",,,,,ValueError: Unsupported model parameter: 'BMI',bounds
100129,129,,,0.09324109999943175,13.416736900000615,,13.520214600001054,"[[""Hypertension guideline.pdf"", ""Heart Failure guideline.pdf"", ""Hypertension guideline.pdf""]]",,,,,ValueError: Unsupported model parameter: 'blood_pressure',bounds,0.07071080000059737,5.356084199998804,,5.436477600000217,"[[""Hypertension guideline.pdf"", ""Heart Failure guideline.pdf"", ""Hypertension guideline.pdf""]]",,,,,ValueError: Unsupported model parameter: 'blood_pressure',bounds
100130,130,,,0.09418829999958689,6.075222699999358,,6.181298600000446,"[[""Diabetes guideline.pdf"", ""Diabetes guideline.pdf"", ""Diabetes guideline.pdf""]]",,,,,ValueError: Unsupported model parameter: 'BMI',bounds,0.09438700000100653,13.381686299999274,,13.4897990999998,"[[""Diabetes guideline.pdf"", ""Diabetes guideline.pdf"", ""Diabetes guideline.pdf""]]",,,,,ValueError: Unsupported model parameter: 'BMI',bounds
100131,131,True,True,0.10292779999872437,16.96899459999986,0.19303249999938998,17.276741399999082,"[[""Heart Failure guideline.pdf"", ""Heart Failure guideline.pdf"", ""Heart Failure guideline.pdf""]]","[{""parameter"": ""hemoglobin"", ""min"": 10, ""max"": 12}]",True,"{""status"": ""NORMAL"", ""verified"": true, ""proof_type"": ""Bulletproofs"", ""public_bounds"": {""min"": 10, ""max"": 12, ""parameter"": ""hemoglobin""}, ""proof_size_bytes"": 800, ""prove_ms"": 42.963, ""verify_ms"": 4.073, ""zkp_process_ms"": 186.77610000122513, ""zkp_prove_ms"": 42.963, ""zkp_verify_ms"": 4.073}","{""status"": ""IN_RANGE"", ""message"": ""Verified reading(s) are within the selected range(s).""}",,,0.06551200000103563,5.68079249999937,0.1270024999994348,5.881500999999844,"[[""Heart Failure guideline.pdf"", ""Heart Failure guideline.pdf"", ""Heart Failure guideline.pdf""]]","[{""parameter"": ""hemoglobin"", ""min"": 10, ""max"": 12}]",True,"{""status"": ""NORMAL"", ""verified"": true, ""proof_type"": ""Bulletproofs"", ""public_bounds"": {""min"": 10, ""max"": 12, ""parameter"": ""hemoglobin""}, ""proof_size_bytes"": 800, ""prove_ms"": 51.977, ""verify_ms"": 6.884, ""zkp_process_ms"": 121.30869999964489, ""zkp_prove_ms"": 51.977, ""zkp_verify_ms"": 6.884}","{""status"": ""IN_RANGE"", ""message"": ""Verified reading(s) are within the selected range(s).""}",,
100132,132,True,True,0.07841460000054212,6.489940199999182,0.025497200000245357,6.6043097999991005,"[[""Hypertension guideline.pdf"", ""Heart Failure guideline.pdf"", ""Hypertension guideline.pdf""]]","[{""parameter"": ""systolic_bp"", ""min"": 120, ""max"": 130}]",False,"{""status"": ""ALERT"", ""verified"": false, ""proof_type"": ""Bulletproofs"", ""public_bounds"": {""min"": 120, ""max"": 130, ""parameter"": ""systolic_bp""}, ""reason"": ""device reports reading outside range; no range proof was produced""}","{""status"": ""OUT_OF_RANGE"", ""message"": ""Device reported a reading outside the selected range; clinical review is needed.""}",,,0.07354229999873496,6.209029499999815,0.02895379999972647,6.322607899999639,"[[""Hypertension guideline.pdf"", ""Heart Failure guideline.pdf"", ""Hypertension guideline.pdf""]]","[{""parameter"": ""systolic_bp"", ""min"": 120, ""max"": 130}]",False,"{""status"": ""ALERT"", ""verified"": false, ""proof_type"": ""Bulletproofs"", ""public_bounds"": {""min"": 120, ""max"": 130, ""parameter"": ""systolic_bp""}, ""reason"": ""device reports reading outside range; no range proof was produced""}","{""status"": ""OUT_OF_RANGE"", ""message"": ""Device reported a reading outside the selected range; clinical review is needed.""}",,
100133,133,,,0.07505069999933767,13.535756299999775,,13.621039399999063,"[[""Diabetes guideline.pdf"", ""Diabetes guideline.pdf"", ""Diabetes guideline.pdf""]]",,,,,ValueError: Unsupported model parameter: 'blood_glucose_level',bounds,0.07636570000067877,6.532865599998331,,6.620348300000842,"[[""Diabetes guideline.pdf"", ""Diabetes guideline.pdf"", ""Diabetes guideline.pdf""]]",,,,,ValueError: Unsupported model parameter: 'blood_glucose_level',bounds
100134,134,,,0.0938071000000491,5.295635000000402,,5.401543300000412,"[[""Hypertension guideline.pdf"", ""Heart Failure guideline.pdf"", ""Hypertension guideline.pdf""]]",,,,,ValueError: Unsupported model parameter: 'blood_pressure',bounds,0.07958440000038536,12.713425500000085,,12.803649700001188,"[[""Hypertension guideline.pdf"", ""Heart Failure guideline.pdf"", ""Hypertension guideline.pdf""]]",,,,,ValueError: Unsupported model parameter: 'blood_pressure',bounds
100135,135,,,0.0827449999997043,12.880187300001126,,12.973518999999214,"[[""Hypertension guideline.pdf"", ""Heart Failure guideline.pdf"", ""Hypertension guideline.pdf""]]",,,,,ValueError: Unsupported model parameter: 'blood_pressure',bounds,0.09309039999970992,5.367675699999381,,5.4734799999987445,"[[""Hypertension guideline.pdf"", ""Heart Failure guideline.pdf"", ""Hypertension guideline.pdf""]]",,,,,ValueError: Unsupported model parameter: 'blood_pressure',bounds
100136,136,,,0.1003101999995124,5.310120899999674,,5.425876200000857,"[[""Diabetes guideline.pdf"", ""Hypertension guideline.pdf"", ""Hypertension guideline.pdf""]]",,,,,ValueError: Unsupported model parameter: 'peak_flow',bounds,0.08310110000093118,14.245407299998988,,14.339166300000215,"[[""Diabetes guideline.pdf"", ""Hypertension guideline.pdf"", ""Hypertension guideline.pdf""]]",,,,,ValueError: Unsupported model parameter: 'peak_flow',bounds
100137,137,True,True,0.0837418000010075,18.10090459999992,0.12472600000000966,18.319959700000254,"[[""Heart Failure guideline.pdf"", ""Heart Failure guideline.pdf"", ""Heart Failure guideline.pdf""]]","[{""parameter"": ""heart_rate"", ""min"": 60, ""max"": 100}]",False,"{""status"": ""ALERT"", ""verified"": false, ""proof_type"": ""Bulletproofs"", ""public_bounds"": {""min"": 60, ""max"": 100, ""parameter"": ""heart_rate""}, ""reason"": ""device reports reading outside range; no range proof was produced""}","{""status"": ""OUT_OF_RANGE"", ""message"": ""Device reported a reading outside the selected range; clinical review is needed.""}",,,0.06371590000162541,6.026739999999336,0.028399099999660393,6.128871300001265,"[[""Heart Failure guideline.pdf"", ""Heart Failure guideline.pdf"", ""Heart Failure guideline.pdf""]]","[{""parameter"": ""heart_rate"", ""min"": 60, ""max"": 100}]",False,"{""status"": ""ALERT"", ""verified"": false, ""proof_type"": ""Bulletproofs"", ""public_bounds"": {""min"": 60, ""max"": 100, ""parameter"": ""heart_rate""}, ""reason"": ""device reports reading outside range; no range proof was produced""}","{""status"": ""OUT_OF_RANGE"", ""message"": ""Device reported a reading outside the selected range; clinical review is needed.""}",,
100138,138,,,0.1070889000002353,5.569043800000145,,5.691785200000595,"[[""Hypertension guideline.pdf"", ""Heart Failure guideline.pdf"", ""Hypertension guideline.pdf""]]",,,,,ValueError: Unsupported model parameter: 'blood_pressure',bounds,0.0864385000004404,14.117649600000732,,14.212129699999423,"[[""Hypertension guideline.pdf"", ""Heart Failure guideline.pdf"", ""Hypertension guideline.pdf""]]",,,,,ValueError: Unsupported model parameter: 'blood_pressure',bounds
100139,139,,,0.1020955000003596,14.607673700000305,,14.720901900000172,"[[""Diabetes guideline.pdf"", ""Hypertension guideline.pdf"", ""Hypertension guideline.pdf""]]",,,,,ValueError: Unsupported model parameter: 'peak_flow',bounds,0.08964849999938451,6.4589831000012055,,6.560873399999764,"[[""Diabetes guideline.pdf"", ""Hypertension guideline.pdf"", ""Hypertension guideline.pdf""]]",,,,,ValueError: Unsupported model parameter: 'peak_flow',bounds
100140,140,,,0.08015290000003006,6.599332899999354,,6.692488200000298,"[[""Diabetes guideline.pdf"", ""Hypertension guideline.pdf"", ""Hypertension guideline.pdf""]]",,,,,ValueError: Unsupported model parameter: 'peak_flow',bounds,0.08421140000064042,7.81471689999853,,7.912151900000026,"[[""Diabetes guideline.pdf"", ""Hypertension guideline.pdf"", ""Hypertension guideline.pdf""]]",,,,,ValueError: Unsupported model parameter: 'peak_flow',bounds
100141,141,True,True,0.09248149999984889,13.910124500000165,0.143390699999145,14.158433800001148,"[[""Hypertension guideline.pdf"", ""Hypertension guideline.pdf"", ""Hypertension guideline.pdf""]]","[{""parameter"": ""systolic_bp"", ""min"": 130, ""max"": 139}]",True,"{""status"": ""NORMAL"", ""verified"": true, ""proof_type"": ""Bulletproofs"", ""public_bounds"": {""min"": 130, ""max"": 139, ""parameter"": ""systolic_bp""}, ""proof_size_bytes"": 800, ""prove_ms"": 55.991, ""verify_ms"": 6.248, ""zkp_process_ms"": 137.00530000096478, ""zkp_prove_ms"": 55.991, ""zkp_verify_ms"": 6.248}","{""status"": ""IN_RANGE"", ""message"": ""Verified reading(s) are within the selected range(s).""}",,,0.06628070000078878,6.641959899998255,0.1026638000003004,6.820320500000889,"[[""Hypertension guideline.pdf"", ""Hypertension guideline.pdf"", ""Hypertension guideline.pdf""]]","[{""parameter"": ""systolic_bp"", ""min"": 130, ""max"": 139}]",True,"{""status"": ""NORMAL"", ""verified"": true, ""proof_type"": ""Bulletproofs"", ""public_bounds"": {""min"": 130, ""max"": 139, ""parameter"": ""systolic_bp""}, ""proof_size_bytes"": 800, ""prove_ms"": 47.42, ""verify_ms"": 6.043, ""zkp_process_ms"": 98.02660000059404, ""zkp_prove_ms"": 47.42, ""zkp_verify_ms"": 6.043}","{""status"": ""IN_RANGE"", ""message"": ""Verified reading(s) are within the selected range(s).""}",,
100142,142,,,0.07571980000102485,6.585992299998907,,6.671132299999954,"[[""Diabetes guideline.pdf"", ""Diabetes guideline.pdf"", ""Diabetes guideline.pdf""]]",,,,,ValueError: Unsupported model parameter: 'blood_glucose_level',bounds,0.06745760000012524,13.798059400000056,,13.875220099998842,"[[""Diabetes guideline.pdf"", ""Diabetes guideline.pdf"", ""Diabetes guideline.pdf""]]",,,,,ValueError: Unsupported model parameter: 'blood_glucose_level',bounds
100143,143,True,True,0.08677949999946577,13.56763089999913,0.02661179999995511,13.692396700000245,"[[""Hypertension guideline.pdf"", ""Hypertension guideline.pdf"", ""Hypertension guideline.pdf""]]","[{""parameter"": ""systolic_bp"", ""min"": 130, ""max"": 139}]",False,"{""status"": ""ALERT"", ""verified"": false, ""proof_type"": ""Bulletproofs"", ""public_bounds"": {""min"": 130, ""max"": 139, ""parameter"": ""systolic_bp""}, ""reason"": ""device reports reading outside range; no range proof was produced""}","{""status"": ""OUT_OF_RANGE"", ""message"": ""Device reported a reading outside the selected range; clinical review is needed.""}",,,0.07500900000013644,6.524282200000016,0.03264099999978498,6.641511599998921,"[[""Hypertension guideline.pdf"", ""Hypertension guideline.pdf"", ""Hypertension guideline.pdf""]]","[{""parameter"": ""systolic_bp"", ""min"": 130, ""max"": 139}]",False,"{""status"": ""ALERT"", ""verified"": false, ""proof_type"": ""Bulletproofs"", ""public_bounds"": {""min"": 130, ""max"": 139, ""parameter"": ""systolic_bp""}, ""reason"": ""device reports reading outside range; no range proof was produced""}","{""status"": ""OUT_OF_RANGE"", ""message"": ""Device reported a reading outside the selected range; clinical review is needed.""}",,
100144,144,,,0.08751819999997679,5.4635128999998415,,5.562397299998338,"[[""Diabetes guideline.pdf"", ""Hypertension guideline.pdf"", ""Hypertension guideline.pdf""]]",,,,,ValueError: Unsupported model parameter: 'peak_flow',bounds,0.10118689999944763,14.897350600000209,,15.008905400000003,"[[""Diabetes guideline.pdf"", ""Hypertension guideline.pdf"", ""Hypertension guideline.pdf""]]",,,,,ValueError: Unsupported model parameter: 'peak_flow',bounds
100145,145,True,True,0.08749750000060885,13.76523079999788,0.1185235000011744,13.98325929999919,"[[""Hypertension guideline.pdf"", ""Hypertension guideline.pdf"", ""Hypertension guideline.pdf""]]","[{""parameter"": ""systolic_bp"", ""min"": 130, ""max"": 139}]",False,"{""status"": ""ALERT"", ""verified"": false, ""proof_type"": ""Bulletproofs"", ""public_bounds"": {""min"": 130, ""max"": 139, ""parameter"": ""systolic_bp""}, ""reason"": ""device reports reading outside range; no range proof was produced""}","{""status"": ""OUT_OF_RANGE"", ""message"": ""Device reported a reading outside the selected range; clinical review is needed.""}",,,0.06638589999965916,6.551008300000831,0.11881319999883999,6.746210199999041,"[[""Hypertension guideline.pdf"", ""Hypertension guideline.pdf"", ""Hypertension guideline.pdf""]]","[{""parameter"": ""systolic_bp"", ""min"": 130, ""max"": 139}]",False,"{""status"": ""ALERT"", ""verified"": false, ""proof_type"": ""Bulletproofs"", ""public_bounds"": {""min"": 130, ""max"": 139, ""parameter"": ""systolic_bp""}, ""reason"": ""device reports reading outside range; no range proof was produced""}","{""status"": ""OUT_OF_RANGE"", ""message"": ""Device reported a reading outside the selected range; clinical review is needed.""}",,
100146,146,True,True,0.0775776999998925,6.883271500000774,0.05790960000013001,7.027511199999935,"[[""Hypertension guideline.pdf"", ""Hypertension guideline.pdf"", ""Hypertension guideline.pdf""]]","[{""parameter"": ""systolic_bp"", ""min"": 120, ""max"": 130}]",False,"{""status"": ""ALERT"", ""verified"": false, ""proof_type"": ""Bulletproofs"", ""public_bounds"": {""min"": 120, ""max"": 130, ""parameter"": ""systolic_bp""}, ""reason"": ""device reports reading outside range; no range proof was produced""}","{""status"": ""OUT_OF_RANGE"", ""message"": ""Device reported a reading outside the selected range; clinical review is needed.""}",,,0.06777859999965585,14.315152000001035,0.13434670000060578,14.527273699999569,"[[""Hypertension guideline.pdf"", ""Hypertension guideline.pdf"", ""Hypertension guideline.pdf""]]","[{""parameter"": ""systolic_bp"", ""min"": 120, ""max"": 130}]",False,"{""status"": ""ALERT"", ""verified"": false, ""proof_type"": ""Bulletproofs"", ""public_bounds"": {""min"": 120, ""max"": 130, ""parameter"": ""systolic_bp""}, ""reason"": ""device reports reading outside range; no range proof was produced""}","{""status"": ""OUT_OF_RANGE"", ""message"": ""Device reported a reading outside the selected range; clinical review is needed.""}",,
100147,147,True,True,0.10407309999936842,15.99218910000127,0.18564830000104848,16.29850070000066,"[[""Hypertension guideline.pdf"", ""Hypertension guideline.pdf"", ""Hypertension guideline.pdf""]]","[{""parameter"": ""systolic_bp"", ""min"": 90, ""max"": 120}]",True,"{""status"": ""NORMAL"", ""verified"": true, ""proof_type"": ""Bulletproofs"", ""public_bounds"": {""min"": 90, ""max"": 120, ""parameter"": ""systolic_bp""}, ""proof_size_bytes"": 800, ""prove_ms"": 37.158, ""verify_ms"": 3.63, ""zkp_process_ms"": 180.49810000047728, ""zkp_prove_ms"": 37.158, ""zkp_verify_ms"": 3.63}","{""status"": ""IN_RANGE"", ""message"": ""Verified reading(s) are within the selected range(s).""}",,,0.06789190000017697,6.747036900000239,0.11495210000066436,6.938980300001276,"[[""Hypertension guideline.pdf"", ""Hypertension guideline.pdf"", ""Hypertension guideline.pdf""]]","[{""parameter"": ""systolic_bp"", ""min"": 90, ""max"": 120}]",True,"{""status"": ""NORMAL"", ""verified"": true, ""proof_type"": ""Bulletproofs"", ""public_bounds"": {""min"": 90, ""max"": 120, ""parameter"": ""systolic_bp""}, ""proof_size_bytes"": 800, ""prove_ms"": 54.7, ""verify_ms"": 7.009, ""zkp_process_ms"": 108.96780000075523, ""zkp_prove_ms"": 54.7, ""zkp_verify_ms"": 7.009}","{""status"": ""IN_RANGE"", ""message"": ""Verified reading(s) are within the selected range(s).""}",,
100148,148,,,0.08759189999909722,6.661267299999963,,6.7625779999998485,"[[""Diabetes guideline.pdf"", ""Hypertension guideline.pdf"", ""Hypertension guideline.pdf""]]",,,,,ValueError: Unsupported model parameter: 'peak_flow',bounds,0.07108919999882346,15.254769800001668,,15.335759800000233,"[[""Diabetes guideline.pdf"", ""Hypertension guideline.pdf"", ""Hypertension guideline.pdf""]]",,,,,ValueError: Unsupported model parameter: 'peak_flow',bounds
100149,149,False,True,0.0919515000005049,17.327150499999334,0.12093070000082662,17.55225799999971,"[[""Heart Failure guideline.pdf"", ""Heart Failure guideline.pdf"", ""Heart Failure guideline.pdf""]]","[{""parameter"": ""systolic_bp"", ""min"": 120, ""max"": 130}]",False,"{""status"": ""ALERT"", ""verified"": false, ""proof_type"": ""Bulletproofs"", ""public_bounds"": {""min"": 120, ""max"": 130, ""parameter"": ""systolic_bp""}, ""reason"": ""device reports reading outside range; no range proof was produced""}","{""status"": ""OUT_OF_RANGE"", ""message"": ""Device reported a reading outside the selected range; clinical review is needed.""}",,,0.08044640000116487,5.298693899998398,0.03229520000058983,5.421887800001059,"[[""Heart Failure guideline.pdf"", ""Heart Failure guideline.pdf"", ""Heart Failure guideline.pdf""]]","[{""parameter"": ""hemoglobin"", ""min"": 10, ""max"": 12}]",False,"{""status"": ""ALERT"", ""verified"": false, ""proof_type"": ""Bulletproofs"", ""public_bounds"": {""min"": 10, ""max"": 12, ""parameter"": ""hemoglobin""}, ""reason"": ""device reports reading outside range; no range proof was produced""}","{""status"": ""OUT_OF_RANGE"", ""message"": ""Device reported a reading outside the selected range; clinical review is needed.""}",,
100150,150,True,True,0.07225000000107684,7.2945712999971875,0.12468769999941287,7.7411741000014445,"[[""Hypertension guideline.pdf"", ""Hypertension guideline.pdf"", ""Hypertension guideline.pdf""]]","[{""parameter"": ""systolic_bp"", ""min"": 120, ""max"": 130}]",False,"{""status"": ""ALERT"", ""verified"": false, ""proof_type"": ""Bulletproofs"", ""public_bounds"": {""min"": 120, ""max"": 130, ""parameter"": ""systolic_bp""}, ""reason"": ""device reports reading outside range; no range proof was produced""}","{""status"": ""OUT_OF_RANGE"", ""message"": ""Device reported a reading outside the selected range; clinical review is needed.""}",,,0.08956390000093961,14.924862999998368,0.12496789999931934,15.152831999999762,"[[""Hypertension guideline.pdf"", ""Hypertension guideline.pdf"", ""Hypertension guideline.pdf""]]","[{""parameter"": ""systolic_bp"", ""min"": 120, ""max"": 130}]",False,"{""status"": ""ALERT"", ""verified"": false, ""proof_type"": ""Bulletproofs"", ""public_bounds"": {""min"": 120, ""max"": 130, ""parameter"": ""systolic_bp""}, ""reason"": ""device reports reading outside range; no range proof was produced""}","{""status"": ""OUT_OF_RANGE"", ""message"": ""Device reported a reading outside the selected range; clinical review is needed.""}",,
100151,151,True,True,0.08081370000036259,15.828994599998623,0.127506099999664,16.046552600000723,"[[""Hypertension guideline.pdf"", ""Hypertension guideline.pdf"", ""Hypertension guideline.pdf""]]","[{""parameter"": ""systolic_bp"", ""min"": 120, ""max"": 140}]",False,"{""status"": ""ALERT"", ""verified"": false, ""proof_type"": ""Bulletproofs"", ""public_bounds"": {""min"": 120, ""max"": 140, ""parameter"": ""systolic_bp""}, ""reason"": ""device reports reading outside range; no range proof was produced""}","{""status"": ""OUT_OF_RANGE"", ""message"": ""Device reported a reading outside the selected range; clinical review is needed.""}",,,0.0660874999994121,6.979361699999572,0.04232860000047367,7.0961361000008765,"[[""Hypertension guideline.pdf"", ""Hypertension guideline.pdf"", ""Hypertension guideline.pdf""]]","[{""parameter"": ""systolic_bp"", ""min"": 120, ""max"": 140}]",False,"{""status"": ""ALERT"", ""verified"": false, ""proof_type"": ""Bulletproofs"", ""public_bounds"": {""min"": 120, ""max"": 140, ""parameter"": ""systolic_bp""}, ""reason"": ""device reports reading outside range; no range proof was produced""}","{""status"": ""OUT_OF_RANGE"", ""message"": ""Device reported a reading outside the selected range; clinical review is needed.""}",,
100152,152,True,True,0.11426770000070974,6.8654007999994064,0.032245600001260755,7.021603299999697,"[[""Hypertension guideline.pdf"", ""Hypertension guideline.pdf"", ""Hypertension guideline.pdf""]]","[{""parameter"": ""systolic_bp"", ""min"": 130, ""max"": 139}]",False,"{""status"": ""ALERT"", ""verified"": false, ""proof_type"": ""Bulletproofs"", ""public_bounds"": {""min"": 130, ""max"": 139, ""parameter"": ""systolic_bp""}, ""reason"": ""device reports reading outside range; no range proof was produced""}","{""status"": ""OUT_OF_RANGE"", ""message"": ""Device reported a reading outside the selected range; clinical review is needed.""}",,,0.09111420000044745,6.418035099999543,0.02698480000071868,6.550379700000121,"[[""Hypertension guideline.pdf"", ""Hypertension guideline.pdf"", ""Hypertension guideline.pdf""]]","[{""parameter"": ""systolic_bp"", ""min"": 130, ""max"": 139}]",False,"{""status"": ""ALERT"", ""verified"": false, ""proof_type"": ""Bulletproofs"", ""public_bounds"": {""min"": 130, ""max"": 139, ""parameter"": ""systolic_bp""}, ""reason"": ""device reports reading outside range; no range proof was produced""}","{""status"": ""OUT_OF_RANGE"", ""message"": ""Device reported a reading outside the selected range; clinical review is needed.""}",,
100153,153,,,0.08718129999942903,13.785513900000296,,13.886022400000002,"[[""Hypertension guideline.pdf"", ""Heart Failure guideline.pdf"", ""Hypertension guideline.pdf""]]",,,,,ValueError: Unsupported model parameter: 'blood_pressure',bounds,0.0881943999993382,5.569986399999834,,5.670407600000544,"[[""Hypertension guideline.pdf"", ""Heart Failure guideline.pdf"", ""Hypertension guideline.pdf""]]",,,,,ValueError: Unsupported model parameter: 'blood_pressure',bounds
100154,154,False,True,0.0694815999995626,5.685489600000437,0.025468100000580307,5.791462899998805,"[[""Heart Failure guideline.pdf"", ""Heart Failure guideline.pdf"", ""Heart Failure guideline.pdf""]]","[{""parameter"": ""hemoglobin"", ""min"": 10, ""max"": 12}]",False,"{""status"": ""ALERT"", ""verified"": false, ""proof_type"": ""Bulletproofs"", ""public_bounds"": {""min"": 10, ""max"": 12, ""parameter"": ""hemoglobin""}, ""reason"": ""device reports reading outside range; no range proof was produced""}","{""status"": ""OUT_OF_RANGE"", ""message"": ""Device reported a reading outside the selected range; clinical review is needed.""}",,,0.0932345000001078,17.555929899999683,0.1221268000008422,17.783950500001083,"[[""Heart Failure guideline.pdf"", ""Heart Failure guideline.pdf"", ""Heart Failure guideline.pdf""]]","[{""parameter"": ""systolic_bp"", ""min"": 120, ""max"": 130}]",False,"{""status"": ""ALERT"", ""verified"": false, ""proof_type"": ""Bulletproofs"", ""public_bounds"": {""min"": 120, ""max"": 130, ""parameter"": ""systolic_bp""}, ""reason"": ""device reports reading outside range; no range proof was produced""}","{""status"": ""OUT_OF_RANGE"", ""message"": ""Device reported a reading outside the selected range; clinical review is needed.""}",,
100155,155,,,0.12470110000140266,16.27815979999832,,16.414349200000288,"[[""Diabetes guideline.pdf"", ""Hypertension guideline.pdf"", ""Hypertension guideline.pdf""]]",,,,,ValueError: Unsupported model parameter: 'peak_flow',bounds,0.2248928999997588,7.9492209,,8.185026799999832,"[[""Diabetes guideline.pdf"", ""Hypertension guideline.pdf"", ""Hypertension guideline.pdf""]]",,,,,ValueError: Unsupported model parameter: 'peak_flow',bounds
100156,156,True,True,0.06921599999986938,6.744223300000158,0.027808400000139954,6.851137600000584,"[[""Hypertension guideline.pdf"", ""Hypertension guideline.pdf"", ""Hypertension guideline.pdf""]]","[{""parameter"": ""systolic_bp"", ""min"": 120, ""max"": 140}]",False,"{""status"": ""ALERT"", ""verified"": false, ""proof_type"": ""Bulletproofs"", ""public_bounds"": {""min"": 120, ""max"": 140, ""parameter"": ""systolic_bp""}, ""reason"": ""device reports reading outside range; no range proof was produced""}","{""status"": ""OUT_OF_RANGE"", ""message"": ""Device reported a reading outside the selected range; clinical review is needed.""}",,,0.16297789999953238,18.293889700000364,0.12070980000135023,18.593950399999812,"[[""Hypertension guideline.pdf"", ""Hypertension guideline.pdf"", ""Hypertension guideline.pdf""]]","[{""parameter"": ""systolic_bp"", ""min"": 120, ""max"": 140}]",False,"{""status"": ""ALERT"", ""verified"": false, ""proof_type"": ""Bulletproofs"", ""public_bounds"": {""min"": 120, ""max"": 140, ""parameter"": ""systolic_bp""}, ""reason"": ""device reports reading outside range; no range proof was produced""}","{""status"": ""OUT_OF_RANGE"", ""message"": ""Device reported a reading outside the selected range; clinical review is needed.""}",,
100157,157,True,True,0.26357800000005227,18.685962800000198,0.1802267999992182,19.14085460000024,"[[""Heart Failure guideline.pdf"", ""Heart Failure guideline.pdf"", ""Heart Failure guideline.pdf""]]","[{""parameter"": ""heart_rate"", ""min"": 60, ""max"": 100}]",True,"{""status"": ""NORMAL"", ""verified"": true, ""proof_type"": ""Bulletproofs"", ""public_bounds"": {""min"": 60, ""max"": 100, ""parameter"": ""heart_rate""}, ""proof_size_bytes"": 800, ""prove_ms"": 44.295, ""verify_ms"": 4.911, ""zkp_process_ms"": 174.57629999989877, ""zkp_prove_ms"": 44.295, ""zkp_verify_ms"": 4.911}","{""status"": ""IN_RANGE"", ""message"": ""Verified reading(s) are within the selected range(s).""}",,,0.06035200000042096,5.5969201999996585,0.11123649999899499,5.775029799999174,"[[""Heart Failure guideline.pdf"", ""Heart Failure guideline.pdf"", ""Heart Failure guideline.pdf""]]","[{""parameter"": ""heart_rate"", ""min"": 60, ""max"": 100}]",True,"{""status"": ""NORMAL"", ""verified"": true, ""proof_type"": ""Bulletproofs"", ""public_bounds"": {""min"": 60, ""max"": 100, ""parameter"": ""heart_rate""}, ""proof_size_bytes"": 800, ""prove_ms"": 54.381, ""verify_ms"": 6.638, ""zkp_process_ms"": 105.86230000080832, ""zkp_prove_ms"": 54.381, ""zkp_verify_ms"": 6.638}","{""status"": ""IN_RANGE"", ""message"": ""Verified reading(s) are within the selected range(s).""}",,
100158,158,True,True,0.08662809999987076,6.835429900000236,0.03227330000117945,6.963115000000471,"[[""Hypertension guideline.pdf"", ""Hypertension guideline.pdf"", ""Hypertension guideline.pdf""]]","[{""parameter"": ""systolic_bp"", ""min"": 120, ""max"": 130}]",False,"{""status"": ""ALERT"", ""verified"": false, ""proof_type"": ""Bulletproofs"", ""public_bounds"": {""min"": 120, ""max"": 130, ""parameter"": ""systolic_bp""}, ""reason"": ""device reports reading outside range; no range proof was produced""}","{""status"": ""OUT_OF_RANGE"", ""message"": ""Device reported a reading outside the selected range; clinical review is needed.""}",,,0.062426200000118115,14.375808799999504,0.12816129999919212,14.57581779999964,"[[""Hypertension guideline.pdf"", ""Hypertension guideline.pdf"", ""Hypertension guideline.pdf""]]","[{""parameter"": ""systolic_bp"", ""min"": 120, ""max"": 130}]",False,"{""status"": ""ALERT"", ""verified"": false, ""proof_type"": ""Bulletproofs"", ""public_bounds"": {""min"": 120, ""max"": 130, ""parameter"": ""systolic_bp""}, ""reason"": ""device reports reading outside range; no range proof was produced""}","{""status"": ""OUT_OF_RANGE"", ""message"": ""Device reported a reading outside the selected range; clinical review is needed.""}",,
100159,159,True,True,0.09644590000061726,16.453080900000714,0.12429379999957746,16.685219799999686,"[[""Hypertension guideline.pdf"", ""Heart Failure guideline.pdf"", ""Hypertension guideline.pdf""]]","[{""parameter"": ""systolic_bp"", ""min"": 120, ""max"": 130}]",False,"{""status"": ""ALERT"", ""verified"": false, ""proof_type"": ""Bulletproofs"", ""public_bounds"": {""min"": 120, ""max"": 130, ""parameter"": ""systolic_bp""}, ""reason"": ""device reports reading outside range; no range proof was produced""}","{""status"": ""OUT_OF_RANGE"", ""message"": ""Device reported a reading outside the selected range; clinical review is needed.""}",,,0.07735200000024633,6.559601200000543,0.025018199999976787,6.673388799999884,"[[""Hypertension guideline.pdf"", ""Heart Failure guideline.pdf"", ""Hypertension guideline.pdf""]]","[{""parameter"": ""systolic_bp"", ""min"": 120, ""max"": 130}]",False,"{""status"": ""ALERT"", ""verified"": false, ""proof_type"": ""Bulletproofs"", ""public_bounds"": {""min"": 120, ""max"": 130, ""parameter"": ""systolic_bp""}, ""reason"": ""device reports reading outside range; no range proof was produced""}","{""status"": ""OUT_OF_RANGE"", ""message"": ""Device reported a reading outside the selected range; clinical review is needed.""}",,
100160,160,False,True,0.08436940000137838,6.216341399998782,0.037585200001558405,6.349703600000794,"[[""Heart Failure guideline.pdf"", ""Heart Failure guideline.pdf"", ""Heart Failure guideline.pdf""]]","[{""parameter"": ""systolic_bp"", ""min"": 120, ""max"": 130}]",False,"{""status"": ""ALERT"", ""verified"": false, ""proof_type"": ""Bulletproofs"", ""public_bounds"": {""min"": 120, ""max"": 130, ""parameter"": ""systolic_bp""}, ""reason"": ""device reports reading outside range; no range proof was produced""}","{""status"": ""OUT_OF_RANGE"", ""message"": ""Device reported a reading outside the selected range; clinical review is needed.""}",,,0.08969100000103936,16.9063503999987,0.061814200000299024,17.068354699998963,"[[""Heart Failure guideline.pdf"", ""Heart Failure guideline.pdf"", ""Heart Failure guideline.pdf""]]","[{""parameter"": ""hemoglobin"", ""min"": 12, ""max"": 15}]",False,"{""status"": ""ALERT"", ""verified"": false, ""proof_type"": ""Bulletproofs"", ""public_bounds"": {""min"": 12, ""max"": 15, ""parameter"": ""hemoglobin""}, ""reason"": ""device reports reading outside range; no range proof was produced""}","{""status"": ""OUT_OF_RANGE"", ""message"": ""Device reported a reading outside the selected range; clinical review is needed.""}",,
100161,161,True,True,0.08309000000008382,16.19817200000034,0.1202752999997756,16.41039760000058,"[[""Hypertension guideline.pdf"", ""Heart Failure guideline.pdf"", ""Hypertension guideline.pdf""]]","[{""parameter"": ""systolic_bp"", ""min"": 120, ""max"": 130}]",False,"{""status"": ""ALERT"", ""verified"": false, ""proof_type"": ""Bulletproofs"", ""public_bounds"": {""min"": 120, ""max"": 130, ""parameter"": ""systolic_bp""}, ""reason"": ""device reports reading outside range; no range proof was produced""}","{""status"": ""OUT_OF_RANGE"", ""message"": ""Device reported a reading outside the selected range; clinical review is needed.""}",,,0.07169050000084098,6.689168299997618,0.027200300000913558,6.798219000000245,"[[""Hypertension guideline.pdf"", ""Heart Failure guideline.pdf"", ""Hypertension guideline.pdf""]]","[{""parameter"": ""systolic_bp"", ""min"": 120, ""max"": 130}]",False,"{""status"": ""ALERT"", ""verified"": false, ""proof_type"": ""Bulletproofs"", ""public_bounds"": {""min"": 120, ""max"": 130, ""parameter"": ""systolic_bp""}, ""reason"": ""device reports reading outside range; no range proof was produced""}","{""status"": ""OUT_OF_RANGE"", ""message"": ""Device reported a reading outside the selected range; clinical review is needed.""}",,
100162,162,True,True,0.13210260000050766,6.583942600000228,0.02778980000039155,6.752473700000337,"[[""Hypertension guideline.pdf"", ""Hypertension guideline.pdf"", ""Hypertension guideline.pdf""]]","[{""parameter"": ""systolic_bp"", ""min"": 120, ""max"": 140}]",False,"{""status"": ""ALERT"", ""verified"": false, ""proof_type"": ""Bulletproofs"", ""public_bounds"": {""min"": 120, ""max"": 140, ""parameter"": ""systolic_bp""}, ""reason"": ""device reports reading outside range; no range proof was produced""}","{""status"": ""OUT_OF_RANGE"", ""message"": ""Device reported a reading outside the selected range; clinical review is needed.""}",,,0.0876299999999901,6.655531399999745,0.09626550000029965,6.8494456999997055,"[[""Hypertension guideline.pdf"", ""Hypertension guideline.pdf"", ""Hypertension guideline.pdf""]]","[{""parameter"": ""systolic_bp"", ""min"": 120, ""max"": 140}]",False,"{""status"": ""ALERT"", ""verified"": false, ""proof_type"": ""Bulletproofs"", ""public_bounds"": {""min"": 120, ""max"": 140, ""parameter"": ""systolic_bp""}, ""reason"": ""device reports reading outside range; no range proof was produced""}","{""status"": ""OUT_OF_RANGE"", ""message"": ""Device reported a reading outside the selected range; clinical review is needed.""}",,
100163,163,True,True,0.08304889999999432,18.207509899999422,0.12533590000020922,18.425825799999075,"[[""Heart Failure guideline.pdf"", ""Heart Failure guideline.pdf"", ""Heart Failure guideline.pdf""]]","[{""parameter"": ""heart_rate"", ""min"": 60, ""max"": 100}]",True,"{""status"": ""NORMAL"", ""verified"": true, ""proof_type"": ""Bulletproofs"", ""public_bounds"": {""min"": 60, ""max"": 100, ""parameter"": ""heart_rate""}, ""proof_size_bytes"": 800, ""prove_ms"": 53.304, ""verify_ms"": 8.058, ""zkp_process_ms"": 119.74820000068576, ""zkp_prove_ms"": 53.304, ""zkp_verify_ms"": 8.058}","{""status"": ""IN_RANGE"", ""message"": ""Verified reading(s) are within the selected range(s).""}",,,0.09388329999819689,5.822180700002718,0.12473769999996875,6.053743099999338,"[[""Heart Failure guideline.pdf"", ""Heart Failure guideline.pdf"", ""Heart Failure guideline.pdf""]]","[{""parameter"": ""heart_rate"", ""min"": 60, ""max"": 100}]",True,"{""status"": ""NORMAL"", ""verified"": true, ""proof_type"": ""Bulletproofs"", ""public_bounds"": {""min"": 60, ""max"": 100, ""parameter"": ""heart_rate""}, ""proof_size_bytes"": 800, ""prove_ms"": 53.843, ""verify_ms"": 8.646, ""zkp_process_ms"": 118.19529999957012, ""zkp_prove_ms"": 53.843, ""zkp_verify_ms"": 8.646}","{""status"": ""IN_RANGE"", ""message"": ""Verified reading(s) are within the selected range(s).""}",,
100164,164,,,0.09485990000030142,6.697029000000839,,6.804745100000218,"[[""Diabetes guideline.pdf"", ""Hypertension guideline.pdf"", ""Hypertension guideline.pdf""]]",,,,,ValueError: Unsupported model parameter: 'peak_flow',bounds,0.0743304999996326,15.259668799999417,,15.346499199999016,"[[""Diabetes guideline.pdf"", ""Hypertension guideline.pdf"", ""Hypertension guideline.pdf""]]",,,,,ValueError: Unsupported model parameter: 'peak_flow',bounds
100165,165,,,0.19105239999953483,14.30138799999986,,14.503939700000046,"[[""Diabetes guideline.pdf"", ""Diabetes guideline.pdf"", ""Diabetes guideline.pdf""]]",,,,,ValueError: Unsupported model parameter: 'blood_glucose_level',bounds,0.08001690000128292,6.7360007999977825,,6.829088399999819,"[[""Diabetes guideline.pdf"", ""Diabetes guideline.pdf"", ""Diabetes guideline.pdf""]]",,,,,ValueError: Unsupported model parameter: 'blood_glucose_level',bounds
100166,166,True,True,0.0687393999996857,6.72391190000053,0.12026890000015555,6.924714400000084,"[[""Hypertension guideline.pdf"", ""Hypertension guideline.pdf"", ""Hypertension guideline.pdf""]]","[{""parameter"": ""systolic_bp"", ""min"": 120, ""max"": 140}]",False,"{""status"": ""ALERT"", ""verified"": false, ""proof_type"": ""Bulletproofs"", ""public_bounds"": {""min"": 120, ""max"": 140, ""parameter"": ""systolic_bp""}, ""reason"": ""device reports reading outside range; no range proof was produced""}","{""status"": ""OUT_OF_RANGE"", ""message"": ""Device reported a reading outside the selected range; clinical review is needed.""}",,,0.11206700000002456,15.777158799999597,0.12544059999891033,16.029969400000482,"[[""Hypertension guideline.pdf"", ""Hypertension guideline.pdf"", ""Hypertension guideline.pdf""]]","[{""parameter"": ""systolic_bp"", ""min"": 120, ""max"": 140}]",False,"{""status"": ""ALERT"", ""verified"": false, ""proof_type"": ""Bulletproofs"", ""public_bounds"": {""min"": 120, ""max"": 140, ""parameter"": ""systolic_bp""}, ""reason"": ""device reports reading outside range; no range proof was produced""}","{""status"": ""OUT_OF_RANGE"", ""message"": ""Device reported a reading outside the selected range; clinical review is needed.""}",,
100167,167,,,0.0689079000003403,14.434286800000336,,14.515989799998351,"[[""Diabetes guideline.pdf"", ""Diabetes guideline.pdf"", ""Diabetes guideline.pdf""]]",,,,,ValueError: Unsupported model parameter: 'blood_glucose_level',bounds,0.0782271000007313,7.075460099998963,,7.164386499998727,"[[""Diabetes guideline.pdf"", ""Diabetes guideline.pdf"", ""Diabetes guideline.pdf""]]",,,,,ValueError: Unsupported model parameter: 'blood_glucose_level',bounds
100168,168,,,0.10392719999981637,5.5036579000006896,,5.619108900000356,"[[""Hypertension guideline.pdf"", ""Heart Failure guideline.pdf"", ""Hypertension guideline.pdf""]]",,,,,ValueError: Unsupported model parameter: 'blood_pressure',bounds,0.08150190000014845,13.728342399999747,,13.82138759999907,"[[""Hypertension guideline.pdf"", ""Heart Failure guideline.pdf"", ""Hypertension guideline.pdf""]]",,,,,ValueError: Unsupported model parameter: 'blood_pressure',bounds
100169,169,True,True,0.09409500000037951,18.008398800000577,0.18435280000085186,18.30096980000053,"[[""Heart Failure guideline.pdf"", ""Heart Failure guideline.pdf"", ""Heart Failure guideline.pdf""]]","[{""parameter"": ""heart_rate"", ""min"": 60, ""max"": 100}]",True,"{""status"": ""NORMAL"", ""verified"": true, ""proof_type"": ""Bulletproofs"", ""public_bounds"": {""min"": 60, ""max"": 100, ""parameter"": ""heart_rate""}, ""proof_size_bytes"": 800, ""prove_ms"": 40.988, ""verify_ms"": 3.883, ""zkp_process_ms"": 179.32330000076036, ""zkp_prove_ms"": 40.988, ""zkp_verify_ms"": 3.883}","{""status"": ""IN_RANGE"", ""message"": ""Verified reading(s) are within the selected range(s).""}",,,0.05673120000028575,5.691556599998876,0.11253790000046138,5.893420700000206,"[[""Heart Failure guideline.pdf"", ""Heart Failure guideline.pdf"", ""Heart Failure guideline.pdf""]]","[{""parameter"": ""heart_rate"", ""min"": 60, ""max"": 100}]",True,"{""status"": ""NORMAL"", ""verified"": true, ""proof_type"": ""Bulletproofs"", ""public_bounds"": {""min"": 60, ""max"": 100, ""parameter"": ""heart_rate""}, ""proof_size_bytes"": 800, ""prove_ms"": 54.457, ""verify_ms"": 6.545, ""zkp_process_ms"": 106.82679999990796, ""zkp_prove_ms"": 54.457, ""zkp_verify_ms"": 6.545}","{""status"": ""IN_RANGE"", ""message"": ""Verified reading(s) are within the selected range(s).""}",,
100170,170,True,True,0.08462990000043646,6.843471399999544,0.0339722000007896,6.9709987999995064,"[[""Hypertension guideline.pdf"", ""Hypertension guideline.pdf"", ""Hypertension guideline.pdf""]]","[{""parameter"": ""systolic_bp"", ""min"": 120, ""max"": 130}]",False,"{""status"": ""ALERT"", ""verified"": false, ""proof_type"": ""Bulletproofs"", ""public_bounds"": {""min"": 120, ""max"": 130, ""parameter"": ""systolic_bp""}, ""reason"": ""device reports reading outside range; no range proof was produced""}","{""status"": ""OUT_OF_RANGE"", ""message"": ""Device reported a reading outside the selected range; clinical review is needed.""}",,,0.062491500000760425,15.252601300000606,0.04098549999980605,15.365331199998764,"[[""Hypertension guideline.pdf"", ""Hypertension guideline.pdf"", ""Hypertension guideline.pdf""]]","[{""parameter"": ""systolic_bp"", ""min"": 120, ""max"": 130}]",False,"{""status"": ""ALERT"", ""verified"": false, ""proof_type"": ""Bulletproofs"", ""public_bounds"": {""min"": 120, ""max"": 130, ""parameter"": ""systolic_bp""}, ""reason"": ""device reports reading outside range; no range proof was produced""}","{""status"": ""OUT_OF_RANGE"", ""message"": ""Device reported a reading outside the selected range; clinical review is needed.""}",,
100171,171,True,True,0.1550437999994756,15.746114200001102,0.12379630000032193,16.0328916999988,"[[""Hypertension guideline.pdf"", ""Hypertension guideline.pdf"", ""Hypertension guideline.pdf""]]","[{""parameter"": ""systolic_bp"", ""min"": 120, ""max"": 140}]",False,"{""status"": ""ALERT"", ""verified"": false, ""proof_type"": ""Bulletproofs"", ""public_bounds"": {""min"": 120, ""max"": 140, ""parameter"": ""systolic_bp""}, ""reason"": ""device reports reading outside range; no range proof was produced""}","{""status"": ""OUT_OF_RANGE"", ""message"": ""Device reported a reading outside the selected range; clinical review is needed.""}",,,0.06582150000031106,6.975667299999259,0.03564310000001569,7.086286600000676,"[[""Hypertension guideline.pdf"", ""Hypertension guideline.pdf"", ""Hypertension guideline.pdf""]]","[{""parameter"": ""systolic_bp"", ""min"": 120, ""max"": 140}]",False,"{""status"": ""ALERT"", ""verified"": false, ""proof_type"": ""Bulletproofs"", ""public_bounds"": {""min"": 120, ""max"": 140, ""parameter"": ""systolic_bp""}, ""reason"": ""device reports reading outside range; no range proof was produced""}","{""status"": ""OUT_OF_RANGE"", ""message"": ""Device reported a reading outside the selected range; clinical review is needed.""}",,
100172,172,True,True,0.0741331999997783,6.803771400000187,0.028371500000503147,6.914203399999678,"[[""Hypertension guideline.pdf"", ""Hypertension guideline.pdf"", ""Hypertension guideline.pdf""]]","[{""parameter"": ""systolic_bp"", ""min"": 90, ""max"": 120}]",False,"{""status"": ""ALERT"", ""verified"": false, ""proof_type"": ""Bulletproofs"", ""public_bounds"": {""min"": 90, ""max"": 120, ""parameter"": ""systolic_bp""}, ""reason"": ""device reports reading outside range; no range proof was produced""}","{""status"": ""OUT_OF_RANGE"", ""message"": ""Device reported a reading outside the selected range; clinical review is needed.""}",,,0.08322090000001481,15.056496199998946,0.11867650000021968,15.268732299999101,"[[""Hypertension guideline.pdf"", ""Hypertension guideline.pdf"", ""Hypertension guideline.pdf""]]","[{""parameter"": ""systolic_bp"", ""min"": 90, ""max"": 120}]",False,"{""status"": ""ALERT"", ""verified"": false, ""proof_type"": ""Bulletproofs"", ""public_bounds"": {""min"": 90, ""max"": 120, ""parameter"": ""systolic_bp""}, ""reason"": ""device reports reading outside range; no range proof was produced""}","{""status"": ""OUT_OF_RANGE"", ""message"": ""Device reported a reading outside the selected range; clinical review is needed.""}",,
100173,173,,,0.1939407999998366,18.914144899999883,,19.120809199999712,"[[""Heart Failure guideline.pdf"", ""Heart Failure guideline.pdf"", ""Heart Failure guideline.pdf""]]",,,,,ValueError: Unsupported model parameter: 'atrial_fibrillation_frequency',bounds,0.09051910000016505,5.6273849999997765,0.127824099999998,5.857747400001244,"[[""Heart Failure guideline.pdf"", ""Heart Failure guideline.pdf"", ""Heart Failure guideline.pdf""]]","[{""parameter"": ""heart_rate"", ""min"": 60, ""max"": 100}]",True,"{""status"": ""NORMAL"", ""verified"": true, ""proof_type"": ""Bulletproofs"", ""public_bounds"": {""min"": 60, ""max"": 100, ""parameter"": ""heart_rate""}, ""proof_size_bytes"": 800, ""prove_ms"": 50.363, ""verify_ms"": 4.642, ""zkp_process_ms"": 123.16639999880863, ""zkp_prove_ms"": 50.363, ""zkp_verify_ms"": 4.642}","{""status"": ""IN_RANGE"", ""message"": ""Verified reading(s) are within the selected range(s).""}",,
100174,174,True,True,0.1968405999996321,6.648504700000558,0.025221600000804756,6.881196100001034,"[[""Heart Failure guideline.pdf"", ""Heart Failure guideline.pdf"", ""Heart Failure guideline.pdf""]]","[{""parameter"": ""systolic_bp"", ""min"": 90, ""max"": 120}]",False,"{""status"": ""ALERT"", ""verified"": false, ""proof_type"": ""Bulletproofs"", ""public_bounds"": {""min"": 90, ""max"": 120, ""parameter"": ""systolic_bp""}, ""reason"": ""device reports reading outside range; no range proof was produced""}","{""status"": ""OUT_OF_RANGE"", ""message"": ""Device reported a reading outside the selected range; clinical review is needed.""}",,,0.07424160000118718,6.8259586999975,0.030227999999624444,6.938522700000249,"[[""Heart Failure guideline.pdf"", ""Heart Failure guideline.pdf"", ""Heart Failure guideline.pdf""]]","[{""parameter"": ""systolic_bp"", ""min"": 90, ""max"": 120}]",False,"{""status"": ""ALERT"", ""verified"": false, ""proof_type"": ""Bulletproofs"", ""public_bounds"": {""min"": 90, ""max"": 120, ""parameter"": ""systolic_bp""}, ""reason"": ""device reports reading outside range; no range proof was produced""}","{""status"": ""OUT_OF_RANGE"", ""message"": ""Device reported a reading outside the selected range; clinical review is needed.""}",,
100175,175,True,True,0.08710249999967346,16.062871300000552,0.1269228999990446,16.2879783999997,"[[""Hypertension guideline.pdf"", ""Heart Failure guideline.pdf"", ""Hypertension guideline.pdf""]]","[{""parameter"": ""systolic_bp"", ""min"": 120, ""max"": 130}]",False,"{""status"": ""ALERT"", ""verified"": false, ""proof_type"": ""Bulletproofs"", ""public_bounds"": {""min"": 120, ""max"": 130, ""parameter"": ""systolic_bp""}, ""reason"": ""device reports reading outside range; no range proof was produced""}","{""status"": ""OUT_OF_RANGE"", ""message"": ""Device reported a reading outside the selected range; clinical review is needed.""}",,,0.0767507000000478,5.863595599999826,0.03267690000029688,5.982176800000161,"[[""Hypertension guideline.pdf"", ""Heart Failure guideline.pdf"", ""Hypertension guideline.pdf""]]","[{""parameter"": ""systolic_bp"", ""min"": 120, ""max"": 130}]",False,"{""status"": ""ALERT"", ""verified"": false, ""proof_type"": ""Bulletproofs"", ""public_bounds"": {""min"": 120, ""max"": 130, ""parameter"": ""systolic_bp""}, ""reason"": ""device reports reading outside range; no range proof was produced""}","{""status"": ""OUT_OF_RANGE"", ""message"": ""Device reported a reading outside the selected range; clinical review is needed.""}",,
100176,176,True,True,0.07701529999940249,7.353044100000261,0.07215360000009241,7.5143036999998,"[[""Hypertension guideline.pdf"", ""Hypertension guideline.pdf"", ""Hypertension guideline.pdf""]]","[{""parameter"": ""systolic_bp"", ""min"": 120, ""max"": 130}]",False,"{""status"": ""ALERT"", ""verified"": false, ""proof_type"": ""Bulletproofs"", ""public_bounds"": {""min"": 120, ""max"": 130, ""parameter"": ""systolic_bp""}, ""reason"": ""device reports reading outside range; no range proof was produced""}","{""status"": ""OUT_OF_RANGE"", ""message"": ""Device reported a reading outside the selected range; clinical review is needed.""}",,,0.0853121000000101,14.124929100000372,0.12785020000046643,14.349206799999592,"[[""Hypertension guideline.pdf"", ""Hypertension guideline.pdf"", ""Hypertension guideline.pdf""]]","[{""parameter"": ""systolic_bp"", ""min"": 120, ""max"": 130}]",False,"{""status"": ""ALERT"", ""verified"": false, ""proof_type"": ""Bulletproofs"", ""public_bounds"": {""min"": 120, ""max"": 130, ""parameter"": ""systolic_bp""}, ""reason"": ""device reports reading outside range; no range proof was produced""}","{""status"": ""OUT_OF_RANGE"", ""message"": ""Device reported a reading outside the selected range; clinical review is needed.""}",,
100177,177,True,True,0.11536119999982475,6.842557199999646,0.02519889999894076,6.995954599999095,"[[""Hypertension guideline.pdf"", ""Hypertension guideline.pdf"", ""Hypertension guideline.pdf""]]","[{""parameter"": ""systolic_bp"", ""min"": 130, ""max"": 139}]",False,"{""status"": ""ALERT"", ""verified"": false, ""proof_type"": ""Bulletproofs"", ""public_bounds"": {""min"": 130, ""max"": 139, ""parameter"": ""systolic_bp""}, ""reason"": ""device reports reading outside range; no range proof was produced""}","{""status"": ""OUT_OF_RANGE"", ""message"": ""Device reported a reading outside the selected range; clinical review is needed.""}",,,0.08256750000145985,6.368940399997882,0.024244199999884586,6.484117699999842,"[[""Hypertension guideline.pdf"", ""Hypertension guideline.pdf"", ""Hypertension guideline.pdf""]]","[{""parameter"": ""systolic_bp"", ""min"": 130, ""max"": 139}]",False,"{""status"": ""ALERT"", ""verified"": false, ""proof_type"": ""Bulletproofs"", ""public_bounds"": {""min"": 130, ""max"": 139, ""parameter"": ""systolic_bp""}, ""reason"": ""device reports reading outside range; no range proof was produced""}","{""status"": ""OUT_OF_RANGE"", ""message"": ""Device reported a reading outside the selected range; clinical review is needed.""}",,
100178,178,True,True,0.07518320000053791,6.586981799999194,0.10263769999983197,6.773005700000795,"[[""Hypertension guideline.pdf"", ""Hypertension guideline.pdf"", ""Hypertension guideline.pdf""]]","[{""parameter"": ""systolic_bp"", ""min"": 120, ""max"": 140}]",True,"{""status"": ""NORMAL"", ""verified"": true, ""proof_type"": ""Bulletproofs"", ""public_bounds"": {""min"": 120, ""max"": 140, ""parameter"": ""systolic_bp""}, ""proof_size_bytes"": 800, ""prove_ms"": 45.775, ""verify_ms"": 6.918, ""zkp_process_ms"": 97.95089999897755, ""zkp_prove_ms"": 45.775, ""zkp_verify_ms"": 6.918}","{""status"": ""IN_RANGE"", ""message"": ""Verified reading(s) are within the selected range(s).""}",,,0.08566829999836045,15.055641000002652,0.09622239999953308,15.247679800000697,"[[""Hypertension guideline.pdf"", ""Hypertension guideline.pdf"", ""Hypertension guideline.pdf""]]","[{""parameter"": ""systolic_bp"", ""min"": 120, ""max"": 140}]",True,"{""status"": ""NORMAL"", ""verified"": true, ""proof_type"": ""Bulletproofs"", ""public_bounds"": {""min"": 120, ""max"": 140, ""parameter"": ""systolic_bp""}, ""proof_size_bytes"": 800, ""prove_ms"": 40.003, ""verify_ms"": 4.282, ""zkp_process_ms"": 91.7061999989528, ""zkp_prove_ms"": 40.003, ""zkp_verify_ms"": 4.282}","{""status"": ""IN_RANGE"", ""message"": ""Verified reading(s) are within the selected range(s).""}",,
100179,179,,,0.09453599999869766,13.376893000000564,,13.479694599998766,"[[""Diabetes guideline.pdf"", ""Diabetes guideline.pdf"", ""Diabetes guideline.pdf""]]",,,,,ValueError: Unsupported model parameter: 'blood_glucose_level',bounds,0.07533359999979439,6.795998800000234,,6.881975799999054,"[[""Diabetes guideline.pdf"", ""Diabetes guideline.pdf"", ""Diabetes guideline.pdf""]]",,,,,ValueError: Unsupported model parameter: 'blood_glucose_level',bounds
100180,180,True,True,0.08801740000126301,6.047261299998354,0.026952499998515123,6.172345200000564,"[[""Hypertension guideline.pdf"", ""Hypertension guideline.pdf"", ""Hypertension guideline.pdf""]]","[{""parameter"": ""systolic_bp"", ""min"": 120, ""max"": 130}]",False,"{""status"": ""ALERT"", ""verified"": false, ""proof_type"": ""Bulletproofs"", ""public_bounds"": {""min"": 120, ""max"": 130, ""parameter"": ""systolic_bp""}, ""reason"": ""device reports reading outside range; no range proof was produced""}","{""status"": ""OUT_OF_RANGE"", ""message"": ""Device reported a reading outside the selected range; clinical review is needed.""}",,,0.10800219999873661,14.0358324000008,0.024568199998611817,14.18701140000121,"[[""Hypertension guideline.pdf"", ""Hypertension guideline.pdf"", ""Hypertension guideline.pdf""]]","[{""parameter"": ""systolic_bp"", ""min"": 120, ""max"": 130}]",False,"{""status"": ""ALERT"", ""verified"": false, ""proof_type"": ""Bulletproofs"", ""public_bounds"": {""min"": 120, ""max"": 130, ""parameter"": ""systolic_bp""}, ""reason"": ""device reports reading outside range; no range proof was produced""}","{""status"": ""OUT_OF_RANGE"", ""message"": ""Device reported a reading outside the selected range; clinical review is needed.""}",,
100181,181,True,True,0.08793429999968794,15.63761500000146,0.1286553999998432,15.866805600000589,"[[""Hypertension guideline.pdf"", ""Heart Failure guideline.pdf"", ""Hypertension guideline.pdf""]]","[{""parameter"": ""systolic_bp"", ""min"": 120, ""max"": 130}]",False,"{""status"": ""ALERT"", ""verified"": false, ""proof_type"": ""Bulletproofs"", ""public_bounds"": {""min"": 120, ""max"": 130, ""parameter"": ""systolic_bp""}, ""reason"": ""device reports reading outside range; no range proof was produced""}","{""status"": ""OUT_OF_RANGE"", ""message"": ""Device reported a reading outside the selected range; clinical review is needed.""}",,,0.0675864000004367,5.725012299999435,0.05285170000024664,5.852852399999392,"[[""Hypertension guideline.pdf"", ""Heart Failure guideline.pdf"", ""Hypertension guideline.pdf""]]","[{""parameter"": ""systolic_bp"", ""min"": 120, ""max"": 130}]",False,"{""status"": ""ALERT"", ""verified"": false, ""proof_type"": ""Bulletproofs"", ""public_bounds"": {""min"": 120, ""max"": 130, ""parameter"": ""systolic_bp""}, ""reason"": ""device reports reading outside range; no range proof was produced""}","{""status"": ""OUT_OF_RANGE"", ""message"": ""Device reported a reading outside the selected range; clinical review is needed.""}",,
100182,182,True,True,0.08753079999951296,6.351803300000029,0.02532209999844781,6.476061199999094,"[[""Heart Failure guideline.pdf"", ""Heart Failure guideline.pdf"", ""Heart Failure guideline.pdf""]]","[{""parameter"": ""systolic_bp"", ""min"": 90, ""max"": 120}]",False,"{""status"": ""ALERT"", ""verified"": false, ""proof_type"": ""Bulletproofs"", ""public_bounds"": {""min"": 90, ""max"": 120, ""parameter"": ""systolic_bp""}, ""reason"": ""device reports reading outside range; no range proof was produced""}","{""status"": ""OUT_OF_RANGE"", ""message"": ""Device reported a reading outside the selected range; clinical review is needed.""}",,,0.07844619999923452,16.74813500000164,0.029569599999376805,16.86838539999917,"[[""Heart Failure guideline.pdf"", ""Heart Failure guideline.pdf"", ""Heart Failure guideline.pdf""]]","[{""parameter"": ""systolic_bp"", ""min"": 90, ""max"": 120}]",False,"{""status"": ""ALERT"", ""verified"": false, ""proof_type"": ""Bulletproofs"", ""public_bounds"": {""min"": 90, ""max"": 120, ""parameter"": ""systolic_bp""}, ""reason"": ""device reports reading outside range; no range proof was produced""}","{""status"": ""OUT_OF_RANGE"", ""message"": ""Device reported a reading outside the selected range; clinical review is needed.""}",,
100183,183,,,0.081961500000034,14.756079099999624,,14.848255599999902,"[[""Diabetes guideline.pdf"", ""Diabetes guideline.pdf"", ""Diabetes guideline.pdf""]]",,,,,ValueError: Unsupported model parameter: 'blood_glucose_level',bounds,0.08497619999980088,6.804025900000852,,6.899945799999841,"[[""Diabetes guideline.pdf"", ""Diabetes guideline.pdf"", ""Diabetes guideline.pdf""]]",,,,,ValueError: Unsupported model parameter: 'blood_glucose_level',bounds
100184,184,True,True,0.09639299999980722,6.812397600000622,0.024401299999226467,6.945133999999598,"[[""Hypertension guideline.pdf"", ""Hypertension guideline.pdf"", ""Hypertension guideline.pdf""]]","[{""parameter"": ""systolic_bp"", ""min"": 120, ""max"": 140}]",False,"{""status"": ""ALERT"", ""verified"": false, ""proof_type"": ""Bulletproofs"", ""public_bounds"": {""min"": 120, ""max"": 140, ""parameter"": ""systolic_bp""}, ""reason"": ""device reports reading outside range; no range proof was produced""}","{""status"": ""OUT_OF_RANGE"", ""message"": ""Device reported a reading outside the selected range; clinical review is needed.""}",,,0.12259830000039074,16.224328800000876,0.02731859999948938,16.41605519999939,"[[""Hypertension guideline.pdf"", ""Hypertension guideline.pdf"", ""Hypertension guideline.pdf""]]","[{""parameter"": ""systolic_bp"", ""min"": 120, ""max"": 140}]",False,"{""status"": ""ALERT"", ""verified"": false, ""proof_type"": ""Bulletproofs"", ""public_bounds"": {""min"": 120, ""max"": 140, ""parameter"": ""systolic_bp""}, ""reason"": ""device reports reading outside range; no range proof was produced""}","{""status"": ""OUT_OF_RANGE"", ""message"": ""Device reported a reading outside the selected range; clinical review is needed.""}",,
100185,185,,,0.1481051999999181,5.934044899999208,,6.093592499999431,"[[""Diabetes guideline.pdf"", ""Diabetes guideline.pdf"", ""Diabetes guideline.pdf""]]",,,,,ValueError: Unsupported model parameter: 'BMI',bounds,0.10042620000058378,6.95210109999789,,7.0640411999993376,"[[""Diabetes guideline.pdf"", ""Diabetes guideline.pdf"", ""Diabetes guideline.pdf""]]",,,,,ValueError: Unsupported model parameter: 'BMI',bounds
100186,186,True,True,0.07786119999946095,6.732658600001741,0.025626100001318264,6.846095100001548,"[[""Hypertension guideline.pdf"", ""Hypertension guideline.pdf"", ""Hypertension guideline.pdf""]]","[{""parameter"": ""systolic_bp"", ""min"": 120, ""max"": 140}]",False,"{""status"": ""ALERT"", ""verified"": false, ""proof_type"": ""Bulletproofs"", ""public_bounds"": {""min"": 120, ""max"": 140, ""parameter"": ""systolic_bp""}, ""reason"": ""device reports reading outside range; no range proof was produced""}","{""status"": ""OUT_OF_RANGE"", ""message"": ""Device reported a reading outside the selected range; clinical review is needed.""}",,,0.08568759999980102,16.272456200000306,0.11859279999953287,16.488403400000607,"[[""Hypertension guideline.pdf"", ""Hypertension guideline.pdf"", ""Hypertension guideline.pdf""]]","[{""parameter"": ""systolic_bp"", ""min"": 120, ""max"": 140}]",False,"{""status"": ""ALERT"", ""verified"": false, ""proof_type"": ""Bulletproofs"", ""public_bounds"": {""min"": 120, ""max"": 140, ""parameter"": ""systolic_bp""}, ""reason"": ""device reports reading outside range; no range proof was produced""}","{""status"": ""OUT_OF_RANGE"", ""message"": ""Device reported a reading outside the selected range; clinical review is needed.""}",,
100187,187,True,True,0.12539850000030128,14.339460899998812,0.1445687999985239,14.632301499999812,"[[""Hypertension guideline.pdf"", ""Hypertension guideline.pdf"", ""Hypertension guideline.pdf""]]","[{""parameter"": ""systolic_bp"", ""min"": 120, ""max"": 130}]",False,"{""status"": ""ALERT"", ""verified"": false, ""proof_type"": ""Bulletproofs"", ""public_bounds"": {""min"": 120, ""max"": 130, ""parameter"": ""systolic_bp""}, ""reason"": ""device reports reading outside range; no range proof was produced""}","{""status"": ""OUT_OF_RANGE"", ""message"": ""Device reported a reading outside the selected range; clinical review is needed.""}",,,0.06691549999959534,6.892445999999836,0.028437700000722543,7.001497499999459,"[[""Hypertension guideline.pdf"", ""Hypertension guideline.pdf"", ""Hypertension guideline.pdf""]]","[{""parameter"": ""systolic_bp"", ""min"": 120, ""max"": 130}]",False,"{""status"": ""ALERT"", ""verified"": false, ""proof_type"": ""Bulletproofs"", ""public_bounds"": {""min"": 120, ""max"": 130, ""parameter"": ""systolic_bp""}, ""reason"": ""device reports reading outside range; no range proof was produced""}","{""status"": ""OUT_OF_RANGE"", ""message"": ""Device reported a reading outside the selected range; clinical review is needed.""}",,
100188,188,True,True,0.07799429999977292,6.9391591000003245,0.02486030000000028,7.052663399999801,"[[""Hypertension guideline.pdf"", ""Hypertension guideline.pdf"", ""Hypertension guideline.pdf""]]","[{""parameter"": ""systolic_bp"", ""min"": 120, ""max"": 130}]",False,"{""status"": ""ALERT"", ""verified"": false, ""proof_type"": ""Bulletproofs"", ""public_bounds"": {""min"": 120, ""max"": 130, ""parameter"": ""systolic_bp""}, ""reason"": ""device reports reading outside range; no range proof was produced""}","{""status"": ""OUT_OF_RANGE"", ""message"": ""Device reported a reading outside the selected range; clinical review is needed.""}",,,0.09246689999963564,15.140106000000742,0.12002860000029614,15.383334099999047,"[[""Hypertension guideline.pdf"", ""Hypertension guideline.pdf"", ""Hypertension guideline.pdf""]]","[{""parameter"": ""systolic_bp"", ""min"": 120, ""max"": 130}]",False,"{""status"": ""ALERT"", ""verified"": false, ""proof_type"": ""Bulletproofs"", ""public_bounds"": {""min"": 120, ""max"": 130, ""parameter"": ""systolic_bp""}, ""reason"": ""device reports reading outside range; no range proof was produced""}","{""status"": ""OUT_OF_RANGE"", ""message"": ""Device reported a reading outside the selected range; clinical review is needed.""}",,
100189,189,,,0.13751930000034918,15.061477400000513,,15.21101389999967,"[[""Diabetes guideline.pdf"", ""Hypertension guideline.pdf"", ""Hypertension guideline.pdf""]]",,,,,ValueError: Unsupported model parameter: 'peak_flow',bounds,0.07025989999965532,5.460206100000505,,5.804985400000078,"[[""Diabetes guideline.pdf"", ""Hypertension guideline.pdf"", ""Hypertension guideline.pdf""]]",,,,,ValueError: Unsupported model parameter: 'peak_flow',bounds
100190,190,True,True,0.07567109999945387,6.885013299999628,0.03202969999983907,7.002088700000968,"[[""Hypertension guideline.pdf"", ""Hypertension guideline.pdf"", ""Hypertension guideline.pdf""]]","[{""parameter"": ""systolic_bp"", ""min"": 130, ""max"": 139}]",False,"{""status"": ""ALERT"", ""verified"": false, ""proof_type"": ""Bulletproofs"", ""public_bounds"": {""min"": 130, ""max"": 139, ""parameter"": ""systolic_bp""}, ""reason"": ""device reports reading outside range; no range proof was produced""}","{""status"": ""OUT_OF_RANGE"", ""message"": ""Device reported a reading outside the selected range; clinical review is needed.""}",,,0.08403640000142332,14.376475999997638,0.12845349999952305,14.600826899999447,"[[""Hypertension guideline.pdf"", ""Hypertension guideline.pdf"", ""Hypertension guideline.pdf""]]","[{""parameter"": ""systolic_bp"", ""min"": 130, ""max"": 139}]",False,"{""status"": ""ALERT"", ""verified"": false, ""proof_type"": ""Bulletproofs"", ""public_bounds"": {""min"": 130, ""max"": 139, ""parameter"": ""systolic_bp""}, ""reason"": ""device reports reading outside range; no range proof was produced""}","{""status"": ""OUT_OF_RANGE"", ""message"": ""Device reported a reading outside the selected range; clinical review is needed.""}",,
100191,191,True,True,0.08973179999884451,17.027895100001842,0.12388029999965511,17.2519214999993,"[[""Heart Failure guideline.pdf"", ""Heart Failure guideline.pdf"", ""Heart Failure guideline.pdf""]]","[{""parameter"": ""systolic_bp"", ""min"": 90, ""max"": 120}]",False,"{""status"": ""ALERT"", ""verified"": false, ""proof_type"": ""Bulletproofs"", ""public_bounds"": {""min"": 90, ""max"": 120, ""parameter"": ""systolic_bp""}, ""reason"": ""device reports reading outside range; no range proof was produced""}","{""status"": ""OUT_OF_RANGE"", ""message"": ""Device reported a reading outside the selected range; clinical review is needed.""}",,,0.06773120000070776,6.525485599999229,0.032807199999297154,6.635887299999013,"[[""Heart Failure guideline.pdf"", ""Heart Failure guideline.pdf"", ""Heart Failure guideline.pdf""]]","[{""parameter"": ""systolic_bp"", ""min"": 90, ""max"": 120}]",False,"{""status"": ""ALERT"", ""verified"": false, ""proof_type"": ""Bulletproofs"", ""public_bounds"": {""min"": 90, ""max"": 120, ""parameter"": ""systolic_bp""}, ""reason"": ""device reports reading outside range; no range proof was produced""}","{""status"": ""OUT_OF_RANGE"", ""message"": ""Device reported a reading outside the selected range; clinical review is needed.""}",,
100192,192,True,True,0.09940660000029311,7.533481700000266,0.19704319999982545,7.843093200001022,"[[""Hypertension guideline.pdf"", ""Heart Failure guideline.pdf"", ""Hypertension guideline.pdf""]]","[{""parameter"": ""systolic_bp"", ""min"": 120, ""max"": 130}]",True,"{""status"": ""NORMAL"", ""verified"": true, ""proof_type"": ""Bulletproofs"", ""public_bounds"": {""min"": 120, ""max"": 130, ""parameter"": ""systolic_bp""}, ""proof_size_bytes"": 800, ""prove_ms"": 43.612, ""verify_ms"": 3.972, ""zkp_process_ms"": 188.94449999970675, ""zkp_prove_ms"": 43.612, ""zkp_verify_ms"": 3.972}","{""status"": ""IN_RANGE"", ""message"": ""Verified reading(s) are within the selected range(s).""}",,,0.09028820000094129,17.855240799999592,0.28075080000053276,18.240004000001136,"[[""Hypertension guideline.pdf"", ""Heart Failure guideline.pdf"", ""Hypertension guideline.pdf""]]","[{""parameter"": ""systolic_bp"", ""min"": 120, ""max"": 130}]",True,"{""status"": ""NORMAL"", ""verified"": true, ""proof_type"": ""Bulletproofs"", ""public_bounds"": {""min"": 120, ""max"": 130, ""parameter"": ""systolic_bp""}, ""proof_size_bytes"": 800, ""prove_ms"": 78.444, ""verify_ms"": 9.3, ""zkp_process_ms"": 270.81949999956123, ""zkp_prove_ms"": 78.444, ""zkp_verify_ms"": 9.3}","{""status"": ""IN_RANGE"", ""message"": ""Verified reading(s) are within the selected range(s).""}",,
100193,193,,,0.06753690000005008,15.441429299999072,,15.519494799998938,"[[""Diabetes guideline.pdf"", ""Diabetes guideline.pdf"", ""Diabetes guideline.pdf""]]",,,,,ValueError: Unsupported model parameter: 'BMI',bounds,0.10172179999972286,6.707431500000894,,6.821447199999966,"[[""Diabetes guideline.pdf"", ""Diabetes guideline.pdf"", ""Diabetes guideline.pdf""]]",,,,,ValueError: Unsupported model parameter: 'BMI',bounds
100194,194,True,True,0.11480769999980112,6.859329400000206,0.12397210000017367,7.112575299999662,"[[""Hypertension guideline.pdf"", ""Hypertension guideline.pdf"", ""Hypertension guideline.pdf""]]","[{""parameter"": ""systolic_bp"", ""min"": 120, ""max"": 140}]",False,"{""status"": ""ALERT"", ""verified"": false, ""proof_type"": ""Bulletproofs"", ""public_bounds"": {""min"": 120, ""max"": 140, ""parameter"": ""systolic_bp""}, ""reason"": ""device reports reading outside range; no range proof was produced""}","{""status"": ""OUT_OF_RANGE"", ""message"": ""Device reported a reading outside the selected range; clinical review is needed.""}",,,0.1038036000009015,18.123104099999182,0.038044800001443946,18.279523600000175,"[[""Hypertension guideline.pdf"", ""Hypertension guideline.pdf"", ""Hypertension guideline.pdf""]]","[{""parameter"": ""systolic_bp"", ""min"": 120, ""max"": 140}]",False,"{""status"": ""ALERT"", ""verified"": false, ""proof_type"": ""Bulletproofs"", ""public_bounds"": {""min"": 120, ""max"": 140, ""parameter"": ""systolic_bp""}, ""reason"": ""device reports reading outside range; no range proof was produced""}","{""status"": ""OUT_OF_RANGE"", ""message"": ""Device reported a reading outside the selected range; clinical review is needed.""}",,
100195,195,True,True,0.07709239999894635,19.03834950000055,0.2077212000003783,19.334715400000277,"[[""Hypertension guideline.pdf"", ""Heart Failure guideline.pdf"", ""Hypertension guideline.pdf""]]","[{""parameter"": ""systolic_bp"", ""min"": 120, ""max"": 130}]",True,"{""status"": ""NORMAL"", ""verified"": true, ""proof_type"": ""Bulletproofs"", ""public_bounds"": {""min"": 120, ""max"": 130, ""parameter"": ""systolic_bp""}, ""proof_size_bytes"": 800, ""prove_ms"": 51.055, ""verify_ms"": 4.521, ""zkp_process_ms"": 201.95249999960652, ""zkp_prove_ms"": 51.055, ""zkp_verify_ms"": 4.521}","{""status"": ""IN_RANGE"", ""message"": ""Verified reading(s) are within the selected range(s).""}",,,0.05792250000013155,6.799108999999589,0.15407279999999446,7.03979740000068,"[[""Hypertension guideline.pdf"", ""Heart Failure guideline.pdf"", ""Hypertension guideline.pdf""]]","[{""parameter"": ""systolic_bp"", ""min"": 120, ""max"": 130}]",True,"{""status"": ""NORMAL"", ""verified"": true, ""proof_type"": ""Bulletproofs"", ""public_bounds"": {""min"": 120, ""max"": 130, ""parameter"": ""systolic_bp""}, ""proof_size_bytes"": 800, ""prove_ms"": 77.424, ""verify_ms"": 7.995, ""zkp_process_ms"": 147.1577000011166, ""zkp_prove_ms"": 77.424, ""zkp_verify_ms"": 7.995}","{""status"": ""IN_RANGE"", ""message"": ""Verified reading(s) are within the selected range(s).""}",,
100196,196,True,True,0.09100020000005316,6.946531699999468,0.04103949999989709,7.098016700001608,"[[""Hypertension guideline.pdf"", ""Hypertension guideline.pdf"", ""Hypertension guideline.pdf""]]","[{""parameter"": ""systolic_bp"", ""min"": 120, ""max"": 130}]",False,"{""status"": ""ALERT"", ""verified"": false, ""proof_type"": ""Bulletproofs"", ""public_bounds"": {""min"": 120, ""max"": 130, ""parameter"": ""systolic_bp""}, ""reason"": ""device reports reading outside range; no range proof was produced""}","{""status"": ""OUT_OF_RANGE"", ""message"": ""Device reported a reading outside the selected range; clinical review is needed.""}",,,0.06497239999953308,16.603428299998995,0.04169550000005984,16.718617700000323,"[[""Hypertension guideline.pdf"", ""Hypertension guideline.pdf"", ""Hypertension guideline.pdf""]]","[{""parameter"": ""systolic_bp"", ""min"": 120, ""max"": 130}]",False,"{""status"": ""ALERT"", ""verified"": false, ""proof_type"": ""Bulletproofs"", ""public_bounds"": {""min"": 120, ""max"": 130, ""parameter"": ""systolic_bp""}, ""reason"": ""device reports reading outside range; no range proof was produced""}","{""status"": ""OUT_OF_RANGE"", ""message"": ""Device reported a reading outside the selected range; clinical review is needed.""}",,
100197,197,True,True,0.09702409999954398,17.98999449999974,0.03241340000022319,18.13200080000024,"[[""Hypertension guideline.pdf"", ""Hypertension guideline.pdf"", ""Hypertension guideline.pdf""]]","[{""parameter"": ""systolic_bp"", ""min"": 120, ""max"": 140}]",False,"{""status"": ""ALERT"", ""verified"": false, ""proof_type"": ""Bulletproofs"", ""public_bounds"": {""min"": 120, ""max"": 140, ""parameter"": ""systolic_bp""}, ""reason"": ""device reports reading outside range; no range proof was produced""}","{""status"": ""OUT_OF_RANGE"", ""message"": ""Device reported a reading outside the selected range; clinical review is needed.""}",,,0.08346170000004349,7.137188700000479,0.03375340000093274,7.27193939999961,"[[""Hypertension guideline.pdf"", ""Hypertension guideline.pdf"", ""Hypertension guideline.pdf""]]","[{""parameter"": ""systolic_bp"", ""min"": 120, ""max"": 140}]",False,"{""status"": ""ALERT"", ""verified"": false, ""proof_type"": ""Bulletproofs"", ""public_bounds"": {""min"": 120, ""max"": 140, ""parameter"": ""systolic_bp""}, ""reason"": ""device reports reading outside range; no range proof was produced""}","{""status"": ""OUT_OF_RANGE"", ""message"": ""Device reported a reading outside the selected range; clinical review is needed.""}",,
100198,198,True,True,0.07023650000155612,6.647922499998458,0.20182069999827945,6.928887500000201,"[[""Hypertension guideline.pdf"", ""Hypertension guideline.pdf"", ""Hypertension guideline.pdf""]]","[{""parameter"": ""systolic_bp"", ""min"": 120, ""max"": 130}]",True,"{""status"": ""NORMAL"", ""verified"": true, ""proof_type"": ""Bulletproofs"", ""public_bounds"": {""min"": 120, ""max"": 130, ""parameter"": ""systolic_bp""}, ""proof_size_bytes"": 800, ""prove_ms"": 48.791, ""verify_ms"": 4.072, ""zkp_process_ms"": 195.20999999986088, ""zkp_prove_ms"": 48.791, ""zkp_verify_ms"": 4.072}","{""status"": ""IN_RANGE"", ""message"": ""Verified reading(s) are within the selected range(s).""}",,,0.09357939999972587,17.151481499999136,0.206113500000356,17.46129149999979,"[[""Hypertension guideline.pdf"", ""Hypertension guideline.pdf"", ""Hypertension guideline.pdf""]]","[{""parameter"": ""systolic_bp"", ""min"": 120, ""max"": 130}]",True,"{""status"": ""NORMAL"", ""verified"": true, ""proof_type"": ""Bulletproofs"", ""public_bounds"": {""min"": 120, ""max"": 130, ""parameter"": ""systolic_bp""}, ""proof_size_bytes"": 800, ""prove_ms"": 48.72, ""verify_ms"": 3.957, ""zkp_process_ms"": 200.11189999968337, ""zkp_prove_ms"": 48.72, ""zkp_verify_ms"": 3.957}","{""status"": ""IN_RANGE"", ""message"": ""Verified reading(s) are within the selected range(s).""}",,
100199,199,True,True,0.06651939999937895,21.13171599999987,0.1858326000001398,21.39493279999988,"[[""Heart Failure guideline.pdf"", ""Heart Failure guideline.pdf"", ""Heart Failure guideline.pdf""]]","[{""parameter"": ""systolic_bp"", ""min"": 90, ""max"": 120}]",True,"{""status"": ""NORMAL"", ""verified"": true, ""proof_type"": ""Bulletproofs"", ""public_bounds"": {""min"": 90, ""max"": 120, ""parameter"": ""systolic_bp""}, ""proof_size_bytes"": 800, ""prove_ms"": 38.129, ""verify_ms"": 5.046, ""zkp_process_ms"": 180.80040000131703, ""zkp_prove_ms"": 38.129, ""zkp_verify_ms"": 5.046}","{""status"": ""IN_RANGE"", ""message"": ""Verified reading(s) are within the selected range(s).""}",,,0.06506439999975555,7.7634141000016825,0.1163542000012967,7.954212199998437,"[[""Heart Failure guideline.pdf"", ""Heart Failure guideline.pdf"", ""Heart Failure guideline.pdf""]]","[{""parameter"": ""systolic_bp"", ""min"": 90, ""max"": 120}]",True,"{""status"": ""NORMAL"", ""verified"": true, ""proof_type"": ""Bulletproofs"", ""public_bounds"": {""min"": 90, ""max"": 120, ""parameter"": ""systolic_bp""}, ""proof_size_bytes"": 800, ""prove_ms"": 55.424, ""verify_ms"": 7.076, ""zkp_process_ms"": 110.12849999860919, ""zkp_prove_ms"": 55.424, ""zkp_verify_ms"": 7.076}","{""status"": ""IN_RANGE"", ""message"": ""Verified reading(s) are within the selected range(s).""}",,
100200,200,True,True,0.0827196999998705,7.024186399999962,0.030365200000233017,7.149967800000013,"[[""Hypertension guideline.pdf"", ""Hypertension guideline.pdf"", ""Hypertension guideline.pdf""]]","[{""parameter"": ""systolic_bp"", ""min"": 90, ""max"": 120}]",False,"{""status"": ""ALERT"", ""verified"": false, ""proof_type"": ""Bulletproofs"", ""public_bounds"": {""min"": 90, ""max"": 120, ""parameter"": ""systolic_bp""}, ""reason"": ""device reports reading outside range; no range proof was produced""}","{""status"": ""OUT_OF_RANGE"", ""message"": ""Device reported a reading outside the selected range; clinical review is needed.""}",,,0.06331349999891245,17.439019900000858,0.03172880000056466,17.545817700000043,"[[""Hypertension guideline.pdf"", ""Hypertension guideline.pdf"", ""Hypertension guideline.pdf""]]","[{""parameter"": ""systolic_bp"", ""min"": 90, ""max"": 120}]",False,"{""status"": ""ALERT"", ""verified"": false, ""proof_type"": ""Bulletproofs"", ""public_bounds"": {""min"": 90, ""max"": 120, ""parameter"": ""systolic_bp""}, ""reason"": ""device reports reading outside range; no range proof was produced""}","{""status"": ""OUT_OF_RANGE"", ""message"": ""Device reported a reading outside the selected range; clinical review is needed.""}",,
10007795,201,,,,,,0.011721399998350535,[],,,,,RuntimeError: Tool get_patient failed: {'error': 'patient not found'},patient,,,,0.007356999998592073,[],,,,,RuntimeError: Tool get_patient failed: {'error': 'patient not found'},patient
10007928,202,,,,,,0.010900799999944866,[],,,,,RuntimeError: Tool get_patient failed: {'error': 'patient not found'},patient,,,,0.010416300001452328,[],,,,,RuntimeError: Tool get_patient failed: {'error': 'patient not found'},patient
10009628,203,,,,,,0.008033300000533927,[],,,,,RuntimeError: Tool get_patient failed: {'error': 'patient not found'},patient,,,,0.00995639999928244,[],,,,,RuntimeError: Tool get_patient failed: {'error': 'patient not found'},patient
10011398,204,,,,,,0.009355000000141445,[],,,,,RuntimeError: Tool get_patient failed: {'error': 'patient not found'},patient,,,,0.008069299999988289,[],,,,,RuntimeError: Tool get_patient failed: {'error': 'patient not found'},patient
10004457,205,,,,,,0.00833760000023176,[],,,,,RuntimeError: Tool get_patient failed: {'error': 'patient not found'},patient,,,,0.00977729999976873,[],,,,,RuntimeError: Tool get_patient failed: {'error': 'patient not found'},patient
10003046,206,,,,,,0.020126200000959216,[],,,,,RuntimeError: Tool get_patient failed: {'error': 'patient not found'},patient,,,,0.009855799999058945,[],,,,,RuntimeError: Tool get_patient failed: {'error': 'patient not found'},patient
10014078,207,,,,,,0.030515999998897314,[],,,,,RuntimeError: Tool get_patient failed: {'error': 'patient not found'},patient,,,,0.030044299999644863,[],,,,,RuntimeError: Tool get_patient failed: {'error': 'patient not found'},patient
10003400,208,,,,,,0.007499699999243603,[],,,,,RuntimeError: Tool get_patient failed: {'error': 'patient not found'},patient,,,,0.006763800000044284,[],,,,,RuntimeError: Tool get_patient failed: {'error': 'patient not found'},patient
10020187,209,,,,,,0.005781400001069414,[],,,,,RuntimeError: Tool get_patient failed: {'error': 'patient not found'},patient,,,,0.007039800000711693,[],,,,,RuntimeError: Tool get_patient failed: {'error': 'patient not found'},patient
10038999,210,,,,,,0.008461499999611988,[],,,,,RuntimeError: Tool get_patient failed: {'error': 'patient not found'},patient,,,,0.007034999998722924,[],,,,,RuntimeError: Tool get_patient failed: {'error': 'patient not found'},patient
10016742,211,,,,,,0.009416200000487152,[],,,,,RuntimeError: Tool get_patient failed: {'error': 'patient not found'},patient,,,,0.008577500000683358,[],,,,,RuntimeError: Tool get_patient failed: {'error': 'patient not found'},patient
